cell_key	cohort	donor_id	condition	flagged
CPT0025110004_ACAAAGAGTCACTGAT-1	A	C3L-00610	Tumor	FALSE
CPT0025110004_ACCCTCAAGCTCTTCC-1	A	C3L-00610	Tumor	FALSE
CPT0025110004_ACTTCGCCAGTAGGAC-1	A	C3L-00610	Tumor	FALSE
CPT0025110004_AGACAAAAGCTGGCCT-1	A	C3L-00610	Tumor	FALSE
CPT0025110004_AGCGTCGCACTGCACG-1	A	C3L-00610	Tumor	TRUE
CPT0025110004_AGTAACCTCACCCATC-1	A	C3L-00610	Tumor	FALSE
CPT0025110004_AGTCAACTCCGATTAG-1	A	C3L-00610	Tumor	FALSE
CPT0025110004_ATGACCACATAGGTTC-1	A	C3L-00610	Tumor	FALSE
CPT0025110004_ATGAGTCCAGAGTCTT-1	A	C3L-00610	Tumor	FALSE
CPT0025110004_CAAGGGAGTGGTACAG-1	A	C3L-00610	Tumor	FALSE
CPT0025110004_CAGGCCAAGGAACGCT-1	A	C3L-00610	Tumor	TRUE
CPT0025110004_CATGGTAGTCATATGC-1	A	C3L-00610	Tumor	FALSE
CPT0025110004_CATTGAGCAGCTGAGA-1	A	C3L-00610	Tumor	FALSE
CPT0025110004_CCACACTAGGGTCAAC-1	A	C3L-00610	Tumor	FALSE
CPT0025110004_CCCTAACAGATAGTCA-1	A	C3L-00610	Tumor	FALSE
CPT0025110004_CCCTCAAGTTCTATCT-1	A	C3L-00610	Tumor	FALSE
CPT0025110004_CCTCTCCCACGCGCTA-1	A	C3L-00610	Tumor	FALSE
CPT0025110004_CGCAGGTAGCGCTGAA-1	A	C3L-00610	Tumor	FALSE
CPT0025110004_CTGAGCGGTGAATTAG-1	A	C3L-00610	Tumor	FALSE
CPT0025110004_GAATCGTTCGCATTAG-1	A	C3L-00610	Tumor	FALSE
CPT0025110004_GACTTCCTCACAAGAA-1	A	C3L-00610	Tumor	FALSE
CPT0025110004_GAGGCAAGTGTACGCC-1	A	C3L-00610	Tumor	FALSE
CPT0025110004_GATGCTAAGGCTTTCA-1	A	C3L-00610	Tumor	FALSE
CPT0025110004_GCATCGGAGTGGTTCT-1	A	C3L-00610	Tumor	FALSE
CPT0025110004_GCCATGGGTAGAGCTG-1	A	C3L-00610	Tumor	FALSE
CPT0025110004_GCGTGCATCTACACAG-1	A	C3L-00610	Tumor	FALSE
CPT0025110004_GTCTACCCATCAGTGT-1	A	C3L-00610	Tumor	FALSE
CPT0025110004_GTTTACTTCACTCGAA-1	A	C3L-00610	Tumor	FALSE
CPT0025110004_TCAATTCTCAGTGTGT-1	A	C3L-00610	Tumor	FALSE
CPT0025110004_TCCATCGTCGGAAGGT-1	A	C3L-00610	Tumor	FALSE
CPT0025110004_TCGTGCTTCAAGTAAG-1	A	C3L-00610	Tumor	FALSE
CPT0025110004_TCTGTCGAGCCTAGGA-1	A	C3L-00610	Tumor	FALSE
CPT0025110004_TGACAGTTCTCATGGA-1	A	C3L-00610	Tumor	FALSE
CPT0025110004_TGACGCGCACATGAAA-1	A	C3L-00610	Tumor	TRUE
CPT0025110004_TGATTCTCATAACCCA-1	A	C3L-00610	Tumor	FALSE
CPT0025110004_TGATTTCCAAACAGGC-1	A	C3L-00610	Tumor	FALSE
CPT0025110004_TGCTTGCGTGATGGCA-1	A	C3L-00610	Tumor	FALSE
CPT0025110004_TGGAGGACAGAAGTGC-1	A	C3L-00610	Tumor	FALSE
CPT0025110004_TGGTACATCGCTAATG-1	A	C3L-00610	Tumor	FALSE
CPT0025110004_TGTAACGGTTCCATTT-1	A	C3L-00610	Tumor	FALSE
CPT0025110004_TGTGAGTCAGTGGGTA-1	A	C3L-00610	Tumor	FALSE
CPT0025110004_TGTTTGTTCACTTCTA-1	A	C3L-00610	Tumor	FALSE
CPT0025110004_TTACAGGTCCAGCACG-1	A	C3L-00610	Tumor	FALSE
CPT0025110004_TTCACCGAGACCTCAT-1	A	C3L-00610	Tumor	FALSE
CPT0025110004_TTCATGTCATGACGTT-1	A	C3L-00610	Tumor	FALSE
CPT0025110004_TTCCGTGCAGGTGGAT-1	A	C3L-00610	Tumor	FALSE
CPT0025110004_TTGACCCTCCAGCTCT-1	A	C3L-00610	Tumor	FALSE
CPT0025110004_TTTACTGAGAGATGCC-1	A	C3L-00610	Tumor	FALSE
CPT0025110004_TTTCATGCATTAAGCC-1	A	C3L-00610	Tumor	FALSE
CPT0065690004_AAACCCATCTGTTCAT-1	A	C3L-00790	Tumor	FALSE
CPT0065690004_AACAAGACAGGATCTT-1	A	C3L-00790	Tumor	FALSE
CPT0065690004_AACAGGGGTAGCTGCC-1	A	C3L-00790	Tumor	TRUE
CPT0065690004_AACCATGCAGCTACCG-1	A	C3L-00790	Tumor	FALSE
CPT0065690004_AACCTGATCAGGTGTT-1	A	C3L-00790	Tumor	FALSE
CPT0065690004_AACCTGATCGCGCCAA-1	A	C3L-00790	Tumor	FALSE
CPT0065690004_AACCTTTTCTAGCCTC-1	A	C3L-00790	Tumor	FALSE
CPT0065690004_AACGGGACAGCTGTCG-1	A	C3L-00790	Tumor	FALSE
CPT0065690004_AACGTCAAGCACTAAA-1	A	C3L-00790	Tumor	FALSE
CPT0065690004_AAGACTCGTTTCGTTT-1	A	C3L-00790	Tumor	FALSE
CPT0065690004_AAGCATCGTTCAGCTA-1	A	C3L-00790	Tumor	FALSE
CPT0065690004_AAGTCGTGTGGCCCAT-1	A	C3L-00790	Tumor	FALSE
CPT0065690004_AAGTCGTTCAACGCTA-1	A	C3L-00790	Tumor	TRUE
CPT0065690004_AAGTTCGAGCCTCTTC-1	A	C3L-00790	Tumor	FALSE
CPT0065690004_AATCACGGTAAGCAAT-1	A	C3L-00790	Tumor	FALSE
CPT0065690004_AATCGACCAGTACTAC-1	A	C3L-00790	Tumor	FALSE
CPT0065690004_AATGCCACAATTTCGG-1	A	C3L-00790	Tumor	FALSE
CPT0065690004_ACACTGAGTTATTCCT-1	A	C3L-00790	Tumor	FALSE
CPT0065690004_ACATCCCGTATGCAAA-1	A	C3L-00790	Tumor	FALSE
CPT0065690004_ACATCGAAGAAATTGC-1	A	C3L-00790	Tumor	FALSE
CPT0065690004_ACATCGAAGTGCACAG-1	A	C3L-00790	Tumor	FALSE
CPT0065690004_ACCCTCAAGAATCGCG-1	A	C3L-00790	Tumor	TRUE
CPT0065690004_ACCCTCACACCACTGG-1	A	C3L-00790	Tumor	FALSE
CPT0065690004_ACCCTTGCACGCGCTA-1	A	C3L-00790	Tumor	FALSE
CPT0065690004_ACGGGTCGTTCGAACT-1	A	C3L-00790	Tumor	FALSE
CPT0065690004_ACGTACAGTGAATTAG-1	A	C3L-00790	Tumor	FALSE
CPT0065690004_ACGTAGTTCCGATAAC-1	A	C3L-00790	Tumor	FALSE
CPT0065690004_ACTATGGCAAAGCTAA-1	A	C3L-00790	Tumor	TRUE
CPT0065690004_ACTCCCATCATCCTGC-1	A	C3L-00790	Tumor	TRUE
CPT0065690004_ACTTTCAAGGACGCAT-1	A	C3L-00790	Tumor	FALSE
CPT0065690004_ACTTTCATCTTCCGTG-1	A	C3L-00790	Tumor	FALSE
CPT0065690004_AGAACAACAGGTTCCG-1	A	C3L-00790	Tumor	FALSE
CPT0065690004_AGACAAAGTACCTGTA-1	A	C3L-00790	Tumor	FALSE
CPT0065690004_AGACACTGTCAACATC-1	A	C3L-00790	Tumor	FALSE
CPT0065690004_AGACCATGTTGGACCC-1	A	C3L-00790	Tumor	FALSE
CPT0065690004_AGAGAATTCCTAAGTG-1	A	C3L-00790	Tumor	FALSE
CPT0065690004_AGCGATTAGAGCACTG-1	A	C3L-00790	Tumor	FALSE
CPT0065690004_AGCGTCGCACAAGCCC-1	A	C3L-00790	Tumor	FALSE
CPT0065690004_AGGAGGTGTTGATCGT-1	A	C3L-00790	Tumor	FALSE
CPT0065690004_AGGCATTTCCACTTCG-1	A	C3L-00790	Tumor	FALSE
CPT0065690004_AGGGAGTTCGTCTCAC-1	A	C3L-00790	Tumor	FALSE
CPT0065690004_AGGGCTCAGTTGGCTT-1	A	C3L-00790	Tumor	TRUE
CPT0065690004_AGGGCTCCACACGTGC-1	A	C3L-00790	Tumor	FALSE
CPT0065690004_AGGGCTCCAGAAACCG-1	A	C3L-00790	Tumor	FALSE
CPT0065690004_AGGGTGACAAATTAGG-1	A	C3L-00790	Tumor	FALSE
CPT0065690004_AGGTAGGGTTAATCGC-1	A	C3L-00790	Tumor	FALSE
CPT0065690004_AGGTGTTCAACCCTAA-1	A	C3L-00790	Tumor	FALSE
CPT0065690004_AGGTTGTTCCAAGCAT-1	A	C3L-00790	Tumor	FALSE
CPT0065690004_AGTAACCAGAAGAGCA-1	A	C3L-00790	Tumor	FALSE
CPT0065690004_AGTCTCCGTAAGGCCA-1	A	C3L-00790	Tumor	FALSE
CPT0065690004_AGTGATCAGAGATCGC-1	A	C3L-00790	Tumor	FALSE
CPT0065690004_AGTTCCCAGCCGAACA-1	A	C3L-00790	Tumor	FALSE
CPT0065690004_ATACCGAAGCGGTATG-1	A	C3L-00790	Tumor	FALSE
CPT0065690004_ATAGGCTGTCGTCTCT-1	A	C3L-00790	Tumor	FALSE
CPT0065690004_ATATCCTCAAAGTGTA-1	A	C3L-00790	Tumor	FALSE
CPT0065690004_ATATCCTGTGGTCTTA-1	A	C3L-00790	Tumor	TRUE
CPT0065690004_ATCACAGCAGATTTCG-1	A	C3L-00790	Tumor	FALSE
CPT0065690004_ATCCACCCAGCGTAGA-1	A	C3L-00790	Tumor	FALSE
CPT0065690004_ATCCCTGGTCCTTGTC-1	A	C3L-00790	Tumor	FALSE
CPT0065690004_ATCCGTCCATATACCG-1	A	C3L-00790	Tumor	FALSE
CPT0065690004_ATCGATGCAGGATGAC-1	A	C3L-00790	Tumor	FALSE
CPT0065690004_ATCGATGCATTAAGCC-1	A	C3L-00790	Tumor	FALSE
CPT0065690004_ATCGCCTCACAGTCCG-1	A	C3L-00790	Tumor	FALSE
CPT0065690004_ATCGCCTTCTGTCCCA-1	A	C3L-00790	Tumor	FALSE
CPT0065690004_ATCGTGAAGGCTCTAT-1	A	C3L-00790	Tumor	FALSE
CPT0065690004_ATGAGGGTCGAGTTGT-1	A	C3L-00790	Tumor	FALSE
CPT0065690004_ATGAGTCAGCTAGAAT-1	A	C3L-00790	Tumor	FALSE
CPT0065690004_ATGAGTCGTTCGGACC-1	A	C3L-00790	Tumor	FALSE
CPT0065690004_ATGAGTCTCAATGTCG-1	A	C3L-00790	Tumor	FALSE
CPT0065690004_ATGCCTCCACTGGAAG-1	A	C3L-00790	Tumor	FALSE
CPT0065690004_ATGGTTGGTGGATGAC-1	A	C3L-00790	Tumor	FALSE
CPT0065690004_ATGTCCCGTCACAGAG-1	A	C3L-00790	Tumor	FALSE
CPT0065690004_ATTACCTAGGTTCCGC-1	A	C3L-00790	Tumor	FALSE
CPT0065690004_ATTACCTGTCTTTATC-1	A	C3L-00790	Tumor	FALSE
CPT0065690004_ATTCTTGCATGTTTGG-1	A	C3L-00790	Tumor	FALSE
CPT0065690004_ATTGTTCGTACGAGTG-1	A	C3L-00790	Tumor	TRUE
CPT0065690004_ATTTCACGTATTCCGA-1	A	C3L-00790	Tumor	FALSE
CPT0065690004_CAACCTCAGGAAGTCC-1	A	C3L-00790	Tumor	FALSE
CPT0065690004_CAAGGGACAAGGGTCA-1	A	C3L-00790	Tumor	FALSE
CPT0065690004_CAATGACTCCTGTAAG-1	A	C3L-00790	Tumor	FALSE
CPT0065690004_CACACAAGTACACGTT-1	A	C3L-00790	Tumor	FALSE
CPT0065690004_CACGAATGTGTAGGAC-1	A	C3L-00790	Tumor	FALSE
CPT0065690004_CACGAATTCCGTTGAA-1	A	C3L-00790	Tumor	FALSE
CPT0065690004_CACGGGTTCGCTGCGA-1	A	C3L-00790	Tumor	FALSE
CPT0065690004_CACTGTCAGCGTATAA-1	A	C3L-00790	Tumor	FALSE
CPT0065690004_CAGATCATCTCGACGG-1	A	C3L-00790	Tumor	FALSE
CPT0065690004_CAGATTGGTCTGTAGT-1	A	C3L-00790	Tumor	FALSE
CPT0065690004_CAGCAATAGTATGCAA-1	A	C3L-00790	Tumor	FALSE
CPT0065690004_CAGCAGCGTTCATCTT-1	A	C3L-00790	Tumor	FALSE
CPT0065690004_CAGCAGCTCTTCGACC-1	A	C3L-00790	Tumor	TRUE
CPT0065690004_CAGCGTGTCGGCACTG-1	A	C3L-00790	Tumor	FALSE
CPT0065690004_CAGGCCACAGCGCTTG-1	A	C3L-00790	Tumor	FALSE
CPT0065690004_CAGGCCAGTATGGTTC-1	A	C3L-00790	Tumor	FALSE
CPT0065690004_CATAAGCGTACGTAGG-1	A	C3L-00790	Tumor	FALSE
CPT0065690004_CATAAGCTCGCCAACG-1	A	C3L-00790	Tumor	TRUE
CPT0065690004_CATACTTTCTCGTTTA-1	A	C3L-00790	Tumor	FALSE
CPT0065690004_CATCAAGAGACCGTTT-1	A	C3L-00790	Tumor	FALSE
CPT0065690004_CATGAGTAGTCAGAGC-1	A	C3L-00790	Tumor	FALSE
CPT0065690004_CATGCCTGTACCTTCC-1	A	C3L-00790	Tumor	FALSE
CPT0065690004_CATTCCGAGCAACAAT-1	A	C3L-00790	Tumor	FALSE
CPT0065690004_CCAAGCGAGTCCGCCA-1	A	C3L-00790	Tumor	FALSE
CPT0065690004_CCAAGCGCAGTTTGGT-1	A	C3L-00790	Tumor	FALSE
CPT0065690004_CCACAAAAGAGGCGTT-1	A	C3L-00790	Tumor	FALSE
CPT0065690004_CCACAAAGTTCTCTAT-1	A	C3L-00790	Tumor	FALSE
CPT0065690004_CCACAAATCCGAACGC-1	A	C3L-00790	Tumor	FALSE
CPT0065690004_CCGCAAGCATCCGAGC-1	A	C3L-00790	Tumor	TRUE
CPT0065690004_CCTAAGACACAAGCAG-1	A	C3L-00790	Tumor	FALSE
CPT0065690004_CCTCAGTTCCGCAAAT-1	A	C3L-00790	Tumor	FALSE
CPT0065690004_CCTCCTCAGGTGGCTA-1	A	C3L-00790	Tumor	FALSE
CPT0065690004_CCTCTAGTCCTATTTG-1	A	C3L-00790	Tumor	FALSE
CPT0065690004_CCTCTAGTCGGTCGAC-1	A	C3L-00790	Tumor	FALSE
CPT0065690004_CCTGTTGTCTCCCATG-1	A	C3L-00790	Tumor	FALSE
CPT0065690004_CCTTCAGGTGTACGCC-1	A	C3L-00790	Tumor	FALSE
CPT0065690004_CGAAGTTCACACAGCC-1	A	C3L-00790	Tumor	FALSE
CPT0065690004_CGCCAGAGTTAGGCTT-1	A	C3L-00790	Tumor	FALSE
CPT0065690004_CGCGTGACAACGCATT-1	A	C3L-00790	Tumor	FALSE
CPT0065690004_CGGCAGTAGTCGCTAT-1	A	C3L-00790	Tumor	FALSE
CPT0065690004_CGGCAGTTCACGGGCT-1	A	C3L-00790	Tumor	FALSE
CPT0065690004_CGGGACTAGCCATCCG-1	A	C3L-00790	Tumor	FALSE
CPT0065690004_CGGGTCAAGCAGCCCT-1	A	C3L-00790	Tumor	FALSE
CPT0065690004_CGGGTCACAATACCCA-1	A	C3L-00790	Tumor	FALSE
CPT0065690004_CGTAATGAGCACTCTA-1	A	C3L-00790	Tumor	FALSE
CPT0065690004_CGTAGTACAGTGTGCC-1	A	C3L-00790	Tumor	FALSE
CPT0065690004_CGTGATACAGGAGGTT-1	A	C3L-00790	Tumor	FALSE
CPT0065690004_CGTTGGGAGGGTCACA-1	A	C3L-00790	Tumor	FALSE
CPT0065690004_CTAACCCTCTTTGGAG-1	A	C3L-00790	Tumor	FALSE
CPT0065690004_CTAACTTGTTGTCCCT-1	A	C3L-00790	Tumor	FALSE
CPT0065690004_CTACAGAGTCGGCACT-1	A	C3L-00790	Tumor	FALSE
CPT0065690004_CTACAGAGTGATAGAT-1	A	C3L-00790	Tumor	FALSE
CPT0065690004_CTACAGATCACGATCA-1	A	C3L-00790	Tumor	FALSE
CPT0065690004_CTACATTTCCCGTGAG-1	A	C3L-00790	Tumor	FALSE
CPT0065690004_CTACGGGAGGCCACCT-1	A	C3L-00790	Tumor	FALSE
CPT0065690004_CTAGACACACCCATAA-1	A	C3L-00790	Tumor	FALSE
CPT0065690004_CTATCCGAGGGAGGTG-1	A	C3L-00790	Tumor	TRUE
CPT0065690004_CTATCCGTCGTAGCCG-1	A	C3L-00790	Tumor	FALSE
CPT0065690004_CTCAACCGTTCGGACC-1	A	C3L-00790	Tumor	FALSE
CPT0065690004_CTCAAGAAGTAATCCC-1	A	C3L-00790	Tumor	FALSE
CPT0065690004_CTCAGGGGTTGGGCCT-1	A	C3L-00790	Tumor	FALSE
CPT0065690004_CTCATCGCAGGGAATC-1	A	C3L-00790	Tumor	FALSE
CPT0065690004_CTCCTCCGTTAGAGAT-1	A	C3L-00790	Tumor	FALSE
CPT0065690004_CTCCTTTCACTGAGGA-1	A	C3L-00790	Tumor	FALSE
CPT0065690004_CTCCTTTTCAAGATAG-1	A	C3L-00790	Tumor	FALSE
CPT0065690004_CTGCCATTCACTGATG-1	A	C3L-00790	Tumor	FALSE
CPT0065690004_CTGCGAGCAGACCCGT-1	A	C3L-00790	Tumor	FALSE
CPT0065690004_CTGCGAGTCGGTCACG-1	A	C3L-00790	Tumor	FALSE
CPT0065690004_CTGGTCTTCCAGTGTA-1	A	C3L-00790	Tumor	FALSE
CPT0065690004_CTGTATTAGTACAGAT-1	A	C3L-00790	Tumor	FALSE
CPT0065690004_CTGTCGTTCGTGCGAC-1	A	C3L-00790	Tumor	FALSE
CPT0065690004_CTGTCGTTCTTCGATT-1	A	C3L-00790	Tumor	FALSE
CPT0065690004_CTGTGAAGTCCACACG-1	A	C3L-00790	Tumor	FALSE
CPT0065690004_CTGTGGGAGGTCGACA-1	A	C3L-00790	Tumor	FALSE
CPT0065690004_CTTACCGAGTCGAGGT-1	A	C3L-00790	Tumor	FALSE
CPT0065690004_CTTAGGAGTCAGGAGT-1	A	C3L-00790	Tumor	FALSE
CPT0065690004_CTTCAATAGTCGCGAA-1	A	C3L-00790	Tumor	TRUE
CPT0065690004_CTTCTAAAGCTGGCCT-1	A	C3L-00790	Tumor	FALSE
CPT0065690004_CTTCTAATCGTGGGTC-1	A	C3L-00790	Tumor	FALSE
CPT0065690004_CTTCTAATCTCCAAGA-1	A	C3L-00790	Tumor	FALSE
CPT0065690004_CTTGATTAGTTCCAGT-1	A	C3L-00790	Tumor	FALSE
CPT0065690004_CTTTCGGGTCCCTAAA-1	A	C3L-00790	Tumor	FALSE
CPT0065690004_CTTTCGGTCCTGCCAT-1	A	C3L-00790	Tumor	TRUE
CPT0065690004_GAAATGACAGAGAATT-1	A	C3L-00790	Tumor	FALSE
CPT0065690004_GAACACTCACGAGAAC-1	A	C3L-00790	Tumor	FALSE
CPT0065690004_GAACGTTTCCCGAGGT-1	A	C3L-00790	Tumor	FALSE
CPT0065690004_GAAGAATAGGCCTGCT-1	A	C3L-00790	Tumor	FALSE
CPT0065690004_GAAGCCCGTCGCGGTT-1	A	C3L-00790	Tumor	FALSE
CPT0065690004_GAAGCCCGTTGTCTAG-1	A	C3L-00790	Tumor	FALSE
CPT0065690004_GAAGGACCAGTTCACA-1	A	C3L-00790	Tumor	FALSE
CPT0065690004_GAAGTAATCCAGCTCT-1	A	C3L-00790	Tumor	FALSE
CPT0065690004_GAATCACAGTACCGGA-1	A	C3L-00790	Tumor	FALSE
CPT0065690004_GACAGCCCAGGTGTTT-1	A	C3L-00790	Tumor	FALSE
CPT0065690004_GACCAATAGTAGTCCT-1	A	C3L-00790	Tumor	FALSE
CPT0065690004_GACCAATTCTCTCTTC-1	A	C3L-00790	Tumor	FALSE
CPT0065690004_GACCGTGCATTGAGGG-1	A	C3L-00790	Tumor	TRUE
CPT0065690004_GACGTTACAACGTATC-1	A	C3L-00790	Tumor	FALSE
CPT0065690004_GACTATGTCTATTTCG-1	A	C3L-00790	Tumor	TRUE
CPT0065690004_GAGACCCTCATTGCCC-1	A	C3L-00790	Tumor	FALSE
CPT0065690004_GAGAGGTAGTATCCTG-1	A	C3L-00790	Tumor	FALSE
CPT0065690004_GAGATGGCAAGGATGC-1	A	C3L-00790	Tumor	TRUE
CPT0065690004_GAGGCAAGTGGAACAC-1	A	C3L-00790	Tumor	FALSE
CPT0065690004_GAGGGATGTCCTCAGG-1	A	C3L-00790	Tumor	FALSE
CPT0065690004_GAGGGATTCCTGTAAG-1	A	C3L-00790	Tumor	FALSE
CPT0065690004_GAGGGTAAGCGAGTCA-1	A	C3L-00790	Tumor	FALSE
CPT0065690004_GAGGGTACATCGTCCT-1	A	C3L-00790	Tumor	FALSE
CPT0065690004_GAGTTACTCTGAATCG-1	A	C3L-00790	Tumor	TRUE
CPT0065690004_GATAGAATCCCTCGTA-1	A	C3L-00790	Tumor	FALSE
CPT0065690004_GATAGCTAGACCATGG-1	A	C3L-00790	Tumor	FALSE
CPT0065690004_GATAGCTGTGACACAG-1	A	C3L-00790	Tumor	FALSE
CPT0065690004_GATGACTCAACTCGAT-1	A	C3L-00790	Tumor	FALSE
CPT0065690004_GATGTTGCAACGAGGT-1	A	C3L-00790	Tumor	FALSE
CPT0065690004_GATGTTGGTCTGATAC-1	A	C3L-00790	Tumor	FALSE
CPT0065690004_GATGTTGTCAAGCGTT-1	A	C3L-00790	Tumor	FALSE
CPT0065690004_GATTTCTCACCCAATA-1	A	C3L-00790	Tumor	FALSE
CPT0065690004_GCAACATGTGGTTTAC-1	A	C3L-00790	Tumor	FALSE
CPT0065690004_GCATCTCAGTGCCAGA-1	A	C3L-00790	Tumor	FALSE
CPT0065690004_GCCAGCAAGTACGAGC-1	A	C3L-00790	Tumor	TRUE
CPT0065690004_GCCAGCAGTCACAGAG-1	A	C3L-00790	Tumor	FALSE
CPT0065690004_GCGAGAATCAACGCTA-1	A	C3L-00790	Tumor	FALSE
CPT0065690004_GCGATCGGTCCTACAA-1	A	C3L-00790	Tumor	FALSE
CPT0065690004_GCTACCTAGGAACATT-1	A	C3L-00790	Tumor	FALSE
CPT0065690004_GCTGAATGTAGCACGA-1	A	C3L-00790	Tumor	FALSE
CPT0065690004_GCTTCACGTCCAAGAG-1	A	C3L-00790	Tumor	FALSE
CPT0065690004_GGAATGGCAACTGCCG-1	A	C3L-00790	Tumor	TRUE
CPT0065690004_GGACGTCAGCATACTC-1	A	C3L-00790	Tumor	FALSE
CPT0065690004_GGAGATGGTAGGCAAC-1	A	C3L-00790	Tumor	FALSE
CPT0065690004_GGAGGTACAAATTAGG-1	A	C3L-00790	Tumor	TRUE
CPT0065690004_GGGATCCAGGTCATCT-1	A	C3L-00790	Tumor	FALSE
CPT0065690004_GGGCCATAGAGTGGCT-1	A	C3L-00790	Tumor	FALSE
CPT0065690004_GGGCTACCACAACCGC-1	A	C3L-00790	Tumor	FALSE
CPT0065690004_GGGCTCAAGAGGCGTT-1	A	C3L-00790	Tumor	TRUE
CPT0065690004_GGGTAGATCGACCCAG-1	A	C3L-00790	Tumor	FALSE
CPT0065690004_GGGTCTGCACCAAAGG-1	A	C3L-00790	Tumor	FALSE
CPT0065690004_GGGTCTGCATGTGTCA-1	A	C3L-00790	Tumor	FALSE
CPT0065690004_GGTAACTAGCAGGCTA-1	A	C3L-00790	Tumor	FALSE
CPT0065690004_GGTAGAGCAGAATGTA-1	A	C3L-00790	Tumor	FALSE
CPT0065690004_GGTTCTCGTGTGTTTG-1	A	C3L-00790	Tumor	FALSE
CPT0065690004_GTAATGCAGAATGTTG-1	A	C3L-00790	Tumor	FALSE
CPT0065690004_GTCAAACTCCGAGTGC-1	A	C3L-00790	Tumor	FALSE
CPT0065690004_GTCACTCAGATCCAAA-1	A	C3L-00790	Tumor	TRUE
CPT0065690004_GTCCACTGTATGTCCA-1	A	C3L-00790	Tumor	FALSE
CPT0065690004_GTCCACTGTGGCTTGC-1	A	C3L-00790	Tumor	FALSE
CPT0065690004_GTCGCGAAGTTCCTGA-1	A	C3L-00790	Tumor	FALSE
CPT0065690004_GTCGCGACATGGGTCC-1	A	C3L-00790	Tumor	FALSE
CPT0065690004_GTCTACCGTGGGACAT-1	A	C3L-00790	Tumor	FALSE
CPT0065690004_GTCTGTCGTAACAGGC-1	A	C3L-00790	Tumor	FALSE
CPT0065690004_GTGACGCCACTGCATA-1	A	C3L-00790	Tumor	FALSE
CPT0065690004_GTGAGTTAGTCATACC-1	A	C3L-00790	Tumor	FALSE
CPT0065690004_GTGCAGCAGCAGTAAT-1	A	C3L-00790	Tumor	TRUE
CPT0065690004_GTGCAGCGTGGTCCGT-1	A	C3L-00790	Tumor	FALSE
CPT0065690004_GTGGAAGCAACGTTAC-1	A	C3L-00790	Tumor	FALSE
CPT0065690004_GTGGAAGCAGCTGAAG-1	A	C3L-00790	Tumor	FALSE
CPT0065690004_GTTAGTGCACGGTGCT-1	A	C3L-00790	Tumor	FALSE
CPT0065690004_GTTAGTGGTTAGCGGA-1	A	C3L-00790	Tumor	FALSE
CPT0065690004_GTTCATTAGTCACGCC-1	A	C3L-00790	Tumor	FALSE
CPT0065690004_GTTCTATAGCTGACAG-1	A	C3L-00790	Tumor	FALSE
CPT0065690004_GTTGCTCTCAAACCCA-1	A	C3L-00790	Tumor	FALSE
CPT0065690004_GTTTGGAGTTTACGTG-1	A	C3L-00790	Tumor	FALSE
CPT0065690004_TAACCAGCACACTGGC-1	A	C3L-00790	Tumor	FALSE
CPT0065690004_TAACTTCCAACCACAT-1	A	C3L-00790	Tumor	FALSE
CPT0065690004_TAAGCACAGATACATG-1	A	C3L-00790	Tumor	FALSE
CPT0065690004_TAATCTCTCTTCCACG-1	A	C3L-00790	Tumor	FALSE
CPT0065690004_TACACCCAGGATCATA-1	A	C3L-00790	Tumor	FALSE
CPT0065690004_TACCCGTAGCTTAAGA-1	A	C3L-00790	Tumor	FALSE
CPT0065690004_TACCGGGGTTTCACAG-1	A	C3L-00790	Tumor	FALSE
CPT0065690004_TACGGGCAGCCGAATG-1	A	C3L-00790	Tumor	FALSE
CPT0065690004_TACGGTACAGCTGAGA-1	A	C3L-00790	Tumor	FALSE
CPT0065690004_TACGTCCGTAGGTTTC-1	A	C3L-00790	Tumor	FALSE
CPT0065690004_TACGTCCGTGTCATCA-1	A	C3L-00790	Tumor	FALSE
CPT0065690004_TACTTCAAGGATGAGA-1	A	C3L-00790	Tumor	TRUE
CPT0065690004_TACTTCACAATAGTGA-1	A	C3L-00790	Tumor	FALSE
CPT0065690004_TACTTGTTCTCTGAGA-1	A	C3L-00790	Tumor	FALSE
CPT0065690004_TAGACCATCGTGCATA-1	A	C3L-00790	Tumor	FALSE
CPT0065690004_TAGAGTCAGACGGTTG-1	A	C3L-00790	Tumor	TRUE
CPT0065690004_TAGAGTCTCCGCTAGG-1	A	C3L-00790	Tumor	TRUE
CPT0065690004_TAGGTTGAGGCTATCT-1	A	C3L-00790	Tumor	FALSE
CPT0065690004_TATATCCCAAAGGAGA-1	A	C3L-00790	Tumor	FALSE
CPT0065690004_TATCCTATCGCGTTTC-1	A	C3L-00790	Tumor	FALSE
CPT0065690004_TATTTCGAGCCGGAAT-1	A	C3L-00790	Tumor	FALSE
CPT0065690004_TATTTCGCATGGGTCC-1	A	C3L-00790	Tumor	TRUE
CPT0065690004_TCAATTCCAGAGTCAG-1	A	C3L-00790	Tumor	FALSE
CPT0065690004_TCACAAGAGATACCAA-1	A	C3L-00790	Tumor	FALSE
CPT0065690004_TCACGCTGTCGCCTAG-1	A	C3L-00790	Tumor	FALSE
CPT0065690004_TCAGTCCTCCAATCCC-1	A	C3L-00790	Tumor	TRUE
CPT0065690004_TCATGCCAGGCGAAGG-1	A	C3L-00790	Tumor	FALSE
CPT0065690004_TCCAGAAGTCTAGATC-1	A	C3L-00790	Tumor	FALSE
CPT0065690004_TCGACCTGTGTGCTTA-1	A	C3L-00790	Tumor	FALSE
CPT0065690004_TCGGTCTTCACTGTCC-1	A	C3L-00790	Tumor	FALSE
CPT0065690004_TCTCACGAGAAGAGCA-1	A	C3L-00790	Tumor	FALSE
CPT0065690004_TCTCAGCCAAGTATAG-1	A	C3L-00790	Tumor	FALSE
CPT0065690004_TCTCTGGAGCTGAAAT-1	A	C3L-00790	Tumor	FALSE
CPT0065690004_TCTGGCTCACGGTCTG-1	A	C3L-00790	Tumor	FALSE
CPT0065690004_TCTTAGTGTCTTCATT-1	A	C3L-00790	Tumor	FALSE
CPT0065690004_TCTTGCGAGGTTATAG-1	A	C3L-00790	Tumor	FALSE
CPT0065690004_TCTTTGAAGATTCGAA-1	A	C3L-00790	Tumor	FALSE
CPT0065690004_TGAACGTGTTAGAGAT-1	A	C3L-00790	Tumor	FALSE
CPT0065690004_TGAATGCCAGTGCGCT-1	A	C3L-00790	Tumor	FALSE
CPT0065690004_TGAGACTCACAAATGA-1	A	C3L-00790	Tumor	FALSE
CPT0065690004_TGAGCGCCAGCATGCC-1	A	C3L-00790	Tumor	FALSE
CPT0065690004_TGAGGAGTCATGCTAG-1	A	C3L-00790	Tumor	FALSE
CPT0065690004_TGATCAGCAACTGAAA-1	A	C3L-00790	Tumor	FALSE
CPT0065690004_TGATTCTAGTCGCCCA-1	A	C3L-00790	Tumor	FALSE
CPT0065690004_TGATTTCAGCGACATG-1	A	C3L-00790	Tumor	FALSE
CPT0065690004_TGATTTCAGCTGTACT-1	A	C3L-00790	Tumor	FALSE
CPT0065690004_TGCACGGGTGTTCATG-1	A	C3L-00790	Tumor	FALSE
CPT0065690004_TGCAGATCAACTGATC-1	A	C3L-00790	Tumor	FALSE
CPT0065690004_TGCAGATTCTCGTCAC-1	A	C3L-00790	Tumor	FALSE
CPT0065690004_TGCAGTAGTGCGACAA-1	A	C3L-00790	Tumor	FALSE
CPT0065690004_TGCGGGTGTAGCGTCC-1	A	C3L-00790	Tumor	FALSE
CPT0065690004_TGCTCGTTCACTCGAA-1	A	C3L-00790	Tumor	FALSE
CPT0065690004_TGCTGAAGTCACAATC-1	A	C3L-00790	Tumor	FALSE
CPT0065690004_TGCTTCGAGACCCTTA-1	A	C3L-00790	Tumor	FALSE
CPT0065690004_TGGTAGTAGTGCAGGT-1	A	C3L-00790	Tumor	FALSE
CPT0065690004_TGGTTAGCATACACCA-1	A	C3L-00790	Tumor	FALSE
CPT0065690004_TGTACAGTCTTCCTAA-1	A	C3L-00790	Tumor	FALSE
CPT0065690004_TGTCCCAAGACTCCGC-1	A	C3L-00790	Tumor	FALSE
CPT0065690004_TGTCCCAAGTAAGAGG-1	A	C3L-00790	Tumor	FALSE
CPT0065690004_TGTCCTGGTGAATATG-1	A	C3L-00790	Tumor	TRUE
CPT0065690004_TGTGGCGTCCTGCCAT-1	A	C3L-00790	Tumor	FALSE
CPT0065690004_TGTTACTTCTGTACAG-1	A	C3L-00790	Tumor	FALSE
CPT0065690004_TGTTTGTCAGTTGTCA-1	A	C3L-00790	Tumor	FALSE
CPT0065690004_TTACCGCTCCTGTACC-1	A	C3L-00790	Tumor	TRUE
CPT0065690004_TTAGGGTAGAGCATTA-1	A	C3L-00790	Tumor	FALSE
CPT0065690004_TTAGTCTAGGGCAGAG-1	A	C3L-00790	Tumor	TRUE
CPT0065690004_TTCACCGGTGTAAACA-1	A	C3L-00790	Tumor	FALSE
CPT0065690004_TTCTAGTCAGGCTCTG-1	A	C3L-00790	Tumor	FALSE
CPT0065690004_TTGAACGAGCTGAGCA-1	A	C3L-00790	Tumor	FALSE
CPT0065690004_TTGAGTGGTAGGGTAC-1	A	C3L-00790	Tumor	FALSE
CPT0065690004_TTGCCTGAGGCTCCCA-1	A	C3L-00790	Tumor	FALSE
CPT0065690004_TTGCCTGGTGTGAGCA-1	A	C3L-00790	Tumor	FALSE
CPT0065690004_TTGTTCATCCATGCAA-1	A	C3L-00790	Tumor	FALSE
CPT0065690004_TTTCGATCAGACTCTA-1	A	C3L-00790	Tumor	TRUE
CPT0014470002_AAAGGATTCTAGACCA-1	A	C3N-00242	Adjacent	TRUE
CPT0014470002_AACACACTCTCGTGGG-1	A	C3N-00242	Adjacent	FALSE
CPT0014470002_AACCACAAGTAAACAC-1	A	C3N-00242	Adjacent	FALSE
CPT0014470002_AACCTTTCAGAGTTCT-1	A	C3N-00242	Adjacent	TRUE
CPT0014470002_AACGTCATCAACCTTT-1	A	C3N-00242	Adjacent	FALSE
CPT0014470002_AAGTTCGGTCATCGGC-1	A	C3N-00242	Adjacent	TRUE
CPT0014470002_AATGACCCAATCTCTT-1	A	C3N-00242	Adjacent	FALSE
CPT0014470002_ACCAACATCAGCATTG-1	A	C3N-00242	Adjacent	TRUE
CPT0014470002_ACGATGTGTAGCTGCC-1	A	C3N-00242	Adjacent	FALSE
CPT0014470002_ACGTTCCAGAGGTCAC-1	A	C3N-00242	Adjacent	FALSE
CPT0014470002_AGGATCTAGCTGAGTG-1	A	C3N-00242	Adjacent	FALSE
CPT0014470002_AGGGCCTGTGTTCGAT-1	A	C3N-00242	Adjacent	FALSE
CPT0014470002_AGTCAACAGCCTAGGA-1	A	C3N-00242	Adjacent	FALSE
CPT0014470002_ATCACAGCATAGTCGT-1	A	C3N-00242	Adjacent	FALSE
CPT0014470002_ATCTCTAGTGCATCTA-1	A	C3N-00242	Adjacent	TRUE
CPT0014470002_ATGCGATTCCACCTCA-1	A	C3N-00242	Adjacent	FALSE
CPT0014470002_ATGGAGGAGTTTGGCT-1	A	C3N-00242	Adjacent	FALSE
CPT0014470002_ATTACTCGTTGCTCGG-1	A	C3N-00242	Adjacent	FALSE
CPT0014470002_CAACAACCAATCGTCA-1	A	C3N-00242	Adjacent	TRUE
CPT0014470002_CAAGCTATCGATACAC-1	A	C3N-00242	Adjacent	TRUE
CPT0014470002_CACAACAAGGCTATCT-1	A	C3N-00242	Adjacent	FALSE
CPT0014470002_CAGAGCCGTGGACAGT-1	A	C3N-00242	Adjacent	FALSE
CPT0014470002_CAGGGCTTCTTTGATC-1	A	C3N-00242	Adjacent	FALSE
CPT0014470002_CAGTTAGTCTTAGCAG-1	A	C3N-00242	Adjacent	FALSE
CPT0014470002_CATCGTCTCGAATCCA-1	A	C3N-00242	Adjacent	FALSE
CPT0014470002_CATTGAGAGTAAACTG-1	A	C3N-00242	Adjacent	FALSE
CPT0014470002_CCACTTGGTTCAGCGC-1	A	C3N-00242	Adjacent	FALSE
CPT0014470002_CCATAAGGTTGCATGT-1	A	C3N-00242	Adjacent	FALSE
CPT0014470002_CCGAACGTCGCAACAT-1	A	C3N-00242	Adjacent	FALSE
CPT0014470002_CCGTTCACAAGTGCTT-1	A	C3N-00242	Adjacent	FALSE
CPT0014470002_CCTCCTCAGACATAGT-1	A	C3N-00242	Adjacent	FALSE
CPT0014470002_CGAATTGTCGACGAGA-1	A	C3N-00242	Adjacent	FALSE
CPT0014470002_CGAGGAAAGGAAAGTG-1	A	C3N-00242	Adjacent	FALSE
CPT0014470002_CGTCCATAGAAGTCAT-1	A	C3N-00242	Adjacent	TRUE
CPT0014470002_CGTTCTGGTCTCCCTA-1	A	C3N-00242	Adjacent	TRUE
CPT0014470002_CTAGGTAAGCCACCGT-1	A	C3N-00242	Adjacent	FALSE
CPT0014470002_CTATAGGGTATGGGAC-1	A	C3N-00242	Adjacent	FALSE
CPT0014470002_CTCACTGAGAGTAACT-1	A	C3N-00242	Adjacent	FALSE
CPT0014470002_CTGCCTACATCATTGG-1	A	C3N-00242	Adjacent	FALSE
CPT0014470002_CTGTAGAGTCGACTGC-1	A	C3N-00242	Adjacent	TRUE
CPT0014470002_CTTCAATGTTCGTAAC-1	A	C3N-00242	Adjacent	FALSE
CPT0014470002_GAACACTCATTCACCC-1	A	C3N-00242	Adjacent	TRUE
CPT0014470002_GAACTGTTCTCTCTAA-1	A	C3N-00242	Adjacent	FALSE
CPT0014470002_GACAGCCAGCACTGGA-1	A	C3N-00242	Adjacent	FALSE
CPT0014470002_GACATCATCTGTTGGA-1	A	C3N-00242	Adjacent	TRUE
CPT0014470002_GAGAAATTCAGTCCGG-1	A	C3N-00242	Adjacent	FALSE
CPT0014470002_GAGATGGAGATTGGGC-1	A	C3N-00242	Adjacent	FALSE
CPT0014470002_GAGTGAGAGAGGCGGA-1	A	C3N-00242	Adjacent	TRUE
CPT0014470002_GATGATCGTCCTGGGT-1	A	C3N-00242	Adjacent	FALSE
CPT0014470002_GATTTCTAGTGGCCTC-1	A	C3N-00242	Adjacent	FALSE
CPT0014470002_GCAACATGTTGCATGT-1	A	C3N-00242	Adjacent	TRUE
CPT0014470002_GCCATTCCACCTTCGT-1	A	C3N-00242	Adjacent	FALSE
CPT0014470002_GGATCTAAGCGTTACT-1	A	C3N-00242	Adjacent	FALSE
CPT0014470002_GGATCTAAGTTGAAGT-1	A	C3N-00242	Adjacent	FALSE
CPT0014470002_GGATGTTAGGTAGGCT-1	A	C3N-00242	Adjacent	FALSE
CPT0014470002_GGGATCCAGCACACCC-1	A	C3N-00242	Adjacent	FALSE
CPT0014470002_GGGCCATCACCCTATC-1	A	C3N-00242	Adjacent	FALSE
CPT0014470002_GGGTGAAGTATCTCGA-1	A	C3N-00242	Adjacent	FALSE
CPT0014470002_GTAGATCTCCTACACC-1	A	C3N-00242	Adjacent	FALSE
CPT0014470002_GTAGCTAAGCGTGCCT-1	A	C3N-00242	Adjacent	FALSE
CPT0014470002_GTATTGGAGGATTTAG-1	A	C3N-00242	Adjacent	FALSE
CPT0014470002_GTCAAACCACTGGCGT-1	A	C3N-00242	Adjacent	FALSE
CPT0014470002_GTCCACTAGCAAATCA-1	A	C3N-00242	Adjacent	TRUE
CPT0014470002_GTCGAATGTCACCGAC-1	A	C3N-00242	Adjacent	FALSE
CPT0014470002_GTCTACCCAGCCATTA-1	A	C3N-00242	Adjacent	FALSE
CPT0014470002_GTGAGGAAGTCTCCTC-1	A	C3N-00242	Adjacent	TRUE
CPT0014470002_GTGAGGAAGTGCACCC-1	A	C3N-00242	Adjacent	FALSE
CPT0014470002_GTTCATTGTCAGGAGT-1	A	C3N-00242	Adjacent	FALSE
CPT0014470002_TAACACGCATCGAACT-1	A	C3N-00242	Adjacent	FALSE
CPT0014470002_TACGGTAGTAGCTTAC-1	A	C3N-00242	Adjacent	FALSE
CPT0014470002_TACGTCCCATCTATCT-1	A	C3N-00242	Adjacent	FALSE
CPT0014470002_TACTTACTCCGGCTTT-1	A	C3N-00242	Adjacent	FALSE
CPT0014470002_TAGACCACACGTAGTT-1	A	C3N-00242	Adjacent	FALSE
CPT0014470002_TATCCTATCATCGTAG-1	A	C3N-00242	Adjacent	FALSE
CPT0014470002_TCACTCGTCATCTACT-1	A	C3N-00242	Adjacent	FALSE
CPT0014470002_TCATACTTCATCTACT-1	A	C3N-00242	Adjacent	FALSE
CPT0014470002_TCATCATCAGGAATAT-1	A	C3N-00242	Adjacent	FALSE
CPT0014470002_TCATCATTCACACGAT-1	A	C3N-00242	Adjacent	FALSE
CPT0014470002_TCCCACATCATCACAG-1	A	C3N-00242	Adjacent	FALSE
CPT0014470002_TCCGAAACAACGTTAC-1	A	C3N-00242	Adjacent	FALSE
CPT0014470002_TCCTTCTTCTGTGCAA-1	A	C3N-00242	Adjacent	TRUE
CPT0014470002_TCGAAGTAGGTTGTTC-1	A	C3N-00242	Adjacent	TRUE
CPT0014470002_TCGGGACAGCATCGAG-1	A	C3N-00242	Adjacent	FALSE
CPT0014470002_TCGTCCAGTATACAGA-1	A	C3N-00242	Adjacent	FALSE
CPT0014470002_TCGTCCATCACATTGG-1	A	C3N-00242	Adjacent	FALSE
CPT0014470002_TCTAACTTCTTCCACG-1	A	C3N-00242	Adjacent	FALSE
CPT0014470002_TCTCTGGTCAAAGGAT-1	A	C3N-00242	Adjacent	FALSE
CPT0014470002_TCTTCCTCACGTGAGA-1	A	C3N-00242	Adjacent	FALSE
CPT0014470002_TGAGGTTAGGTCATTC-1	A	C3N-00242	Adjacent	FALSE
CPT0014470002_TGATCAGTCCCTCGAT-1	A	C3N-00242	Adjacent	FALSE
CPT0014470002_TGCTGAACACGCGTCA-1	A	C3N-00242	Adjacent	FALSE
CPT0014470002_TGCTTGCAGGCGTTGA-1	A	C3N-00242	Adjacent	FALSE
CPT0014470002_TGGTGATCATATGCGT-1	A	C3N-00242	Adjacent	FALSE
CPT0014470002_TTACGTTTCAGTGATC-1	A	C3N-00242	Adjacent	FALSE
CPT0014470002_TTCACGCTCTGTACAG-1	A	C3N-00242	Adjacent	FALSE
CPT0014470002_TTCATTGAGAAACCAT-1	A	C3N-00242	Adjacent	FALSE
CPT0014470002_TTCCTAAGTAGTCTGT-1	A	C3N-00242	Adjacent	FALSE
CPT0014470002_TTCCTCTTCGACATCA-1	A	C3N-00242	Adjacent	FALSE
CPT0014470002_TTCGCTGTCGAAATCC-1	A	C3N-00242	Adjacent	FALSE
CPT0014470002_TTGACCCAGGTTCAGG-1	A	C3N-00242	Adjacent	FALSE
CPT0014470002_TTGCATTAGAACGTGC-1	A	C3N-00242	Adjacent	FALSE
CPT0014470002_TTGCATTCATATCTGG-1	A	C3N-00242	Adjacent	FALSE
CPT0014470002_TTGCTGCTCCCTCAAC-1	A	C3N-00242	Adjacent	FALSE
CPT0014470002_TTGTGGATCGCTACGG-1	A	C3N-00242	Adjacent	FALSE
CPT0014450005_ATCCATTAGCCTTGAT-1	A	C3N-00242	Tumor	FALSE
CPT0014450005_CACTGTCTCCTAGCGG-1	A	C3N-00242	Tumor	FALSE
CPT0014450005_CATCGGGTCCGGCAAC-1	A	C3N-00242	Tumor	TRUE
CPT0014450005_CGTGCTTGTCCTCATC-1	A	C3N-00242	Tumor	FALSE
CPT0014450005_CTACATTCAGACAAAT-1	A	C3N-00242	Tumor	FALSE
CPT0014450005_GAGAGGTCAACTTGGT-1	A	C3N-00242	Tumor	FALSE
CPT0014450005_GCATTAGGTTCTCCTG-1	A	C3N-00242	Tumor	FALSE
CPT0014450005_GTATTGGAGGCAGTCA-1	A	C3N-00242	Tumor	FALSE
CPT0014450005_TAATCTCGTTACGATC-1	A	C3N-00242	Tumor	FALSE
CPT0025880013_AACCAACTCACTGTCC-1	A	C3N-00733	Tumor	FALSE
CPT0025880013_AACCACATCCACGTCT-1	A	C3N-00733	Tumor	FALSE
CPT0025880013_AACCACATCCCATGGG-1	A	C3N-00733	Tumor	FALSE
CPT0025880013_AATTTCCAGTTGAATG-1	A	C3N-00733	Tumor	TRUE
CPT0025880013_ACAAGCTTCAAATAGG-1	A	C3N-00733	Tumor	TRUE
CPT0025880013_ACCTGTCCACTGCACG-1	A	C3N-00733	Tumor	FALSE
CPT0025880013_ACGATCAAGGTGAGAA-1	A	C3N-00733	Tumor	FALSE
CPT0025880013_ACGATGTTCTACGGGC-1	A	C3N-00733	Tumor	TRUE
CPT0025880013_ACGCACGGTCCTGGGT-1	A	C3N-00733	Tumor	FALSE
CPT0025880013_ACGGTCGTCTCGTTTA-1	A	C3N-00733	Tumor	FALSE
CPT0025880013_ACTATTCTCTGTCGTC-1	A	C3N-00733	Tumor	FALSE
CPT0025880013_ACTGATGAGCGATGCA-1	A	C3N-00733	Tumor	TRUE
CPT0025880013_AGGAGGTTCTCAGTCC-1	A	C3N-00733	Tumor	TRUE
CPT0025880013_AGGTTACGTCACATTG-1	A	C3N-00733	Tumor	TRUE
CPT0025880013_AGTGATCTCTTGATTC-1	A	C3N-00733	Tumor	TRUE
CPT0025880013_ATCACTTTCGCTAATG-1	A	C3N-00733	Tumor	TRUE
CPT0025880013_ATCCTATAGCGCTGCT-1	A	C3N-00733	Tumor	FALSE
CPT0025880013_ATGCCTCGTGCCCACA-1	A	C3N-00733	Tumor	FALSE
CPT0025880013_ATGGGAGGTCATAAAG-1	A	C3N-00733	Tumor	FALSE
CPT0025880013_ATTCCATCATTGCTGA-1	A	C3N-00733	Tumor	TRUE
CPT0025880013_ATTCTACCAGCGTTTA-1	A	C3N-00733	Tumor	TRUE
CPT0025880013_CACATGAAGAATCCCT-1	A	C3N-00733	Tumor	TRUE
CPT0025880013_CACCGTTGTATCGCAT-1	A	C3N-00733	Tumor	FALSE
CPT0025880013_CAGCCAGGTTGCGTAT-1	A	C3N-00733	Tumor	TRUE
CPT0025880013_CAGGCCACAGGTGTGA-1	A	C3N-00733	Tumor	FALSE
CPT0025880013_CATCAAGCAAATTGCC-1	A	C3N-00733	Tumor	FALSE
CPT0025880013_CATTCCGTCACTTGTT-1	A	C3N-00733	Tumor	TRUE
CPT0025880013_CCCTGATAGAGCCATG-1	A	C3N-00733	Tumor	TRUE
CPT0025880013_CCCTTAGTCGAAGAAT-1	A	C3N-00733	Tumor	FALSE
CPT0025880013_CCTACGTCACGTGAGA-1	A	C3N-00733	Tumor	FALSE
CPT0025880013_CCTCTAGTCGAGGCAA-1	A	C3N-00733	Tumor	FALSE
CPT0025880013_CCTCTCCTCCACCCTA-1	A	C3N-00733	Tumor	FALSE
CPT0025880013_CCTTCAGCATAGTCAC-1	A	C3N-00733	Tumor	TRUE
CPT0025880013_CGAAGGAGTCACATTG-1	A	C3N-00733	Tumor	FALSE
CPT0025880013_CGGTCAGCAGTTCCAA-1	A	C3N-00733	Tumor	TRUE
CPT0025880013_CTAACCCGTCAAACGG-1	A	C3N-00733	Tumor	TRUE
CPT0025880013_CTCATTAAGACGCATG-1	A	C3N-00733	Tumor	FALSE
CPT0025880013_CTGCAGGGTTCGGCTG-1	A	C3N-00733	Tumor	FALSE
CPT0025880013_CTGTACCGTGGCACTC-1	A	C3N-00733	Tumor	FALSE
CPT0025880013_CTTCCTTTCTGTCCGT-1	A	C3N-00733	Tumor	FALSE
CPT0025880013_CTTCTAAAGTTGCTCA-1	A	C3N-00733	Tumor	FALSE
CPT0025880013_CTTTCGGTCCTATGGA-1	A	C3N-00733	Tumor	TRUE
CPT0025880013_GAAACCTAGAAACACT-1	A	C3N-00733	Tumor	FALSE
CPT0025880013_GAGTCTATCTCACTCG-1	A	C3N-00733	Tumor	TRUE
CPT0025880013_GCAGCCATCTATCCAT-1	A	C3N-00733	Tumor	FALSE
CPT0025880013_GCTGGGTGTGTAACGG-1	A	C3N-00733	Tumor	FALSE
CPT0025880013_GGCACGTGTATATGGA-1	A	C3N-00733	Tumor	FALSE
CPT0025880013_GGCAGTCCAGAGCGTA-1	A	C3N-00733	Tumor	TRUE
CPT0025880013_GGCGTCACAACTCGAT-1	A	C3N-00733	Tumor	FALSE
CPT0025880013_GGGTCACTCACCTACC-1	A	C3N-00733	Tumor	TRUE
CPT0025880013_GGTAATCAGGCTTAGG-1	A	C3N-00733	Tumor	FALSE
CPT0025880013_GTACAACCATTCCTAT-1	A	C3N-00733	Tumor	TRUE
CPT0025880013_GTCATTTCAACCACGC-1	A	C3N-00733	Tumor	TRUE
CPT0025880013_GTCTCACAGGCATGCA-1	A	C3N-00733	Tumor	TRUE
CPT0025880013_GTGTGATCAAAGCACG-1	A	C3N-00733	Tumor	TRUE
CPT0025880013_GTTCGCTCACTTCTCG-1	A	C3N-00733	Tumor	FALSE
CPT0025880013_TACCCACCAGGTGACA-1	A	C3N-00733	Tumor	FALSE
CPT0025880013_TACTTGTCACCTCTAC-1	A	C3N-00733	Tumor	TRUE
CPT0025880013_TCACATTGTCACTTCC-1	A	C3N-00733	Tumor	FALSE
CPT0025880013_TCATACTAGTTCCTGA-1	A	C3N-00733	Tumor	FALSE
CPT0025880013_TCATTACCATTGACAC-1	A	C3N-00733	Tumor	FALSE
CPT0025880013_TCGGATACAACCTATG-1	A	C3N-00733	Tumor	FALSE
CPT0025880013_TCTACATAGTGCGACA-1	A	C3N-00733	Tumor	TRUE
CPT0025880013_TGATTTCAGCTGACTT-1	A	C3N-00733	Tumor	FALSE
CPT0025880013_TGCACGGTCAGACTGT-1	A	C3N-00733	Tumor	FALSE
CPT0025880013_TGCGATATCGTCTCAC-1	A	C3N-00733	Tumor	FALSE
CPT0025880013_TGGTACACAAGAGTTA-1	A	C3N-00733	Tumor	TRUE
CPT0025880013_TTACCGCCAGGCATTT-1	A	C3N-00733	Tumor	FALSE
CPT0025880013_TTATTGCCAGACCAGA-1	A	C3N-00733	Tumor	FALSE
CPT0025880013_TTCACGCGTTCAGTAC-1	A	C3N-00733	Tumor	TRUE
CPT0025880013_TTCTAACTCTAGACCA-1	A	C3N-00733	Tumor	TRUE
CPT0025880013_TTGACCCCAACCGCCA-1	A	C3N-00733	Tumor	FALSE
CPT0025880013_TTTATGCGTTCCGCGA-1	A	C3N-00733	Tumor	FALSE
CPT0025880013_TTTCCTCGTAAGCGGT-1	A	C3N-00733	Tumor	TRUE
CPT0025880013_TTTGACTGTTCGGACC-1	A	C3N-00733	Tumor	TRUE
CPT0075170013_AATGACCGTGTGTGGA-1	A	C3N-01200	Adjacent	FALSE
CPT0075170013_CAGCAGCTCGTAGTGT-1	A	C3N-01200	Adjacent	FALSE
CPT0075170013_CCAATTTGTAGCGCCT-1	A	C3N-01200	Adjacent	FALSE
CPT0075170013_CCTCCTCCACAGACGA-1	A	C3N-01200	Adjacent	FALSE
CPT0075170013_CTACATTAGCACCCAC-1	A	C3N-01200	Adjacent	FALSE
CPT0075170013_CTAGGTACAACAACAA-1	A	C3N-01200	Adjacent	FALSE
CPT0075170013_CTCAGGGTCTGCCCTA-1	A	C3N-01200	Adjacent	FALSE
CPT0075170013_GGAGGATAGAGCCTGA-1	A	C3N-01200	Adjacent	FALSE
CPT0075170013_GGCACGTAGAGAGCCT-1	A	C3N-01200	Adjacent	FALSE
CPT0075170013_GGCTTGGGTGAATAAC-1	A	C3N-01200	Adjacent	FALSE
CPT0075170013_GGGAGATAGATCCCAT-1	A	C3N-01200	Adjacent	TRUE
CPT0075170013_GGTAATCTCATCGGGC-1	A	C3N-01200	Adjacent	FALSE
CPT0075170013_GTCAAACAGAGTAACT-1	A	C3N-01200	Adjacent	FALSE
CPT0075170013_GTGCACGTCCGCACGA-1	A	C3N-01200	Adjacent	FALSE
CPT0075170013_TAAGCCAAGTGCCGAA-1	A	C3N-01200	Adjacent	FALSE
CPT0075170013_TACTTGTTCCGCAACG-1	A	C3N-01200	Adjacent	FALSE
CPT0075170013_TATTGCTCACCGTGGT-1	A	C3N-01200	Adjacent	FALSE
CPT0075170013_TCACACCAGGGTGAAA-1	A	C3N-01200	Adjacent	FALSE
CPT0075170013_TCATGTTAGTTACGGG-1	A	C3N-01200	Adjacent	FALSE
CPT0075170013_TCATTGTCATCGAACT-1	A	C3N-01200	Adjacent	FALSE
CPT0075170013_TCGATTTGTTGGGACA-1	A	C3N-01200	Adjacent	FALSE
CPT0075170013_TCTTCCTCACGATAGG-1	A	C3N-01200	Adjacent	FALSE
CPT0075170013_TGGCGTGGTCTCTCCA-1	A	C3N-01200	Adjacent	FALSE
CPT0075170013_TTACCGCCATATCTGG-1	A	C3N-01200	Adjacent	FALSE
CPT0075170013_TTACCGCGTAGACGGT-1	A	C3N-01200	Adjacent	FALSE
CPT0075170013_TTGGGTAAGTTTCGGT-1	A	C3N-01200	Adjacent	FALSE
CPT0075130004_AAACCCACAACAGCTT-1	A	C3N-01200	Tumor	FALSE
CPT0075130004_AAAGGATCACTCACTC-1	A	C3N-01200	Tumor	FALSE
CPT0075130004_AACCATGCAAGTATCC-1	A	C3N-01200	Tumor	FALSE
CPT0075130004_AAGATAGGTGAATAAC-1	A	C3N-01200	Tumor	FALSE
CPT0075130004_ACGATGTCAGGCTTGC-1	A	C3N-01200	Tumor	FALSE
CPT0075130004_ACGCACGCAATAGGAT-1	A	C3N-01200	Tumor	FALSE
CPT0075130004_ACTTAGGCAGCAGGAT-1	A	C3N-01200	Tumor	TRUE
CPT0075130004_AGAAGCGGTCTGCGCA-1	A	C3N-01200	Tumor	FALSE
CPT0075130004_AGGCTGCCACGCCACA-1	A	C3N-01200	Tumor	TRUE
CPT0075130004_ATAGAGAAGGACACTG-1	A	C3N-01200	Tumor	FALSE
CPT0075130004_ATCCACCGTGATACCT-1	A	C3N-01200	Tumor	FALSE
CPT0075130004_ATCCTATTCTAGGCAT-1	A	C3N-01200	Tumor	TRUE
CPT0075130004_ATCGCCTAGAATCCCT-1	A	C3N-01200	Tumor	FALSE
CPT0075130004_CACCAAAGTCACTCAA-1	A	C3N-01200	Tumor	FALSE
CPT0075130004_CACGGGTTCTTTGCGC-1	A	C3N-01200	Tumor	FALSE
CPT0075130004_CATTGCCAGCAAACAT-1	A	C3N-01200	Tumor	TRUE
CPT0075130004_CCACGTTTCGGTCACG-1	A	C3N-01200	Tumor	FALSE
CPT0075130004_CCGATGGGTAACACGG-1	A	C3N-01200	Tumor	FALSE
CPT0075130004_CTCAACCAGATGCTGG-1	A	C3N-01200	Tumor	FALSE
CPT0075130004_GAAGCGAGTGAGAGGG-1	A	C3N-01200	Tumor	FALSE
CPT0075130004_GATAGAATCGAGAAGC-1	A	C3N-01200	Tumor	FALSE
CPT0075130004_GCATCTCTCTCCATAT-1	A	C3N-01200	Tumor	FALSE
CPT0075130004_GCCAGCATCCTCGCAT-1	A	C3N-01200	Tumor	FALSE
CPT0075130004_GCCATTCCAAGCTACT-1	A	C3N-01200	Tumor	FALSE
CPT0075130004_GCCGATGAGCAACAAT-1	A	C3N-01200	Tumor	FALSE
CPT0075130004_GCCGTGAGTAGAGACC-1	A	C3N-01200	Tumor	FALSE
CPT0075130004_GCCGTGATCATAGACC-1	A	C3N-01200	Tumor	FALSE
CPT0075130004_GGGAGTACATTCAGCA-1	A	C3N-01200	Tumor	FALSE
CPT0075130004_GGGATGATCGGAACTT-1	A	C3N-01200	Tumor	FALSE
CPT0075130004_GGGCCATAGACCATGG-1	A	C3N-01200	Tumor	TRUE
CPT0075130004_GTACAACAGCCTGCCA-1	A	C3N-01200	Tumor	FALSE
CPT0075130004_GTGACGCCACGACGCT-1	A	C3N-01200	Tumor	FALSE
CPT0075130004_TCACTATAGTGGTTCT-1	A	C3N-01200	Tumor	FALSE
CPT0075130004_TCAGCAATCAAGTTGC-1	A	C3N-01200	Tumor	FALSE
CPT0075130004_TCATCATCAGATCACT-1	A	C3N-01200	Tumor	TRUE
CPT0075130004_TCCACGTTCATTCGTT-1	A	C3N-01200	Tumor	FALSE
CPT0075130004_TCTAACTCAGACCGCT-1	A	C3N-01200	Tumor	TRUE
CPT0075130004_TGTAAGCGTTGCCGAC-1	A	C3N-01200	Tumor	FALSE
CPT0075130004_TTCATTGGTCCTACAA-1	A	C3N-01200	Tumor	FALSE
CPT0075130004_TTGACCCTCACCTACC-1	A	C3N-01200	Tumor	FALSE
CPT0075130004_TTTACTGCATCGGATT-1	A	C3N-01200	Tumor	FALSE
CPT0075130004_TTTATGCTCGTGACTA-1	A	C3N-01200	Tumor	FALSE
CPT0075130004_TTTGGAGCAGTCGTTA-1	A	C3N-01200	Tumor	FALSE
CPT0075720013_AACCACAGTATGGTTC-1	A	C3N-01213	Tumor	FALSE
CPT0075720013_AAGTGAAAGGACGGAG-1	A	C3N-01213	Tumor	FALSE
CPT0075720013_AAGTTCGCATGGAAGC-1	A	C3N-01213	Tumor	FALSE
CPT0075720013_ACAGGGACAGGGCTTC-1	A	C3N-01213	Tumor	FALSE
CPT0075720013_ACATCGACAGACCTAT-1	A	C3N-01213	Tumor	FALSE
CPT0075720013_ACCCTCAAGTATGAGT-1	A	C3N-01213	Tumor	FALSE
CPT0075720013_ACTACGAGTCTATGAC-1	A	C3N-01213	Tumor	FALSE
CPT0075720013_ACTATGGTCTCTGAGA-1	A	C3N-01213	Tumor	FALSE
CPT0075720013_AGAGAATAGTATGTAG-1	A	C3N-01213	Tumor	FALSE
CPT0075720013_AGGACGACAGGAATCG-1	A	C3N-01213	Tumor	FALSE
CPT0075720013_AGGCCACAGCGCCATC-1	A	C3N-01213	Tumor	FALSE
CPT0075720013_AGGGAGTCACAGTCGC-1	A	C3N-01213	Tumor	FALSE
CPT0075720013_AGTCAACGTCATCTAG-1	A	C3N-01213	Tumor	FALSE
CPT0075720013_AGTTCCCGTGCATTAC-1	A	C3N-01213	Tumor	FALSE
CPT0075720013_ATCGATGGTGGCCACT-1	A	C3N-01213	Tumor	FALSE
CPT0075720013_ATCGGCGAGTACCGGA-1	A	C3N-01213	Tumor	TRUE
CPT0075720013_ATCGGCGCAGCACAAG-1	A	C3N-01213	Tumor	FALSE
CPT0075720013_ATGGTTGGTATTGAGA-1	A	C3N-01213	Tumor	FALSE
CPT0075720013_ATTACCTTCTTCCTAA-1	A	C3N-01213	Tumor	FALSE
CPT0075720013_ATTCTACTCAAACGAA-1	A	C3N-01213	Tumor	FALSE
CPT0075720013_CAACCAATCCTGGCTT-1	A	C3N-01213	Tumor	TRUE
CPT0075720013_CAGTTAGTCACGGGCT-1	A	C3N-01213	Tumor	FALSE
CPT0075720013_CATCAAGCACTGGAAG-1	A	C3N-01213	Tumor	FALSE
CPT0075720013_CATTGAGAGGCTAGCA-1	A	C3N-01213	Tumor	FALSE
CPT0075720013_CCACAAATCTCTATGT-1	A	C3N-01213	Tumor	FALSE
CPT0075720013_CCACACTGTGAGAACC-1	A	C3N-01213	Tumor	FALSE
CPT0075720013_CCACTTGCAGAGTGAC-1	A	C3N-01213	Tumor	FALSE
CPT0075720013_CCGGACAAGTCACTAC-1	A	C3N-01213	Tumor	FALSE
CPT0075720013_CCGGACAGTAGAATGT-1	A	C3N-01213	Tumor	FALSE
CPT0075720013_CCGTTCACACACCAGC-1	A	C3N-01213	Tumor	TRUE
CPT0075720013_CCTCAGTTCCTGTTAT-1	A	C3N-01213	Tumor	FALSE
CPT0075720013_CGAAGGATCCACGGGT-1	A	C3N-01213	Tumor	FALSE
CPT0075720013_CGATGGCCACACACTA-1	A	C3N-01213	Tumor	FALSE
CPT0075720013_CGCAGGTCAGTCTGGC-1	A	C3N-01213	Tumor	FALSE
CPT0075720013_CGCCATTCACGCTATA-1	A	C3N-01213	Tumor	FALSE
CPT0075720013_CGGGACTTCACGAACT-1	A	C3N-01213	Tumor	TRUE
CPT0075720013_CGGGCATCACACCTTC-1	A	C3N-01213	Tumor	FALSE
CPT0075720013_CGTCAAAAGCCAACCC-1	A	C3N-01213	Tumor	FALSE
CPT0075720013_CGTTGGGTCGATTGAC-1	A	C3N-01213	Tumor	FALSE
CPT0075720013_CTACATTTCCATCACC-1	A	C3N-01213	Tumor	FALSE
CPT0075720013_CTCAACCTCTATCGCC-1	A	C3N-01213	Tumor	FALSE
CPT0075720013_CTCAGGGCAGCACAAG-1	A	C3N-01213	Tumor	FALSE
CPT0075720013_CTTACCGAGGCCCGTT-1	A	C3N-01213	Tumor	FALSE
CPT0075720013_CTTACCGGTCGTGCCA-1	A	C3N-01213	Tumor	FALSE
CPT0075720013_GAAGCCCGTACAAAGT-1	A	C3N-01213	Tumor	FALSE
CPT0075720013_GACCAATTCGGTTAGT-1	A	C3N-01213	Tumor	FALSE
CPT0075720013_GACCGTGTCGATTCCC-1	A	C3N-01213	Tumor	FALSE
CPT0075720013_GATCCCTCATTAAGCC-1	A	C3N-01213	Tumor	FALSE
CPT0075720013_GATCCCTTCGCTTGAA-1	A	C3N-01213	Tumor	FALSE
CPT0075720013_GATTCTTTCGAGTGGA-1	A	C3N-01213	Tumor	FALSE
CPT0075720013_GCAGTTAAGTATTAGG-1	A	C3N-01213	Tumor	FALSE
CPT0075720013_GCGTGCATCATTTACC-1	A	C3N-01213	Tumor	FALSE
CPT0075720013_GCTCAAACAATAACGA-1	A	C3N-01213	Tumor	FALSE
CPT0075720013_GTAAGTCCAATACGAA-1	A	C3N-01213	Tumor	FALSE
CPT0075720013_GTAATCGAGTCATGCT-1	A	C3N-01213	Tumor	FALSE
CPT0075720013_GTCATCCCAAGAAACT-1	A	C3N-01213	Tumor	FALSE
CPT0075720013_GTCATCCTCGGTCGAC-1	A	C3N-01213	Tumor	TRUE
CPT0075720013_GTCATGACAGAGATGC-1	A	C3N-01213	Tumor	FALSE
CPT0075720013_GTCCTCAGTGGCTGCT-1	A	C3N-01213	Tumor	FALSE
CPT0075720013_GTCGCGAGTCTACATG-1	A	C3N-01213	Tumor	TRUE
CPT0075720013_GTTGCTCCAGGCTTGC-1	A	C3N-01213	Tumor	FALSE
CPT0075720013_GTTTGGACATACACCA-1	A	C3N-01213	Tumor	FALSE
CPT0075720013_TAAGTCGAGTACCGGA-1	A	C3N-01213	Tumor	FALSE
CPT0075720013_TACCCACCAGCACAGA-1	A	C3N-01213	Tumor	FALSE
CPT0075720013_TAGCACATCCGTACGG-1	A	C3N-01213	Tumor	FALSE
CPT0075720013_TCCCACACAATTGAGA-1	A	C3N-01213	Tumor	FALSE
CPT0075720013_TCCTCGATCCGGCAGT-1	A	C3N-01213	Tumor	FALSE
CPT0075720013_TCCTTCTAGGTTAGTA-1	A	C3N-01213	Tumor	FALSE
CPT0075720013_TCCTTTCTCGACATAC-1	A	C3N-01213	Tumor	FALSE
CPT0075720013_TCGGGACAGATTGACA-1	A	C3N-01213	Tumor	FALSE
CPT0075720013_TGAATCGCACAGTACT-1	A	C3N-01213	Tumor	FALSE
CPT0075720013_TGACAGTCACGACGCT-1	A	C3N-01213	Tumor	FALSE
CPT0075720013_TGAGGGAAGGAAGTCC-1	A	C3N-01213	Tumor	FALSE
CPT0075720013_TGAGTCAGTGTAGCAG-1	A	C3N-01213	Tumor	FALSE
CPT0075720013_TGCTCCATCCTGTACC-1	A	C3N-01213	Tumor	TRUE
CPT0075720013_TGCTTGCTCACCTGTC-1	A	C3N-01213	Tumor	FALSE
CPT0075720013_TGGGCTGCAATACCCA-1	A	C3N-01213	Tumor	FALSE
CPT0075720013_TGGGTTATCGCTTGAA-1	A	C3N-01213	Tumor	FALSE
CPT0075720013_TGTACAGCATGCACTA-1	A	C3N-01213	Tumor	FALSE
CPT0075720013_TTAGTCTGTTCGGACC-1	A	C3N-01213	Tumor	FALSE
CPT0075720013_TTCCAATCACGAGGTA-1	A	C3N-01213	Tumor	FALSE
CPT0075720013_TTCCGGTGTGAGCGAT-1	A	C3N-01213	Tumor	TRUE
CPT0075720013_TTCGATTCATGTGGCC-1	A	C3N-01213	Tumor	FALSE
CPT0075720013_TTGGGCGTCTAACACG-1	A	C3N-01213	Tumor	TRUE
CPT0075720013_TTGTTCACATACCGTA-1	A	C3N-01213	Tumor	FALSE
CPT0001540013_AAAGTGAAGTCCCTAA-1	A	C3L-00004	Tumor	TRUE
CPT0001540013_AAGACAATCGGTCTGG-1	A	C3L-00004	Tumor	FALSE
CPT0001540013_AAGTCGTTCAAGATAG-1	A	C3L-00004	Tumor	TRUE
CPT0001540013_ACAGGGATCTTCGGTC-1	A	C3L-00004	Tumor	FALSE
CPT0001540013_ACGATCAAGGTAGCCA-1	A	C3L-00004	Tumor	FALSE
CPT0001540013_ACTATTCAGGTCTTTG-1	A	C3L-00004	Tumor	FALSE
CPT0001540013_ACTTCGCAGAATCTAG-1	A	C3L-00004	Tumor	TRUE
CPT0001540013_AGACTCAAGCAGTACG-1	A	C3L-00004	Tumor	FALSE
CPT0001540013_AGGGTGAAGTTAGAAC-1	A	C3L-00004	Tumor	FALSE
CPT0001540013_AGTGCCGTCCGCGAGT-1	A	C3L-00004	Tumor	TRUE
CPT0001540013_ATATCCTCAATGAACA-1	A	C3L-00004	Tumor	FALSE
CPT0001540013_ATGATCGTCCGACATA-1	A	C3L-00004	Tumor	FALSE
CPT0001540013_CATACCCAGTAGGATT-1	A	C3L-00004	Tumor	TRUE
CPT0001540013_CATTTCAAGGTGCGAT-1	A	C3L-00004	Tumor	TRUE
CPT0001540013_CCATCACTCCGCAACG-1	A	C3L-00004	Tumor	TRUE
CPT0001540013_CCCGGAACAAGTATAG-1	A	C3L-00004	Tumor	FALSE
CPT0001540013_CGGCAGTCACCAGTTA-1	A	C3L-00004	Tumor	FALSE
CPT0001540013_CTGTAGACACACGGAA-1	A	C3L-00004	Tumor	FALSE
CPT0001540013_GAGGCAATCTTGGGCG-1	A	C3L-00004	Tumor	FALSE
CPT0001540013_GAGTCTAGTCCCGCAA-1	A	C3L-00004	Tumor	FALSE
CPT0001540013_GATCCCTGTGCGACAA-1	A	C3L-00004	Tumor	FALSE
CPT0001540013_GATTCGAGTGAGCGAT-1	A	C3L-00004	Tumor	TRUE
CPT0001540013_GATTCTTTCTCGCTCA-1	A	C3L-00004	Tumor	TRUE
CPT0001540013_GCACGGTAGCATGGGT-1	A	C3L-00004	Tumor	FALSE
CPT0001540013_GCGGATCCAAATCAAG-1	A	C3L-00004	Tumor	TRUE
CPT0001540013_GCTACCTAGGGATGTC-1	A	C3L-00004	Tumor	FALSE
CPT0001540013_GGATCTACAGTAACGG-1	A	C3L-00004	Tumor	TRUE
CPT0001540013_GGGAGTAAGTCTAGCT-1	A	C3L-00004	Tumor	TRUE
CPT0001540013_GTAATGCCATCTAGAC-1	A	C3L-00004	Tumor	TRUE
CPT0001540013_GTACAGTTCCTACGGG-1	A	C3L-00004	Tumor	TRUE
CPT0001540013_GTAGGTTCAGACACAG-1	A	C3L-00004	Tumor	TRUE
CPT0001540013_GTGCGTGTCACGGTCG-1	A	C3L-00004	Tumor	TRUE
CPT0001540013_GTTAGTGGTGAAGCTG-1	A	C3L-00004	Tumor	FALSE
CPT0001540013_GTTGTAGAGTTCCGTA-1	A	C3L-00004	Tumor	TRUE
CPT0001540013_TACCTCGTCGGTATGT-1	A	C3L-00004	Tumor	FALSE
CPT0001540013_TAGACCATCATGCCGG-1	A	C3L-00004	Tumor	FALSE
CPT0001540013_TCAGGTAGTACGCGTC-1	A	C3L-00004	Tumor	FALSE
CPT0001540013_TCAGTTTGTCACATTG-1	A	C3L-00004	Tumor	TRUE
CPT0001540013_TCATGGATCGCTACAA-1	A	C3L-00004	Tumor	TRUE
CPT0001540013_TCCCATGGTATCAGGG-1	A	C3L-00004	Tumor	FALSE
CPT0001540013_TCCCATGTCCGACATA-1	A	C3L-00004	Tumor	FALSE
CPT0001540013_TCTATCACAAGGTTGG-1	A	C3L-00004	Tumor	FALSE
CPT0001540013_TCTGGCTAGCCTCGTG-1	A	C3L-00004	Tumor	FALSE
CPT0001540013_TGCTGAACACAGGATG-1	A	C3L-00004	Tumor	TRUE
CPT0001540013_TGGATCACAGCGATTT-1	A	C3L-00004	Tumor	TRUE
CPT0001540013_TGGGATTGTAACAGGC-1	A	C3L-00004	Tumor	FALSE
CPT0001540013_TGTGTGATCTTGCAAG-1	A	C3L-00004	Tumor	FALSE
CPT0001540013_TGTTTGTAGAGTCTTC-1	A	C3L-00004	Tumor	FALSE
CPT0001540013_TTCATGTGTCACTCGG-1	A	C3L-00004	Tumor	TRUE
CPT0001540013_TTGGTTTGTCTTGAGT-1	A	C3L-00004	Tumor	TRUE
CPT0001220012_AAGCGAGTCTACCTTA-1	A	C3L-00010	Tumor	FALSE
CPT0001220012_ACGATGTTCAAAGGAT-1	A	C3L-00010	Tumor	FALSE
CPT0001220012_AGGTCTATCATTCCTA-1	A	C3L-00010	Tumor	FALSE
CPT0001220012_ATTACCTTCCTTCACG-1	A	C3L-00010	Tumor	FALSE
CPT0001220012_ATTACTCTCCAGGACC-1	A	C3L-00010	Tumor	FALSE
CPT0001220012_ATTTCACAGAGTGACC-1	A	C3L-00010	Tumor	FALSE
CPT0001220012_CACCAAACACAATTCG-1	A	C3L-00010	Tumor	TRUE
CPT0001220012_CAGAGCCAGAATACAC-1	A	C3L-00010	Tumor	FALSE
CPT0001220012_CAGCAGCTCATATGGC-1	A	C3L-00010	Tumor	FALSE
CPT0001220012_CCCTAACTCATTTGCT-1	A	C3L-00010	Tumor	FALSE
CPT0001220012_CGCATGGTCAGCACCG-1	A	C3L-00010	Tumor	FALSE
CPT0001220012_CTGAGGCGTCCGATCG-1	A	C3L-00010	Tumor	FALSE
CPT0001220012_CTGTGGGTCGAGCCTG-1	A	C3L-00010	Tumor	FALSE
CPT0001220012_GAACTGTAGATCGACG-1	A	C3L-00010	Tumor	FALSE
CPT0001220012_GAAGAATCACGACAGA-1	A	C3L-00010	Tumor	FALSE
CPT0001220012_GAATCGTTCAAGTCGT-1	A	C3L-00010	Tumor	FALSE
CPT0001220012_GAGGGTACAAGATCCT-1	A	C3L-00010	Tumor	FALSE
CPT0001220012_GATGACTAGGACAACC-1	A	C3L-00010	Tumor	FALSE
CPT0001220012_GATGAGGAGCACGTCC-1	A	C3L-00010	Tumor	TRUE
CPT0001220012_GCCATGGTCGTGGCGT-1	A	C3L-00010	Tumor	FALSE
CPT0001220012_GGGATCCCAGGCGAAT-1	A	C3L-00010	Tumor	FALSE
CPT0001220012_GGGATCCGTCCGAAAG-1	A	C3L-00010	Tumor	FALSE
CPT0001220012_GTCGTTCTCTAATTCC-1	A	C3L-00010	Tumor	FALSE
CPT0001220012_TACGGTAGTGTGGACA-1	A	C3L-00010	Tumor	FALSE
CPT0001220012_TCATGCCCAGGTGGAT-1	A	C3L-00010	Tumor	FALSE
CPT0001220012_TCCACCATCGTTTACT-1	A	C3L-00010	Tumor	FALSE
CPT0001220012_TCCTCTTAGAGGACTC-1	A	C3L-00010	Tumor	FALSE
CPT0001220012_TCCTTTCAGTTACGAA-1	A	C3L-00010	Tumor	FALSE
CPT0001220012_TGCACGGCAACTGCTA-1	A	C3L-00010	Tumor	FALSE
CPT0001220012_TGCTCGTTCTCCGATC-1	A	C3L-00010	Tumor	FALSE
CPT0001220012_TGGGATTAGCAAGTCG-1	A	C3L-00010	Tumor	FALSE
CPT0001220012_TTGTGGAAGAAACCAT-1	A	C3L-00010	Tumor	FALSE
CPT0001500003_AAGTCGTCAAGTGGCA-1	A	C3L-00026	Tumor	FALSE
CPT0001500003_AGCCACGGTTCAGTAC-1	A	C3L-00026	Tumor	TRUE
CPT0001500003_ATCCATTAGTGTGTTC-1	A	C3L-00026	Tumor	FALSE
CPT0001500003_ATCGTCCAGCGCTGAA-1	A	C3L-00026	Tumor	FALSE
CPT0001500003_ATTTACCAGAGCATTA-1	A	C3L-00026	Tumor	FALSE
CPT0001500003_ATTTCTGAGTCATGGG-1	A	C3L-00026	Tumor	FALSE
CPT0001500003_CATGCTCAGAATCGCG-1	A	C3L-00026	Tumor	FALSE
CPT0001500003_CCTAACCAGTGGTGAC-1	A	C3L-00026	Tumor	TRUE
CPT0001500003_CCTCCTCGTCCACATA-1	A	C3L-00026	Tumor	TRUE
CPT0001500003_CCTTTGGTCAGCTAGT-1	A	C3L-00026	Tumor	FALSE
CPT0001500003_CTACAGAGTGGCCTCA-1	A	C3L-00026	Tumor	FALSE
CPT0001500003_CTCCATGTCATAGACC-1	A	C3L-00026	Tumor	FALSE
CPT0001500003_CTGCGAGCAAGGTCTT-1	A	C3L-00026	Tumor	TRUE
CPT0001500003_GACCAATTCTTCTAAC-1	A	C3L-00026	Tumor	FALSE
CPT0001500003_GACTGATAGGGCCAAT-1	A	C3L-00026	Tumor	FALSE
CPT0001500003_GGGTAGAGTGCTTATG-1	A	C3L-00026	Tumor	TRUE
CPT0001500003_GTCAAACCATCGTGCG-1	A	C3L-00026	Tumor	FALSE
CPT0001500003_GTGACGCTCGAACGCC-1	A	C3L-00026	Tumor	FALSE
CPT0001500003_TACTTACTCACGAGGA-1	A	C3L-00026	Tumor	FALSE
CPT0001500003_TCGGGCATCATCTATC-1	A	C3L-00026	Tumor	FALSE
CPT0001500003_TCTAACTCACTCTGCT-1	A	C3L-00026	Tumor	FALSE
CPT0001500003_TGAGGGAGTTTCACAG-1	A	C3L-00026	Tumor	FALSE
CPT0001500003_TGATCTTGTATGCGGA-1	A	C3L-00026	Tumor	FALSE
CPT0001500003_TGCGGGTCATCCGTTC-1	A	C3L-00026	Tumor	FALSE
CPT0001500003_TTTCCTCAGGCACGAT-1	A	C3L-00026	Tumor	FALSE
CPT0001270002_AAACCCATCGGTAACT-1	A	C3L-00079	Adjacent	FALSE
CPT0001270002_AAAGGATTCACCATGA-1	A	C3L-00079	Adjacent	FALSE
CPT0001270002_AAAGGTACAAGAAATC-1	A	C3L-00079	Adjacent	FALSE
CPT0001270002_AAAGTGACACCCTATC-1	A	C3L-00079	Adjacent	TRUE
CPT0001270002_AAATGGAAGTACAGCG-1	A	C3L-00079	Adjacent	FALSE
CPT0001270002_AACACACGTTAGAGAT-1	A	C3L-00079	Adjacent	FALSE
CPT0001270002_AACCCAAGTTCGGTAT-1	A	C3L-00079	Adjacent	TRUE
CPT0001270002_AACTTCTAGGATTTGA-1	A	C3L-00079	Adjacent	FALSE
CPT0001270002_AAGACAACAGCGTGCT-1	A	C3L-00079	Adjacent	FALSE
CPT0001270002_AAGCATCTCAACCGAT-1	A	C3L-00079	Adjacent	FALSE
CPT0001270002_AAGCCATGTGCGGCTT-1	A	C3L-00079	Adjacent	FALSE
CPT0001270002_AAGTACCTCAGCTCTC-1	A	C3L-00079	Adjacent	FALSE
CPT0001270002_AATCGACGTCACTTCC-1	A	C3L-00079	Adjacent	FALSE
CPT0001270002_AATGACCGTCCCTGTT-1	A	C3L-00079	Adjacent	TRUE
CPT0001270002_AATGGCTAGGAGCAAA-1	A	C3L-00079	Adjacent	FALSE
CPT0001270002_AATTCCTTCCGAGAAG-1	A	C3L-00079	Adjacent	FALSE
CPT0001270002_AATTTCCGTAGCGTAG-1	A	C3L-00079	Adjacent	TRUE
CPT0001270002_ACAGAAAGTGAGGAAA-1	A	C3L-00079	Adjacent	FALSE
CPT0001270002_ACCCAAAAGGAAACGA-1	A	C3L-00079	Adjacent	FALSE
CPT0001270002_ACCCAAACACGCGCAT-1	A	C3L-00079	Adjacent	FALSE
CPT0001270002_ACCCTCAGTACTTCCC-1	A	C3L-00079	Adjacent	FALSE
CPT0001270002_ACCTACCAGAAGCGAA-1	A	C3L-00079	Adjacent	FALSE
CPT0001270002_ACCTACCGTTCCGCAG-1	A	C3L-00079	Adjacent	FALSE
CPT0001270002_ACCTGAATCTAGGCAT-1	A	C3L-00079	Adjacent	FALSE
CPT0001270002_ACCTGTCCACGTCTCT-1	A	C3L-00079	Adjacent	FALSE
CPT0001270002_ACGGTCGTCCGTGGTG-1	A	C3L-00079	Adjacent	FALSE
CPT0001270002_ACGGTTATCATTATCC-1	A	C3L-00079	Adjacent	FALSE
CPT0001270002_ACGTAACCATTCTCCG-1	A	C3L-00079	Adjacent	FALSE
CPT0001270002_ACGTTCCGTATCGTAC-1	A	C3L-00079	Adjacent	TRUE
CPT0001270002_ACTCCCAGTCCTCCAT-1	A	C3L-00079	Adjacent	FALSE
CPT0001270002_ACTCTCGGTCGAGTTT-1	A	C3L-00079	Adjacent	FALSE
CPT0001270002_ACTGTCCAGAAGTCTA-1	A	C3L-00079	Adjacent	FALSE
CPT0001270002_ACTTATCAGTACTCGT-1	A	C3L-00079	Adjacent	FALSE
CPT0001270002_ACTTCGCGTTTGGCTA-1	A	C3L-00079	Adjacent	FALSE
CPT0001270002_ACTTCGCTCTCGCTTG-1	A	C3L-00079	Adjacent	TRUE
CPT0001270002_AGAACCTCAATTTCGG-1	A	C3L-00079	Adjacent	TRUE
CPT0001270002_AGAACCTCATGTCGTA-1	A	C3L-00079	Adjacent	TRUE
CPT0001270002_AGAACCTTCGAACACT-1	A	C3L-00079	Adjacent	FALSE
CPT0001270002_AGAAGCGAGGAAAGGT-1	A	C3L-00079	Adjacent	FALSE
CPT0001270002_AGACACTCAGTTCCAA-1	A	C3L-00079	Adjacent	FALSE
CPT0001270002_AGACAGGGTCTTCTAT-1	A	C3L-00079	Adjacent	TRUE
CPT0001270002_AGATGAATCTTCTGGC-1	A	C3L-00079	Adjacent	FALSE
CPT0001270002_AGATGCTTCTAGAACC-1	A	C3L-00079	Adjacent	FALSE
CPT0001270002_AGCGATTTCCATTTAC-1	A	C3L-00079	Adjacent	TRUE
CPT0001270002_AGCGCCAAGCGAATGC-1	A	C3L-00079	Adjacent	FALSE
CPT0001270002_AGCTACAAGTTTGAGA-1	A	C3L-00079	Adjacent	FALSE
CPT0001270002_AGGGTCCGTTAGGACG-1	A	C3L-00079	Adjacent	FALSE
CPT0001270002_AGGGTGAAGGGTTTCT-1	A	C3L-00079	Adjacent	FALSE
CPT0001270002_AGGTGTTAGCTAATGA-1	A	C3L-00079	Adjacent	FALSE
CPT0001270002_AGTCATGAGCCGAATG-1	A	C3L-00079	Adjacent	TRUE
CPT0001270002_ATACTTCGTAGATTAG-1	A	C3L-00079	Adjacent	FALSE
CPT0001270002_ATAGACCCAAGGTCTT-1	A	C3L-00079	Adjacent	FALSE
CPT0001270002_ATCACAGGTGACTATC-1	A	C3L-00079	Adjacent	FALSE
CPT0001270002_ATCACTTCATGAGAAT-1	A	C3L-00079	Adjacent	FALSE
CPT0001270002_ATCAGGTTCAGCCCAG-1	A	C3L-00079	Adjacent	FALSE
CPT0001270002_ATCATTCGTTGGTAGG-1	A	C3L-00079	Adjacent	TRUE
CPT0001270002_ATCCACCCATCTATCT-1	A	C3L-00079	Adjacent	TRUE
CPT0001270002_ATCGCCTTCGGACGTC-1	A	C3L-00079	Adjacent	FALSE
CPT0001270002_ATGCGATAGATTAGCA-1	A	C3L-00079	Adjacent	FALSE
CPT0001270002_ATGTCCCTCCGCTAGG-1	A	C3L-00079	Adjacent	FALSE
CPT0001270002_ATTATCCGTGAATGTA-1	A	C3L-00079	Adjacent	FALSE
CPT0001270002_ATTCATCGTTTGGAAA-1	A	C3L-00079	Adjacent	FALSE
CPT0001270002_CAACGATAGACAACAT-1	A	C3L-00079	Adjacent	FALSE
CPT0001270002_CAAGACTGTCCAGGTC-1	A	C3L-00079	Adjacent	TRUE
CPT0001270002_CAAGAGGTCGCTGTTC-1	A	C3L-00079	Adjacent	FALSE
CPT0001270002_CACAACACAGCTGTAT-1	A	C3L-00079	Adjacent	FALSE
CPT0001270002_CACACAAGTCAAATCC-1	A	C3L-00079	Adjacent	TRUE
CPT0001270002_CACCGTTCAGGTGGAT-1	A	C3L-00079	Adjacent	FALSE
CPT0001270002_CACGTTCTCTAGTGAC-1	A	C3L-00079	Adjacent	TRUE
CPT0001270002_CACTAAGAGTACCCTA-1	A	C3L-00079	Adjacent	FALSE
CPT0001270002_CAGCAATGTGAGGATC-1	A	C3L-00079	Adjacent	FALSE
CPT0001270002_CAGGCCATCACGATAC-1	A	C3L-00079	Adjacent	TRUE
CPT0001270002_CAGGGCTGTCCGAAGA-1	A	C3L-00079	Adjacent	FALSE
CPT0001270002_CAGTGCGCACCACATA-1	A	C3L-00079	Adjacent	FALSE
CPT0001270002_CATGCCTCATGGACAG-1	A	C3L-00079	Adjacent	FALSE
CPT0001270002_CATGGTAAGATGCTGG-1	A	C3L-00079	Adjacent	FALSE
CPT0001270002_CATGGTATCTGCTCTG-1	A	C3L-00079	Adjacent	FALSE
CPT0001270002_CATTCATGTCTCGGAC-1	A	C3L-00079	Adjacent	TRUE
CPT0001270002_CATTCATTCCGCCTAT-1	A	C3L-00079	Adjacent	FALSE
CPT0001270002_CATTGAGCATCCTTCG-1	A	C3L-00079	Adjacent	FALSE
CPT0001270002_CATTGCCCAGCTGTAT-1	A	C3L-00079	Adjacent	TRUE
CPT0001270002_CCACGTTCACTAACGT-1	A	C3L-00079	Adjacent	FALSE
CPT0001270002_CCATAAGTCTCATGGA-1	A	C3L-00079	Adjacent	FALSE
CPT0001270002_CCCAACTGTCTCAGGC-1	A	C3L-00079	Adjacent	FALSE
CPT0001270002_CCCTAACAGATTGTGA-1	A	C3L-00079	Adjacent	FALSE
CPT0001270002_CCCTCTCCAACAAGTA-1	A	C3L-00079	Adjacent	FALSE
CPT0001270002_CCCTGATCAAGACCTT-1	A	C3L-00079	Adjacent	FALSE
CPT0001270002_CCCTTAGAGCTGACCC-1	A	C3L-00079	Adjacent	FALSE
CPT0001270002_CCGATCTCAGAGGTAC-1	A	C3L-00079	Adjacent	FALSE
CPT0001270002_CCGATCTTCGTTGCCT-1	A	C3L-00079	Adjacent	TRUE
CPT0001270002_CCGGTAGCAAGGGTCA-1	A	C3L-00079	Adjacent	FALSE
CPT0001270002_CCTAACCCAGATTCGT-1	A	C3L-00079	Adjacent	TRUE
CPT0001270002_CCTCACATCCTGTAGA-1	A	C3L-00079	Adjacent	FALSE
CPT0001270002_CCTCCAACACCTTCGT-1	A	C3L-00079	Adjacent	FALSE
CPT0001270002_CCTTCAGTCACAAGAA-1	A	C3L-00079	Adjacent	FALSE
CPT0001270002_CCTTTGGGTCTCAGAT-1	A	C3L-00079	Adjacent	FALSE
CPT0001270002_CGAAGTTAGGCCATAG-1	A	C3L-00079	Adjacent	FALSE
CPT0001270002_CGAGGCTTCGCATAGT-1	A	C3L-00079	Adjacent	TRUE
CPT0001270002_CGGACACCATCTCGTC-1	A	C3L-00079	Adjacent	FALSE
CPT0001270002_CGGGTGTGTATCACCA-1	A	C3L-00079	Adjacent	FALSE
CPT0001270002_CGTTAGATCTGGTGCG-1	A	C3L-00079	Adjacent	FALSE
CPT0001270002_CTACATTGTAGGTCAG-1	A	C3L-00079	Adjacent	TRUE
CPT0001270002_CTACCCAAGCACACAG-1	A	C3L-00079	Adjacent	FALSE
CPT0001270002_CTACCCAGTTAGAAAC-1	A	C3L-00079	Adjacent	FALSE
CPT0001270002_CTCAGTCAGGATCATA-1	A	C3L-00079	Adjacent	FALSE
CPT0001270002_CTCATTATCGTGAGAG-1	A	C3L-00079	Adjacent	FALSE
CPT0001270002_CTCCATGTCGGTAGGA-1	A	C3L-00079	Adjacent	FALSE
CPT0001270002_CTCCCTCCACAACATC-1	A	C3L-00079	Adjacent	TRUE
CPT0001270002_CTGAATGTCACTGTCC-1	A	C3L-00079	Adjacent	FALSE
CPT0001270002_CTGCCATGTGGAAGTC-1	A	C3L-00079	Adjacent	FALSE
CPT0001270002_CTGTCGTCATACCGTA-1	A	C3L-00079	Adjacent	FALSE
CPT0001270002_CTTAGGACATGTACGT-1	A	C3L-00079	Adjacent	FALSE
CPT0001270002_CTTCAATGTGGCCTCA-1	A	C3L-00079	Adjacent	TRUE
CPT0001270002_CTTGATTAGCGTGAAC-1	A	C3L-00079	Adjacent	FALSE
CPT0001270002_GAAACCTAGACGAGCT-1	A	C3L-00079	Adjacent	FALSE
CPT0001270002_GAACACTGTCTAGTGT-1	A	C3L-00079	Adjacent	TRUE
CPT0001270002_GAAGCCCTCTACTATC-1	A	C3L-00079	Adjacent	FALSE
CPT0001270002_GAATCACTCCAGTTCC-1	A	C3L-00079	Adjacent	FALSE
CPT0001270002_GACATCACAGCTACCG-1	A	C3L-00079	Adjacent	FALSE
CPT0001270002_GACTCAATCTATTGTC-1	A	C3L-00079	Adjacent	FALSE
CPT0001270002_GACTCTCAGCCTCATA-1	A	C3L-00079	Adjacent	FALSE
CPT0001270002_GACTCTCTCAACTGGT-1	A	C3L-00079	Adjacent	FALSE
CPT0001270002_GAGACTTGTTTCTATC-1	A	C3L-00079	Adjacent	FALSE
CPT0001270002_GAGCCTGCAACACAGG-1	A	C3L-00079	Adjacent	FALSE
CPT0001270002_GAGCCTGCAGCTATAC-1	A	C3L-00079	Adjacent	FALSE
CPT0001270002_GAGCTGCCATCTAGAC-1	A	C3L-00079	Adjacent	TRUE
CPT0001270002_GAGGCCTTCGACTCCT-1	A	C3L-00079	Adjacent	FALSE
CPT0001270002_GAGTCATGTCAAGTTC-1	A	C3L-00079	Adjacent	FALSE
CPT0001270002_GAGTCTATCGAGTGAG-1	A	C3L-00079	Adjacent	FALSE
CPT0001270002_GATCCCTTCTCGCTCA-1	A	C3L-00079	Adjacent	TRUE
CPT0001270002_GATGACTAGCAGGCTA-1	A	C3L-00079	Adjacent	FALSE
CPT0001270002_GATGTTGAGTGATAGT-1	A	C3L-00079	Adjacent	FALSE
CPT0001270002_GCACATAGTCGAATTC-1	A	C3L-00079	Adjacent	TRUE
CPT0001270002_GCACTAAAGGCATTTC-1	A	C3L-00079	Adjacent	FALSE
CPT0001270002_GCAGCCAAGCACACCC-1	A	C3L-00079	Adjacent	FALSE
CPT0001270002_GCAGGCTCAACACAAA-1	A	C3L-00079	Adjacent	FALSE
CPT0001270002_GCAGTTATCGCTGACG-1	A	C3L-00079	Adjacent	FALSE
CPT0001270002_GCATTAGCAAATACGA-1	A	C3L-00079	Adjacent	FALSE
CPT0001270002_GCCATGGGTCAGACGA-1	A	C3L-00079	Adjacent	FALSE
CPT0001270002_GCCATGGTCCGTCCTA-1	A	C3L-00079	Adjacent	FALSE
CPT0001270002_GCCATTCTCCATTTCA-1	A	C3L-00079	Adjacent	FALSE
CPT0001270002_GCCATTCTCGTCTCAC-1	A	C3L-00079	Adjacent	TRUE
CPT0001270002_GCGGATCAGCCGAACA-1	A	C3L-00079	Adjacent	FALSE
CPT0001270002_GCGTGCATCGTGTCAA-1	A	C3L-00079	Adjacent	FALSE
CPT0001270002_GCGTTTCAGTTCCGTA-1	A	C3L-00079	Adjacent	FALSE
CPT0001270002_GCGTTTCGTACTGAGG-1	A	C3L-00079	Adjacent	FALSE
CPT0001270002_GCTCAAAAGAAGCCTG-1	A	C3L-00079	Adjacent	FALSE
CPT0001270002_GCTCAAATCCTTCTAA-1	A	C3L-00079	Adjacent	FALSE
CPT0001270002_GGAATGGAGTGTCATC-1	A	C3L-00079	Adjacent	FALSE
CPT0001270002_GGAGGTAAGCGTTGTT-1	A	C3L-00079	Adjacent	FALSE
CPT0001270002_GGATGTTAGCAGTCTT-1	A	C3L-00079	Adjacent	FALSE
CPT0001270002_GGATGTTTCTCCATAT-1	A	C3L-00079	Adjacent	TRUE
CPT0001270002_GGGTGAAAGTCACTCA-1	A	C3L-00079	Adjacent	FALSE
CPT0001270002_GGTAATCTCCAGGACC-1	A	C3L-00079	Adjacent	FALSE
CPT0001270002_GGTCACGCATAATGCC-1	A	C3L-00079	Adjacent	FALSE
CPT0001270002_GGTGTCGCACATCCCT-1	A	C3L-00079	Adjacent	TRUE
CPT0001270002_GTAAGTCTCACCCTCA-1	A	C3L-00079	Adjacent	FALSE
CPT0001270002_GTAATCGGTGAGTCAG-1	A	C3L-00079	Adjacent	FALSE
CPT0001270002_GTAATCGTCTCGTTTA-1	A	C3L-00079	Adjacent	TRUE
CPT0001270002_GTACAGTCAGCCCAGT-1	A	C3L-00079	Adjacent	FALSE
CPT0001270002_GTAGATCTCCTAGCTC-1	A	C3L-00079	Adjacent	FALSE
CPT0001270002_GTAGCTAAGAACGCGT-1	A	C3L-00079	Adjacent	FALSE
CPT0001270002_GTAGGAGGTATGTCCA-1	A	C3L-00079	Adjacent	FALSE
CPT0001270002_GTATTTCTCATTTACC-1	A	C3L-00079	Adjacent	TRUE
CPT0001270002_GTCATGACAAGCAGGT-1	A	C3L-00079	Adjacent	FALSE
CPT0001270002_GTCCTCACAGTTGGTT-1	A	C3L-00079	Adjacent	TRUE
CPT0001270002_GTCGCGACACCTTCCA-1	A	C3L-00079	Adjacent	FALSE
CPT0001270002_GTCTACCAGCGCCTAC-1	A	C3L-00079	Adjacent	FALSE
CPT0001270002_GTGAGTTGTTAAGGAT-1	A	C3L-00079	Adjacent	TRUE
CPT0001270002_GTGGAAGTCGAAATCC-1	A	C3L-00079	Adjacent	FALSE
CPT0001270002_GTGGAAGTCTCCGAGG-1	A	C3L-00079	Adjacent	FALSE
CPT0001270002_GTGGTTAAGGTGCTTT-1	A	C3L-00079	Adjacent	FALSE
CPT0001270002_GTTACAGAGATGAACT-1	A	C3L-00079	Adjacent	FALSE
CPT0001270002_GTTACCCGTATCGATC-1	A	C3L-00079	Adjacent	FALSE
CPT0001270002_GTTACCCGTTACCCTC-1	A	C3L-00079	Adjacent	FALSE
CPT0001270002_GTTATGGCACGCTTAA-1	A	C3L-00079	Adjacent	TRUE
CPT0001270002_GTTCGCTAGCATCAGG-1	A	C3L-00079	Adjacent	FALSE
CPT0001270002_GTTCGCTCATTGGCAT-1	A	C3L-00079	Adjacent	FALSE
CPT0001270002_GTTCGCTTCACCTCTG-1	A	C3L-00079	Adjacent	FALSE
CPT0001270002_GTTCGCTTCTTAATCC-1	A	C3L-00079	Adjacent	FALSE
CPT0001270002_GTTGAACTCCCTGTTG-1	A	C3L-00079	Adjacent	FALSE
CPT0001270002_TAAGCACAGGATGGCT-1	A	C3L-00079	Adjacent	FALSE
CPT0001270002_TACCTGCCATCGCTCT-1	A	C3L-00079	Adjacent	FALSE
CPT0001270002_TACGTCCAGCATCCTA-1	A	C3L-00079	Adjacent	FALSE
CPT0001270002_TACTTACAGGCTATCT-1	A	C3L-00079	Adjacent	TRUE
CPT0001270002_TACTTCACACATAACC-1	A	C3L-00079	Adjacent	TRUE
CPT0001270002_TAGACTGAGCTAGCCC-1	A	C3L-00079	Adjacent	FALSE
CPT0001270002_TAGATCGAGCAATAGT-1	A	C3L-00079	Adjacent	FALSE
CPT0001270002_TAGCACAGTAACTGCT-1	A	C3L-00079	Adjacent	FALSE
CPT0001270002_TAGGAGGTCCCATACC-1	A	C3L-00079	Adjacent	FALSE
CPT0001270002_TAGGGTTCATTAGGAA-1	A	C3L-00079	Adjacent	FALSE
CPT0001270002_TAGTGCATCATCGGGC-1	A	C3L-00079	Adjacent	TRUE
CPT0001270002_TATCAGGCAACAGAGC-1	A	C3L-00079	Adjacent	FALSE
CPT0001270002_TATCTTGGTTAAACCC-1	A	C3L-00079	Adjacent	TRUE
CPT0001270002_TATTGCTCACCCAACG-1	A	C3L-00079	Adjacent	FALSE
CPT0001270002_TCACGCTGTGACAGCA-1	A	C3L-00079	Adjacent	FALSE
CPT0001270002_TCACTATTCAAATGAG-1	A	C3L-00079	Adjacent	FALSE
CPT0001270002_TCACTATTCTCCTGAC-1	A	C3L-00079	Adjacent	FALSE
CPT0001270002_TCAGGTACACAAATAG-1	A	C3L-00079	Adjacent	TRUE
CPT0001270002_TCATCCGAGCTACTGT-1	A	C3L-00079	Adjacent	FALSE
CPT0001270002_TCATCCGTCCCAGGCA-1	A	C3L-00079	Adjacent	FALSE
CPT0001270002_TCATGAGAGGAGAGTA-1	A	C3L-00079	Adjacent	TRUE
CPT0001270002_TCATGAGGTGGGTATG-1	A	C3L-00079	Adjacent	TRUE
CPT0001270002_TCATGCCCAATGAACA-1	A	C3L-00079	Adjacent	FALSE
CPT0001270002_TCATTACAGGCTATCT-1	A	C3L-00079	Adjacent	FALSE
CPT0001270002_TCATTACGTCGCACAC-1	A	C3L-00079	Adjacent	TRUE
CPT0001270002_TCATTCAGTTGGGACA-1	A	C3L-00079	Adjacent	FALSE
CPT0001270002_TCATTTGAGATGTTGA-1	A	C3L-00079	Adjacent	TRUE
CPT0001270002_TCCACCAAGTATGAGT-1	A	C3L-00079	Adjacent	FALSE
CPT0001270002_TCCACCAGTAGAGCTG-1	A	C3L-00079	Adjacent	FALSE
CPT0001270002_TCCCACATCTTAGTTC-1	A	C3L-00079	Adjacent	TRUE
CPT0001270002_TCCGAAATCATAGAGA-1	A	C3L-00079	Adjacent	FALSE
CPT0001270002_TCCGATCTCCATCACC-1	A	C3L-00079	Adjacent	TRUE
CPT0001270002_TCCTCCCCAAATTGGA-1	A	C3L-00079	Adjacent	FALSE
CPT0001270002_TCCTCTTGTTGGAGGT-1	A	C3L-00079	Adjacent	TRUE
CPT0001270002_TCCTGCACACCAGACC-1	A	C3L-00079	Adjacent	FALSE
CPT0001270002_TCCTTCTCAGAGCCCT-1	A	C3L-00079	Adjacent	FALSE
CPT0001270002_TCCTTTCAGTCACACT-1	A	C3L-00079	Adjacent	FALSE
CPT0001270002_TCGACCTGTTAATCGC-1	A	C3L-00079	Adjacent	FALSE
CPT0001270002_TCGCACTAGCGGGTTA-1	A	C3L-00079	Adjacent	FALSE
CPT0001270002_TCGCACTCACGGGCTT-1	A	C3L-00079	Adjacent	FALSE
CPT0001270002_TCGCTCATCTCATTTG-1	A	C3L-00079	Adjacent	FALSE
CPT0001270002_TCGGGTGAGAGGTCGT-1	A	C3L-00079	Adjacent	FALSE
CPT0001270002_TCGGGTGGTCGAACAG-1	A	C3L-00079	Adjacent	FALSE
CPT0001270002_TCGTAGAAGGTGCTAG-1	A	C3L-00079	Adjacent	TRUE
CPT0001270002_TCTGGCTAGCGACTTT-1	A	C3L-00079	Adjacent	FALSE
CPT0001270002_TGAATGCAGGCTTCCG-1	A	C3L-00079	Adjacent	TRUE
CPT0001270002_TGAATGCTCGTAGGGA-1	A	C3L-00079	Adjacent	FALSE
CPT0001270002_TGACAGTAGTCATTGC-1	A	C3L-00079	Adjacent	FALSE
CPT0001270002_TGACCCTTCTCCTACG-1	A	C3L-00079	Adjacent	FALSE
CPT0001270002_TGAGGTTTCTCGCAGG-1	A	C3L-00079	Adjacent	FALSE
CPT0001270002_TGATCTTCACTTGAAC-1	A	C3L-00079	Adjacent	FALSE
CPT0001270002_TGATGCAAGAAGCCAC-1	A	C3L-00079	Adjacent	FALSE
CPT0001270002_TGATGCAGTACCCAGC-1	A	C3L-00079	Adjacent	FALSE
CPT0001270002_TGATGCAGTGTTGATC-1	A	C3L-00079	Adjacent	FALSE
CPT0001270002_TGCACGGCACGTCGGT-1	A	C3L-00079	Adjacent	FALSE
CPT0001270002_TGCGATAGTCCCTGAG-1	A	C3L-00079	Adjacent	FALSE
CPT0001270002_TGCGATATCGACCATA-1	A	C3L-00079	Adjacent	TRUE
CPT0001270002_TGCGGCAAGCGATGGT-1	A	C3L-00079	Adjacent	FALSE
CPT0001270002_TGCTCCAAGGCTCACC-1	A	C3L-00079	Adjacent	FALSE
CPT0001270002_TGCTCCACAGACAAGC-1	A	C3L-00079	Adjacent	FALSE
CPT0001270002_TGGAACTCACCATATG-1	A	C3L-00079	Adjacent	FALSE
CPT0001270002_TGGATCAAGACCACGA-1	A	C3L-00079	Adjacent	FALSE
CPT0001270002_TGGGATTGTTCCAAAC-1	A	C3L-00079	Adjacent	TRUE
CPT0001270002_TGGGCTGGTCAGACTT-1	A	C3L-00079	Adjacent	FALSE
CPT0001270002_TGGTTAGGTCATGGCC-1	A	C3L-00079	Adjacent	FALSE
CPT0001270002_TGTGGCGCACGTTGGC-1	A	C3L-00079	Adjacent	FALSE
CPT0001270002_TTAATCCAGAGGCTGT-1	A	C3L-00079	Adjacent	FALSE
CPT0001270002_TTACAGGGTGGAAATT-1	A	C3L-00079	Adjacent	FALSE
CPT0001270002_TTCACCGTCTGCGAGC-1	A	C3L-00079	Adjacent	TRUE
CPT0001270002_TTCACGCCACATGGTT-1	A	C3L-00079	Adjacent	FALSE
CPT0001270002_TTCATTGTCTTACTGT-1	A	C3L-00079	Adjacent	FALSE
CPT0001270002_TTCCGTGCACAGTCAT-1	A	C3L-00079	Adjacent	FALSE
CPT0001270002_TTCTTCCCATCATTGG-1	A	C3L-00079	Adjacent	FALSE
CPT0001270002_TTCTTGATCCTGTTAT-1	A	C3L-00079	Adjacent	FALSE
CPT0001270002_TTGACCCTCCTTACCG-1	A	C3L-00079	Adjacent	TRUE
CPT0001270002_TTGGGCGCATGGGTTT-1	A	C3L-00079	Adjacent	FALSE
CPT0001270002_TTGGGCGTCATCTATC-1	A	C3L-00079	Adjacent	FALSE
CPT0001270002_TTGGGTACACTAGGTT-1	A	C3L-00079	Adjacent	FALSE
CPT0001270002_TTGGTTTTCCCAACTC-1	A	C3L-00079	Adjacent	TRUE
CPT0001270002_TTTCACATCGGTCGGT-1	A	C3L-00079	Adjacent	FALSE
CPT0001260013_AACAAGATCGAATGCT-1	A	C3L-00079	Tumor	FALSE
CPT0001260013_AACCTTTAGAAGATCT-1	A	C3L-00079	Tumor	FALSE
CPT0001260013_AGAGAATCATTGAAAG-1	A	C3L-00079	Tumor	FALSE
CPT0001260013_AGGCTGCGTAGGGAGG-1	A	C3L-00079	Tumor	FALSE
CPT0001260013_CACAGATAGAGCAGAA-1	A	C3L-00079	Tumor	FALSE
CPT0001260013_CATGCAAGTTCCCAAA-1	A	C3L-00079	Tumor	FALSE
CPT0001260013_CATTCATGTGTGTCCG-1	A	C3L-00079	Tumor	FALSE
CPT0001260013_CGAGTTAGTTGGTGTT-1	A	C3L-00079	Tumor	FALSE
CPT0001260013_CGATCGGCACTTGTCC-1	A	C3L-00079	Tumor	FALSE
CPT0001260013_CGTCAAAGTAGACACG-1	A	C3L-00079	Tumor	FALSE
CPT0001260013_CTATAGGCAGGAAGTC-1	A	C3L-00079	Tumor	TRUE
CPT0001260013_GAAGCCCAGTCACTAC-1	A	C3L-00079	Tumor	FALSE
CPT0001260013_GCCGATGAGCTGTGCC-1	A	C3L-00079	Tumor	FALSE
CPT0001260013_GCTTGGGTCGAGATGG-1	A	C3L-00079	Tumor	FALSE
CPT0001260013_GGTGTTAGTATTTCTC-1	A	C3L-00079	Tumor	FALSE
CPT0001260013_GGTTCTCAGGTATAGT-1	A	C3L-00079	Tumor	FALSE
CPT0001260013_GTCTCACCAACGTTAC-1	A	C3L-00079	Tumor	FALSE
CPT0001260013_TAAGTCGAGCTTTCTT-1	A	C3L-00079	Tumor	FALSE
CPT0001260013_TAGGTACTCGGCTGTG-1	A	C3L-00079	Tumor	FALSE
CPT0001260013_TATTGGGAGCTAATCC-1	A	C3L-00079	Tumor	FALSE
CPT0001260013_TCGCTCATCCGCGATG-1	A	C3L-00079	Tumor	FALSE
CPT0001260013_TTCACCGTCGAAGGAC-1	A	C3L-00079	Tumor	TRUE
CPT0001260013_TTCAGGAGTGAGATTA-1	A	C3L-00079	Tumor	FALSE
CPT0000880001_AAACGAAGTCCTTGTC-1	A	C3L-00088	Tumor	FALSE
CPT0000880001_AAAGGATTCTTGCAGA-1	A	C3L-00088	Tumor	TRUE
CPT0000880001_AAAGTCCGTTTCGATG-1	A	C3L-00088	Tumor	FALSE
CPT0000880001_AAAGTGAAGTAAATGC-1	A	C3L-00088	Tumor	FALSE
CPT0000880001_AAAGTGACAGGACGAT-1	A	C3L-00088	Tumor	FALSE
CPT0000880001_AACAAGACAAACCACT-1	A	C3L-00088	Tumor	FALSE
CPT0000880001_AACACACAGTCGAAGC-1	A	C3L-00088	Tumor	FALSE
CPT0000880001_AACAGGGCATCATGAC-1	A	C3L-00088	Tumor	FALSE
CPT0000880001_AACCAACGTTCCGCGA-1	A	C3L-00088	Tumor	FALSE
CPT0000880001_AACCATGCAGCGAACA-1	A	C3L-00088	Tumor	FALSE
CPT0000880001_AACCTGAGTAAGAACT-1	A	C3L-00088	Tumor	FALSE
CPT0000880001_AAGAACATCTGCAGCG-1	A	C3L-00088	Tumor	FALSE
CPT0000880001_AAGATAGAGTTGGCTT-1	A	C3L-00088	Tumor	FALSE
CPT0000880001_AAGCCATAGATCGGTG-1	A	C3L-00088	Tumor	FALSE
CPT0000880001_AAGCCATCACCCTTAC-1	A	C3L-00088	Tumor	TRUE
CPT0000880001_AAGTACCCATAATGCC-1	A	C3L-00088	Tumor	TRUE
CPT0000880001_AAGTGAAGTATGTCAC-1	A	C3L-00088	Tumor	TRUE
CPT0000880001_AATAGAGTCACTGTCC-1	A	C3L-00088	Tumor	FALSE
CPT0000880001_AATGACCTCAGCAGAG-1	A	C3L-00088	Tumor	FALSE
CPT0000880001_AATGACCTCTCTCTTC-1	A	C3L-00088	Tumor	FALSE
CPT0000880001_AATGGAATCTGGTTGA-1	A	C3L-00088	Tumor	FALSE
CPT0000880001_ACAACCAAGCTACTGT-1	A	C3L-00088	Tumor	FALSE
CPT0000880001_ACAACCACACAGCGCT-1	A	C3L-00088	Tumor	FALSE
CPT0000880001_ACAACCATCAAGCCTA-1	A	C3L-00088	Tumor	FALSE
CPT0000880001_ACAAGCTCACGCGCTA-1	A	C3L-00088	Tumor	TRUE
CPT0000880001_ACACGCGGTCACTGAT-1	A	C3L-00088	Tumor	FALSE
CPT0000880001_ACACTGACAAGAATAC-1	A	C3L-00088	Tumor	TRUE
CPT0000880001_ACACTGAGTCCCAAAT-1	A	C3L-00088	Tumor	FALSE
CPT0000880001_ACAGAAACACCCAATA-1	A	C3L-00088	Tumor	TRUE
CPT0000880001_ACAGCCGGTGGCTGCT-1	A	C3L-00088	Tumor	FALSE
CPT0000880001_ACCAACAAGAAACCCG-1	A	C3L-00088	Tumor	FALSE
CPT0000880001_ACCCAAAGTCGACTTA-1	A	C3L-00088	Tumor	FALSE
CPT0000880001_ACCTGTCTCATGCCAA-1	A	C3L-00088	Tumor	FALSE
CPT0000880001_ACGATCATCTGCACCT-1	A	C3L-00088	Tumor	FALSE
CPT0000880001_ACGGTTATCGCTAATG-1	A	C3L-00088	Tumor	TRUE
CPT0000880001_ACGTAACAGACATACA-1	A	C3L-00088	Tumor	FALSE
CPT0000880001_ACGTACATCTGAACGT-1	A	C3L-00088	Tumor	TRUE
CPT0000880001_ACGTAGTTCGAAACAA-1	A	C3L-00088	Tumor	FALSE
CPT0000880001_ACTATCTAGGTGCTGA-1	A	C3L-00088	Tumor	FALSE
CPT0000880001_ACTATCTCAGGCTACC-1	A	C3L-00088	Tumor	FALSE
CPT0000880001_ACTATTCGTAGTCTTG-1	A	C3L-00088	Tumor	FALSE
CPT0000880001_ACTATTCTCGCGTGAC-1	A	C3L-00088	Tumor	FALSE
CPT0000880001_ACTTATCCATCGATGT-1	A	C3L-00088	Tumor	FALSE
CPT0000880001_ACTTTCACAGGTGTGA-1	A	C3L-00088	Tumor	FALSE
CPT0000880001_ACTTTGTAGACCGCCT-1	A	C3L-00088	Tumor	FALSE
CPT0000880001_AGAAATGTCTGAGCAT-1	A	C3L-00088	Tumor	FALSE
CPT0000880001_AGACCCGCAAGCAGGT-1	A	C3L-00088	Tumor	FALSE
CPT0000880001_AGACTCAAGGTCGTCC-1	A	C3L-00088	Tumor	TRUE
CPT0000880001_AGAGCCCTCCCTCATG-1	A	C3L-00088	Tumor	TRUE
CPT0000880001_AGATCCATCCAAACCA-1	A	C3L-00088	Tumor	FALSE
CPT0000880001_AGCCAGCTCTCACCCA-1	A	C3L-00088	Tumor	FALSE
CPT0000880001_AGCTTCCAGGTGCATG-1	A	C3L-00088	Tumor	FALSE
CPT0000880001_AGGCTGCAGATTGGGC-1	A	C3L-00088	Tumor	FALSE
CPT0000880001_AGGGAGTCAAAGGTTA-1	A	C3L-00088	Tumor	TRUE
CPT0000880001_AGGGCTCAGCATGAAT-1	A	C3L-00088	Tumor	FALSE
CPT0000880001_AGGGTTTAGGTTGAGC-1	A	C3L-00088	Tumor	FALSE
CPT0000880001_AGGTTACTCCTGGGAC-1	A	C3L-00088	Tumor	FALSE
CPT0000880001_AGTAACCTCCTCACCA-1	A	C3L-00088	Tumor	FALSE
CPT0000880001_AGTAACCTCCTGTTGC-1	A	C3L-00088	Tumor	FALSE
CPT0000880001_AGTAGCTTCCATAGAC-1	A	C3L-00088	Tumor	FALSE
CPT0000880001_AGTCAACCATCCGGCA-1	A	C3L-00088	Tumor	FALSE
CPT0000880001_AGTCATGAGTCGCCAC-1	A	C3L-00088	Tumor	FALSE
CPT0000880001_AGTCATGGTCGGATTT-1	A	C3L-00088	Tumor	FALSE
CPT0000880001_AGTCTCCGTCCTACGG-1	A	C3L-00088	Tumor	FALSE
CPT0000880001_ATACCTTTCTCTCGAC-1	A	C3L-00088	Tumor	TRUE
CPT0000880001_ATAGGCTAGCTACTGT-1	A	C3L-00088	Tumor	TRUE
CPT0000880001_ATCACAGCACTCCTGT-1	A	C3L-00088	Tumor	FALSE
CPT0000880001_ATCGGATAGTAGGTTA-1	A	C3L-00088	Tumor	FALSE
CPT0000880001_ATCGTCCGTCATCAGT-1	A	C3L-00088	Tumor	FALSE
CPT0000880001_ATGAAAGAGGATATGT-1	A	C3L-00088	Tumor	FALSE
CPT0000880001_ATGAGGGGTTACACAC-1	A	C3L-00088	Tumor	FALSE
CPT0000880001_ATGAGTCTCTGTCCCA-1	A	C3L-00088	Tumor	FALSE
CPT0000880001_ATGCATGCACTTCTCG-1	A	C3L-00088	Tumor	FALSE
CPT0000880001_ATGCCTCAGACATACA-1	A	C3L-00088	Tumor	FALSE
CPT0000880001_ATGCCTCGTCGACTGC-1	A	C3L-00088	Tumor	FALSE
CPT0000880001_ATGGATCAGCCGATCC-1	A	C3L-00088	Tumor	FALSE
CPT0000880001_ATTACCTTCGCCGAAC-1	A	C3L-00088	Tumor	FALSE
CPT0000880001_ATTCGTTGTTCTGAGT-1	A	C3L-00088	Tumor	FALSE
CPT0000880001_ATTCTTGAGTAGACCG-1	A	C3L-00088	Tumor	FALSE
CPT0000880001_ATTGTTCTCCATTTAC-1	A	C3L-00088	Tumor	FALSE
CPT0000880001_ATTTACCAGGGCAGAG-1	A	C3L-00088	Tumor	FALSE
CPT0000880001_ATTTCACGTGTCCATA-1	A	C3L-00088	Tumor	FALSE
CPT0000880001_CAACAACGTTCGGGTC-1	A	C3L-00088	Tumor	FALSE
CPT0000880001_CAACAGTTCCCAACTC-1	A	C3L-00088	Tumor	FALSE
CPT0000880001_CAACCTCCACGCAAAG-1	A	C3L-00088	Tumor	FALSE
CPT0000880001_CAACCTCCACGGAAGT-1	A	C3L-00088	Tumor	FALSE
CPT0000880001_CAACCTCCAGCTGGTC-1	A	C3L-00088	Tumor	FALSE
CPT0000880001_CAAGGGAAGGGACAGG-1	A	C3L-00088	Tumor	FALSE
CPT0000880001_CACATGAGTTCAGTAC-1	A	C3L-00088	Tumor	FALSE
CPT0000880001_CACCGTTAGAAGCGAA-1	A	C3L-00088	Tumor	TRUE
CPT0000880001_CACCGTTTCGTACACA-1	A	C3L-00088	Tumor	FALSE
CPT0000880001_CACGTTCGTGAGCTCC-1	A	C3L-00088	Tumor	FALSE
CPT0000880001_CACGTTCTCGGTAGAG-1	A	C3L-00088	Tumor	FALSE
CPT0000880001_CACTGAATCCTCTAGC-1	A	C3L-00088	Tumor	FALSE
CPT0000880001_CACTGGGCAAGGCCTC-1	A	C3L-00088	Tumor	TRUE
CPT0000880001_CACTGGGTCATCAGTG-1	A	C3L-00088	Tumor	FALSE
CPT0000880001_CACTTCGTCGGTAGAG-1	A	C3L-00088	Tumor	TRUE
CPT0000880001_CAGAGCCCATAGACTC-1	A	C3L-00088	Tumor	FALSE
CPT0000880001_CAGATACTCGGCTGTG-1	A	C3L-00088	Tumor	FALSE
CPT0000880001_CAGCAATAGACGATAT-1	A	C3L-00088	Tumor	FALSE
CPT0000880001_CAGCAATGTTAAGACA-1	A	C3L-00088	Tumor	FALSE
CPT0000880001_CAGCACGCATAGAGGC-1	A	C3L-00088	Tumor	FALSE
CPT0000880001_CAGTTAGGTTGCAACT-1	A	C3L-00088	Tumor	FALSE
CPT0000880001_CAGTTAGTCATTACGG-1	A	C3L-00088	Tumor	FALSE
CPT0000880001_CAGTTCCGTCTCACGG-1	A	C3L-00088	Tumor	FALSE
CPT0000880001_CATACCCTCAATCTCT-1	A	C3L-00088	Tumor	TRUE
CPT0000880001_CATAGACCAGCGGATA-1	A	C3L-00088	Tumor	FALSE
CPT0000880001_CATGCAATCAGGGATG-1	A	C3L-00088	Tumor	FALSE
CPT0000880001_CATGCTCAGCTCTGTA-1	A	C3L-00088	Tumor	FALSE
CPT0000880001_CATGCTCCATCTCGTC-1	A	C3L-00088	Tumor	FALSE
CPT0000880001_CATGGATCATAGGTTC-1	A	C3L-00088	Tumor	TRUE
CPT0000880001_CATGGATGTCTCCCTA-1	A	C3L-00088	Tumor	TRUE
CPT0000880001_CATGGATGTGGACTAG-1	A	C3L-00088	Tumor	TRUE
CPT0000880001_CATGGTACAATGCTCA-1	A	C3L-00088	Tumor	TRUE
CPT0000880001_CATGGTACATGGTACT-1	A	C3L-00088	Tumor	FALSE
CPT0000880001_CATTCATCATCCGGTG-1	A	C3L-00088	Tumor	TRUE
CPT0000880001_CATTCCGTCGCATAGT-1	A	C3L-00088	Tumor	FALSE
CPT0000880001_CATTCTAAGTGTTGAA-1	A	C3L-00088	Tumor	TRUE
CPT0000880001_CCAATTTCACCAAAGG-1	A	C3L-00088	Tumor	TRUE
CPT0000880001_CCACAAAAGCCTTGAT-1	A	C3L-00088	Tumor	FALSE
CPT0000880001_CCACGAGGTACAAGTA-1	A	C3L-00088	Tumor	FALSE
CPT0000880001_CCATCACCACCTGCAG-1	A	C3L-00088	Tumor	FALSE
CPT0000880001_CCCAACTAGCCGAACA-1	A	C3L-00088	Tumor	FALSE
CPT0000880001_CCCATTGCATAGGTTC-1	A	C3L-00088	Tumor	FALSE
CPT0000880001_CCCTCAACAGCAGTGA-1	A	C3L-00088	Tumor	FALSE
CPT0000880001_CCCTGATGTGCAGATG-1	A	C3L-00088	Tumor	FALSE
CPT0000880001_CCCTTAGTCCGATTAG-1	A	C3L-00088	Tumor	TRUE
CPT0000880001_CCGAACGCAACAAAGT-1	A	C3L-00088	Tumor	TRUE
CPT0000880001_CCGAACGCATCCAATG-1	A	C3L-00088	Tumor	TRUE
CPT0000880001_CCGGACATCAGAGCGA-1	A	C3L-00088	Tumor	FALSE
CPT0000880001_CCGTGAGTCGGCAGTC-1	A	C3L-00088	Tumor	FALSE
CPT0000880001_CCGTTCAGTTGCTCCT-1	A	C3L-00088	Tumor	FALSE
CPT0000880001_CCGTTCATCCAGCACG-1	A	C3L-00088	Tumor	FALSE
CPT0000880001_CCTACGTCAGACGGAT-1	A	C3L-00088	Tumor	FALSE
CPT0000880001_CCTACGTGTCCATCTC-1	A	C3L-00088	Tumor	FALSE
CPT0000880001_CCTATCGCATGAGAAT-1	A	C3L-00088	Tumor	FALSE
CPT0000880001_CCTATCGTCCGTAGTA-1	A	C3L-00088	Tumor	FALSE
CPT0000880001_CCTCCTCTCATCACAG-1	A	C3L-00088	Tumor	FALSE
CPT0000880001_CCTCTCCCACCAAAGG-1	A	C3L-00088	Tumor	TRUE
CPT0000880001_CCTTCAGAGAAACACT-1	A	C3L-00088	Tumor	FALSE
CPT0000880001_CCTTGTGAGGTCACTT-1	A	C3L-00088	Tumor	FALSE
CPT0000880001_CGACAGCAGAGCAGCT-1	A	C3L-00088	Tumor	TRUE
CPT0000880001_CGAGGAAGTAGATCGG-1	A	C3L-00088	Tumor	FALSE
CPT0000880001_CGATCGGTCGCTCATC-1	A	C3L-00088	Tumor	FALSE
CPT0000880001_CGATGCGTCTGAGCAT-1	A	C3L-00088	Tumor	TRUE
CPT0000880001_CGATGCGTCTTCTCAA-1	A	C3L-00088	Tumor	FALSE
CPT0000880001_CGATGGCGTTATCTGG-1	A	C3L-00088	Tumor	FALSE
CPT0000880001_CGATGGCTCAGTCAGT-1	A	C3L-00088	Tumor	FALSE
CPT0000880001_CGATGGCTCTAGGCAT-1	A	C3L-00088	Tumor	TRUE
CPT0000880001_CGCATAATCGCGCTGA-1	A	C3L-00088	Tumor	FALSE
CPT0000880001_CGCATGGCAATAACGA-1	A	C3L-00088	Tumor	TRUE
CPT0000880001_CGCGTGAGTGGAATGC-1	A	C3L-00088	Tumor	FALSE
CPT0000880001_CGCGTGATCCTTATCA-1	A	C3L-00088	Tumor	FALSE
CPT0000880001_CGGGCATTCATACGGT-1	A	C3L-00088	Tumor	TRUE
CPT0000880001_CGGGTGTGTGCTCGTG-1	A	C3L-00088	Tumor	TRUE
CPT0000880001_CGTAAGTCACCTTCCA-1	A	C3L-00088	Tumor	FALSE
CPT0000880001_CGTCAAAGTGTGTCGC-1	A	C3L-00088	Tumor	TRUE
CPT0000880001_CGTCCATTCCTTATGT-1	A	C3L-00088	Tumor	TRUE
CPT0000880001_CTAACCCCACGCTGCA-1	A	C3L-00088	Tumor	TRUE
CPT0000880001_CTAACCCGTTGCATAC-1	A	C3L-00088	Tumor	FALSE
CPT0000880001_CTACAGACACTCTCGT-1	A	C3L-00088	Tumor	FALSE
CPT0000880001_CTAGGTAAGGTAAGTT-1	A	C3L-00088	Tumor	FALSE
CPT0000880001_CTCAACCTCTACCTTA-1	A	C3L-00088	Tumor	FALSE
CPT0000880001_CTCAGAATCAAGCGTT-1	A	C3L-00088	Tumor	FALSE
CPT0000880001_CTCATGCCACTACACA-1	A	C3L-00088	Tumor	TRUE
CPT0000880001_CTCCAACCAACACAGG-1	A	C3L-00088	Tumor	FALSE
CPT0000880001_CTCCAACGTCTCACGG-1	A	C3L-00088	Tumor	FALSE
CPT0000880001_CTCCGATTCAGGACGA-1	A	C3L-00088	Tumor	FALSE
CPT0000880001_CTCCGATTCTCAAAGC-1	A	C3L-00088	Tumor	FALSE
CPT0000880001_CTCCTTTCAGCGCTTG-1	A	C3L-00088	Tumor	FALSE
CPT0000880001_CTGCGAGTCTCTAAGG-1	A	C3L-00088	Tumor	FALSE
CPT0000880001_CTGCTCACACGGTGTC-1	A	C3L-00088	Tumor	FALSE
CPT0000880001_CTGTGAACAACGCCCA-1	A	C3L-00088	Tumor	FALSE
CPT0000880001_CTGTGAAGTCTAGGTT-1	A	C3L-00088	Tumor	TRUE
CPT0000880001_CTTCCTTCAGGGTCTC-1	A	C3L-00088	Tumor	TRUE
CPT0000880001_CTTCTCTCAATGCAGG-1	A	C3L-00088	Tumor	FALSE
CPT0000880001_GAAACCTAGAGCCATG-1	A	C3L-00088	Tumor	FALSE
CPT0000880001_GAAATGACATTCCTAT-1	A	C3L-00088	Tumor	FALSE
CPT0000880001_GAACTGTAGCATCCTA-1	A	C3L-00088	Tumor	FALSE
CPT0000880001_GAAGGGTGTCGAGTGA-1	A	C3L-00088	Tumor	FALSE
CPT0000880001_GAAGTAAAGATGCCGA-1	A	C3L-00088	Tumor	FALSE
CPT0000880001_GAAGTAACAGTAGGAC-1	A	C3L-00088	Tumor	FALSE
CPT0000880001_GAATCGTAGCGTCGAA-1	A	C3L-00088	Tumor	FALSE
CPT0000880001_GACACGCAGTGCTCAT-1	A	C3L-00088	Tumor	TRUE
CPT0000880001_GACCCTTTCCGATAGT-1	A	C3L-00088	Tumor	FALSE
CPT0000880001_GACGCTGGTCAGCGTC-1	A	C3L-00088	Tumor	FALSE
CPT0000880001_GACGTTAGTCAACGCC-1	A	C3L-00088	Tumor	FALSE
CPT0000880001_GACTCTCCATACTGAC-1	A	C3L-00088	Tumor	FALSE
CPT0000880001_GACTTCCCAGCTTTCC-1	A	C3L-00088	Tumor	FALSE
CPT0000880001_GAGACCCGTTCTCACC-1	A	C3L-00088	Tumor	TRUE
CPT0000880001_GAGACTTCAAACCACT-1	A	C3L-00088	Tumor	FALSE
CPT0000880001_GAGAGGTGTATTGGCT-1	A	C3L-00088	Tumor	FALSE
CPT0000880001_GAGGCAACAACCGCCA-1	A	C3L-00088	Tumor	FALSE
CPT0000880001_GAGGCAAGTTAAGACA-1	A	C3L-00088	Tumor	FALSE
CPT0000880001_GAGTTGTAGTCCTACA-1	A	C3L-00088	Tumor	FALSE
CPT0000880001_GAGTTTGGTTGCCATA-1	A	C3L-00088	Tumor	FALSE
CPT0000880001_GATGGAGAGGTTGTTC-1	A	C3L-00088	Tumor	FALSE
CPT0000880001_GATTCGACATAACCCA-1	A	C3L-00088	Tumor	TRUE
CPT0000880001_GATTTCTTCTCGCCTA-1	A	C3L-00088	Tumor	FALSE
CPT0000880001_GCAACCGGTACCAGAG-1	A	C3L-00088	Tumor	FALSE
CPT0000880001_GCACGTGCACAATGAA-1	A	C3L-00088	Tumor	FALSE
CPT0000880001_GCACTAAGTCAAGGCA-1	A	C3L-00088	Tumor	FALSE
CPT0000880001_GCAGCTGAGTAGCATA-1	A	C3L-00088	Tumor	FALSE
CPT0000880001_GCAGTTAAGTATTGCC-1	A	C3L-00088	Tumor	FALSE
CPT0000880001_GCATCGGTCGCGTGAC-1	A	C3L-00088	Tumor	FALSE
CPT0000880001_GCCAACGGTCTTGAAC-1	A	C3L-00088	Tumor	FALSE
CPT0000880001_GCCAGGTGTGGTCTTA-1	A	C3L-00088	Tumor	FALSE
CPT0000880001_GCCAGGTTCAACACGT-1	A	C3L-00088	Tumor	FALSE
CPT0000880001_GCCAGTGCAGCTGTAT-1	A	C3L-00088	Tumor	FALSE
CPT0000880001_GCCCAGAGTATTCCGA-1	A	C3L-00088	Tumor	TRUE
CPT0000880001_GCCTGTTAGACATAAC-1	A	C3L-00088	Tumor	FALSE
CPT0000880001_GCGGATCGTGTTCGTA-1	A	C3L-00088	Tumor	TRUE
CPT0000880001_GCGTGCAGTAACTTCG-1	A	C3L-00088	Tumor	TRUE
CPT0000880001_GCTACCTAGACAACTA-1	A	C3L-00088	Tumor	FALSE
CPT0000880001_GCTACCTTCCTACAAG-1	A	C3L-00088	Tumor	TRUE
CPT0000880001_GCTGAATGTGTCCGGT-1	A	C3L-00088	Tumor	FALSE
CPT0000880001_GCTGGGTGTAGTTACC-1	A	C3L-00088	Tumor	FALSE
CPT0000880001_GCTTGGGAGTAGGTTA-1	A	C3L-00088	Tumor	FALSE
CPT0000880001_GCTTGGGAGTCGGCCT-1	A	C3L-00088	Tumor	FALSE
CPT0000880001_GCTTTCGCATCCTTCG-1	A	C3L-00088	Tumor	FALSE
CPT0000880001_GGAATGGTCATAAGGA-1	A	C3L-00088	Tumor	FALSE
CPT0000880001_GGAATGGTCTCTCGCA-1	A	C3L-00088	Tumor	FALSE
CPT0000880001_GGAGCAACATGACACT-1	A	C3L-00088	Tumor	FALSE
CPT0000880001_GGCGTCACATAACCCA-1	A	C3L-00088	Tumor	FALSE
CPT0000880001_GGGAAGTGTCAAGCGA-1	A	C3L-00088	Tumor	FALSE
CPT0000880001_GGGACAAGTCTGTCAA-1	A	C3L-00088	Tumor	FALSE
CPT0000880001_GGGAGTACAGAGGCAT-1	A	C3L-00088	Tumor	TRUE
CPT0000880001_GGGCGTTAGCGTGCCT-1	A	C3L-00088	Tumor	FALSE
CPT0000880001_GGGTAGACAGATCCTA-1	A	C3L-00088	Tumor	FALSE
CPT0000880001_GGGTATTCATGGCCAC-1	A	C3L-00088	Tumor	TRUE
CPT0000880001_GGGTTATAGAGGTGCT-1	A	C3L-00088	Tumor	FALSE
CPT0000880001_GGTAATCAGAATAACC-1	A	C3L-00088	Tumor	FALSE
CPT0000880001_GGTAGAGAGAGGTTTA-1	A	C3L-00088	Tumor	FALSE
CPT0000880001_GGTGAAGAGAAGTCTA-1	A	C3L-00088	Tumor	FALSE
CPT0000880001_GGTGGCTCACCCTATC-1	A	C3L-00088	Tumor	FALSE
CPT0000880001_GTAACACGTAGCGCCT-1	A	C3L-00088	Tumor	TRUE
CPT0000880001_GTAACCAGTTAAGACA-1	A	C3L-00088	Tumor	FALSE
CPT0000880001_GTAATCGAGTCCGTCG-1	A	C3L-00088	Tumor	TRUE
CPT0000880001_GTAATCGGTTACGCCG-1	A	C3L-00088	Tumor	FALSE
CPT0000880001_GTAATCGTCTCAATCT-1	A	C3L-00088	Tumor	TRUE
CPT0000880001_GTAATGCGTGATACAA-1	A	C3L-00088	Tumor	FALSE
CPT0000880001_GTAATGCTCCTCAGAA-1	A	C3L-00088	Tumor	FALSE
CPT0000880001_GTACAGTCAGGCTCTG-1	A	C3L-00088	Tumor	FALSE
CPT0000880001_GTAGGAGAGTCCCAAT-1	A	C3L-00088	Tumor	FALSE
CPT0000880001_GTCAAACTCAATCAGC-1	A	C3L-00088	Tumor	FALSE
CPT0000880001_GTCAAGTCACATGTTG-1	A	C3L-00088	Tumor	FALSE
CPT0000880001_GTCAAGTGTTCTGAGT-1	A	C3L-00088	Tumor	TRUE
CPT0000880001_GTCACGGCACTCCGAG-1	A	C3L-00088	Tumor	FALSE
CPT0000880001_GTCACTCGTCGTGTTA-1	A	C3L-00088	Tumor	FALSE
CPT0000880001_GTCCACTAGCATGCAG-1	A	C3L-00088	Tumor	FALSE
CPT0000880001_GTCCTCACACGACGAA-1	A	C3L-00088	Tumor	FALSE
CPT0000880001_GTCCTCAGTCTTGGTA-1	A	C3L-00088	Tumor	TRUE
CPT0000880001_GTCTAGATCTTAGGAC-1	A	C3L-00088	Tumor	FALSE
CPT0000880001_GTGAGGAAGAGCCGTA-1	A	C3L-00088	Tumor	TRUE
CPT0000880001_GTGAGGATCATTGTGG-1	A	C3L-00088	Tumor	FALSE
CPT0000880001_GTGCTGGAGGCTTAAA-1	A	C3L-00088	Tumor	FALSE
CPT0000880001_GTGGAGACAGCCATTA-1	A	C3L-00088	Tumor	FALSE
CPT0000880001_GTGGTTATCATGCTAG-1	A	C3L-00088	Tumor	FALSE
CPT0000880001_GTGGTTATCCCGAAAT-1	A	C3L-00088	Tumor	FALSE
CPT0000880001_GTTACAGCATACCAGT-1	A	C3L-00088	Tumor	FALSE
CPT0000880001_GTTAGTGCATCGATAC-1	A	C3L-00088	Tumor	FALSE
CPT0000880001_GTTAGTGTCCAGCTCT-1	A	C3L-00088	Tumor	FALSE
CPT0000880001_GTTCATTGTATGCGTT-1	A	C3L-00088	Tumor	TRUE
CPT0000880001_GTTGAACGTTTGGAGG-1	A	C3L-00088	Tumor	FALSE
CPT0000880001_GTTGCTCAGCCGAATG-1	A	C3L-00088	Tumor	FALSE
CPT0000880001_GTTTACTAGCAGCGAT-1	A	C3L-00088	Tumor	FALSE
CPT0000880001_TAACACGAGACATCCT-1	A	C3L-00088	Tumor	FALSE
CPT0000880001_TAACACGGTGTGACCC-1	A	C3L-00088	Tumor	FALSE
CPT0000880001_TAACTTCAGCTCCATA-1	A	C3L-00088	Tumor	FALSE
CPT0000880001_TAACTTCAGGAAAGAC-1	A	C3L-00088	Tumor	TRUE
CPT0000880001_TAAGCCACACTAAACC-1	A	C3L-00088	Tumor	TRUE
CPT0000880001_TAAGCCAGTCTGATAC-1	A	C3L-00088	Tumor	TRUE
CPT0000880001_TAAGCGTAGATCCTAC-1	A	C3L-00088	Tumor	TRUE
CPT0000880001_TAAGCGTGTAATCAGA-1	A	C3L-00088	Tumor	TRUE
CPT0000880001_TAATCTCGTATCCTCC-1	A	C3L-00088	Tumor	FALSE
CPT0000880001_TACAGGTAGTGGATAT-1	A	C3L-00088	Tumor	TRUE
CPT0000880001_TACATTCAGGCCTAGA-1	A	C3L-00088	Tumor	FALSE
CPT0000880001_TACCGAATCCTGTTGC-1	A	C3L-00088	Tumor	FALSE
CPT0000880001_TACGCTCGTCGACTGC-1	A	C3L-00088	Tumor	FALSE
CPT0000880001_TACGGTACAAATCGGG-1	A	C3L-00088	Tumor	TRUE
CPT0000880001_TACGGTAGTCAACGCC-1	A	C3L-00088	Tumor	FALSE
CPT0000880001_TACTTCACATCCTAAG-1	A	C3L-00088	Tumor	FALSE
CPT0000880001_TAGACCAGTTCCACAA-1	A	C3L-00088	Tumor	FALSE
CPT0000880001_TAGATCGCACCTCAGG-1	A	C3L-00088	Tumor	FALSE
CPT0000880001_TATCTGTAGTTGGCGA-1	A	C3L-00088	Tumor	FALSE
CPT0000880001_TATGTTCCACTATGTG-1	A	C3L-00088	Tumor	FALSE
CPT0000880001_TATTGGGGTTGTGGCC-1	A	C3L-00088	Tumor	FALSE
CPT0000880001_TCACACCTCTGGCCAG-1	A	C3L-00088	Tumor	FALSE
CPT0000880001_TCACTCGTCCTTATGT-1	A	C3L-00088	Tumor	TRUE
CPT0000880001_TCAGCAAGTCGAATGG-1	A	C3L-00088	Tumor	TRUE
CPT0000880001_TCAGGGCTCGAAGCCC-1	A	C3L-00088	Tumor	FALSE
CPT0000880001_TCAGTTTAGCATGCGA-1	A	C3L-00088	Tumor	FALSE
CPT0000880001_TCAGTTTTCAACGAGG-1	A	C3L-00088	Tumor	FALSE
CPT0000880001_TCATACTCACATCATG-1	A	C3L-00088	Tumor	FALSE
CPT0000880001_TCATACTTCGAACCAT-1	A	C3L-00088	Tumor	TRUE
CPT0000880001_TCATATCAGCGTCGAA-1	A	C3L-00088	Tumor	TRUE
CPT0000880001_TCATTTGGTCTTACAG-1	A	C3L-00088	Tumor	FALSE
CPT0000880001_TCCACCACACGACGAA-1	A	C3L-00088	Tumor	FALSE
CPT0000880001_TCCGATCCACCACATA-1	A	C3L-00088	Tumor	FALSE
CPT0000880001_TCCTCCCAGGTGTGAC-1	A	C3L-00088	Tumor	FALSE
CPT0000880001_TCCTCGAGTCTACGTA-1	A	C3L-00088	Tumor	FALSE
CPT0000880001_TCCTCGAGTGTGAGCA-1	A	C3L-00088	Tumor	FALSE
CPT0000880001_TCGACCTCAGCCTTCT-1	A	C3L-00088	Tumor	FALSE
CPT0000880001_TCGCACTCAAGATCCT-1	A	C3L-00088	Tumor	FALSE
CPT0000880001_TCGGATAGTGTGAGCA-1	A	C3L-00088	Tumor	FALSE
CPT0000880001_TCGGATAGTTGTAAAG-1	A	C3L-00088	Tumor	TRUE
CPT0000880001_TCGGGACCATTCTCTA-1	A	C3L-00088	Tumor	FALSE
CPT0000880001_TCGGGCACACAAGCCC-1	A	C3L-00088	Tumor	TRUE
CPT0000880001_TCGGGCACATCGGCCA-1	A	C3L-00088	Tumor	TRUE
CPT0000880001_TCGTCCAGTTCAGCGC-1	A	C3L-00088	Tumor	FALSE
CPT0000880001_TCTACATCATCCGTTC-1	A	C3L-00088	Tumor	FALSE
CPT0000880001_TCTATCATCCCATGGG-1	A	C3L-00088	Tumor	FALSE
CPT0000880001_TCTTAGTCACCAGTTA-1	A	C3L-00088	Tumor	FALSE
CPT0000880001_TCTTCCTCAAAGGATT-1	A	C3L-00088	Tumor	FALSE
CPT0000880001_TGACGCGCAGGCGATA-1	A	C3L-00088	Tumor	FALSE
CPT0000880001_TGACTCCTCTTGGTCC-1	A	C3L-00088	Tumor	FALSE
CPT0000880001_TGAGACTAGTTCCTGA-1	A	C3L-00088	Tumor	TRUE
CPT0000880001_TGAGACTCAAGTGCTT-1	A	C3L-00088	Tumor	FALSE
CPT0000880001_TGAGACTGTTAATGAG-1	A	C3L-00088	Tumor	FALSE
CPT0000880001_TGAGCATAGAAACCAT-1	A	C3L-00088	Tumor	FALSE
CPT0000880001_TGAGCGCCACGACGTC-1	A	C3L-00088	Tumor	TRUE
CPT0000880001_TGAGGAGAGACATAAC-1	A	C3L-00088	Tumor	FALSE
CPT0000880001_TGATTTCGTCTGTAGT-1	A	C3L-00088	Tumor	FALSE
CPT0000880001_TGCATCCCAGAATTCC-1	A	C3L-00088	Tumor	FALSE
CPT0000880001_TGCATGATCTCTCGAC-1	A	C3L-00088	Tumor	FALSE
CPT0000880001_TGCCGAGCACCCTGTT-1	A	C3L-00088	Tumor	FALSE
CPT0000880001_TGCGACGTCTATCGTT-1	A	C3L-00088	Tumor	FALSE
CPT0000880001_TGCGATATCTCGCTTG-1	A	C3L-00088	Tumor	FALSE
CPT0000880001_TGGAGAGGTTAAACAG-1	A	C3L-00088	Tumor	TRUE
CPT0000880001_TGGCGTGAGTGAATAC-1	A	C3L-00088	Tumor	TRUE
CPT0000880001_TGGGAGAGTCCAGTTA-1	A	C3L-00088	Tumor	FALSE
CPT0000880001_TGGGCGTCAGGACATG-1	A	C3L-00088	Tumor	FALSE
CPT0000880001_TGGGCTGAGTGCAACG-1	A	C3L-00088	Tumor	FALSE
CPT0000880001_TGGGTTAAGTATGCAA-1	A	C3L-00088	Tumor	TRUE
CPT0000880001_TGGGTTACACTAGGTT-1	A	C3L-00088	Tumor	FALSE
CPT0000880001_TGTAAGCTCCCGTTCA-1	A	C3L-00088	Tumor	FALSE
CPT0000880001_TGTCCTGTCACTGCTC-1	A	C3L-00088	Tumor	FALSE
CPT0000880001_TGTGAGTAGGGCTTCC-1	A	C3L-00088	Tumor	TRUE
CPT0000880001_TGTGGCGTCAAGTGTC-1	A	C3L-00088	Tumor	FALSE
CPT0000880001_TGTTACTAGTAGTCAA-1	A	C3L-00088	Tumor	FALSE
CPT0000880001_TTAGTCTAGGATTACA-1	A	C3L-00088	Tumor	FALSE
CPT0000880001_TTCACGCCAAATGGCG-1	A	C3L-00088	Tumor	FALSE
CPT0000880001_TTCATTGTCTCTCAAT-1	A	C3L-00088	Tumor	FALSE
CPT0000880001_TTCCAATGTTGAAGTA-1	A	C3L-00088	Tumor	FALSE
CPT0000880001_TTCCAATTCTGTTCAT-1	A	C3L-00088	Tumor	FALSE
CPT0000880001_TTCCGGTCATGACCCG-1	A	C3L-00088	Tumor	TRUE
CPT0000880001_TTCCGGTTCTCCTGTG-1	A	C3L-00088	Tumor	FALSE
CPT0000880001_TTCCTCTCAGCGTAGA-1	A	C3L-00088	Tumor	TRUE
CPT0000880001_TTCGCTGAGACCAAGC-1	A	C3L-00088	Tumor	TRUE
CPT0000880001_TTCGCTGTCAACTGAC-1	A	C3L-00088	Tumor	FALSE
CPT0000880001_TTCTGTACAGCAATTC-1	A	C3L-00088	Tumor	FALSE
CPT0000880001_TTGACCCTCACCTCGT-1	A	C3L-00088	Tumor	FALSE
CPT0000880001_TTGATGGTCTTTGCTA-1	A	C3L-00088	Tumor	FALSE
CPT0000880001_TTGCATTGTTATGACC-1	A	C3L-00088	Tumor	FALSE
CPT0000880001_TTGCGTCTCGTGGCGT-1	A	C3L-00088	Tumor	FALSE
CPT0000880001_TTGCTGCAGACGCCCT-1	A	C3L-00088	Tumor	TRUE
CPT0000880001_TTGGTTTAGGAGTACC-1	A	C3L-00088	Tumor	FALSE
CPT0000880001_TTGTGGACAGGCTCTG-1	A	C3L-00088	Tumor	FALSE
CPT0000880001_TTTCCTCGTCAGATTC-1	A	C3L-00088	Tumor	FALSE
CPT0000880001_TTTGGAGAGTTTCGAC-1	A	C3L-00088	Tumor	FALSE
CPT0000880001_TTTGGTTTCGCAGATT-1	A	C3L-00088	Tumor	FALSE
CPT0000870003_AAAGGGCCATCACAGT-1	A	C3L-00088	Tumor	FALSE
CPT0000870003_AAAGGTACACAATCTG-1	A	C3L-00088	Tumor	FALSE
CPT0000870003_AAATGGAGTGTGAGCA-1	A	C3L-00088	Tumor	FALSE
CPT0000870003_AACAACCCAGGTAGTG-1	A	C3L-00088	Tumor	FALSE
CPT0000870003_AACAACCGTGTTGATC-1	A	C3L-00088	Tumor	FALSE
CPT0000870003_AACCCAAGTCCCTAAA-1	A	C3L-00088	Tumor	FALSE
CPT0000870003_AACCCAATCAGTGGGA-1	A	C3L-00088	Tumor	FALSE
CPT0000870003_AACGTCACACATGTTG-1	A	C3L-00088	Tumor	TRUE
CPT0000870003_AACTTCTAGGTCGTCC-1	A	C3L-00088	Tumor	FALSE
CPT0000870003_AAGACTCCACGACGTC-1	A	C3L-00088	Tumor	FALSE
CPT0000870003_AAGGTAATCCGGTTCT-1	A	C3L-00088	Tumor	FALSE
CPT0000870003_AAGTTCGAGGTACCTT-1	A	C3L-00088	Tumor	FALSE
CPT0000870003_AATAGAGAGCGAGAAA-1	A	C3L-00088	Tumor	FALSE
CPT0000870003_AATAGAGCACCGAATT-1	A	C3L-00088	Tumor	FALSE
CPT0000870003_AATCGACCATGAGGGT-1	A	C3L-00088	Tumor	FALSE
CPT0000870003_AATCGTGCATAATCGC-1	A	C3L-00088	Tumor	FALSE
CPT0000870003_AATCGTGGTACTGGGA-1	A	C3L-00088	Tumor	FALSE
CPT0000870003_AATTCCTTCTTGATTC-1	A	C3L-00088	Tumor	FALSE
CPT0000870003_ACAAAGAAGGCTGGAT-1	A	C3L-00088	Tumor	FALSE
CPT0000870003_ACAAAGACAGGACAGT-1	A	C3L-00088	Tumor	TRUE
CPT0000870003_ACAAAGAGTAGGCAGT-1	A	C3L-00088	Tumor	FALSE
CPT0000870003_ACAGCCGTCATCGTAG-1	A	C3L-00088	Tumor	FALSE
CPT0000870003_ACATGCAGTCGTCAGC-1	A	C3L-00088	Tumor	FALSE
CPT0000870003_ACATTTCAGGTTCCAT-1	A	C3L-00088	Tumor	FALSE
CPT0000870003_ACCTACCCACATATGC-1	A	C3L-00088	Tumor	FALSE
CPT0000870003_ACCTGAATCTTAGCCC-1	A	C3L-00088	Tumor	FALSE
CPT0000870003_ACGATGTAGAAGTATC-1	A	C3L-00088	Tumor	TRUE
CPT0000870003_ACGGAAGGTCAGATTC-1	A	C3L-00088	Tumor	FALSE
CPT0000870003_ACGGTCGCAGGGAATC-1	A	C3L-00088	Tumor	FALSE
CPT0000870003_ACTTAGGCAGTGCGCT-1	A	C3L-00088	Tumor	TRUE
CPT0000870003_AGACTCATCCGATAGT-1	A	C3L-00088	Tumor	TRUE
CPT0000870003_AGAGAATGTACAGTCT-1	A	C3L-00088	Tumor	FALSE
CPT0000870003_AGCCAATAGGCAGGTT-1	A	C3L-00088	Tumor	FALSE
CPT0000870003_AGCCAATAGGGTTAGC-1	A	C3L-00088	Tumor	TRUE
CPT0000870003_AGCCAATGTTATCTGG-1	A	C3L-00088	Tumor	FALSE
CPT0000870003_AGCCAGCCACAAATGA-1	A	C3L-00088	Tumor	FALSE
CPT0000870003_AGCTCAACATAGTCGT-1	A	C3L-00088	Tumor	FALSE
CPT0000870003_AGGATAAGTCTCAGGC-1	A	C3L-00088	Tumor	TRUE
CPT0000870003_AGGGCCTAGATTAGTG-1	A	C3L-00088	Tumor	FALSE
CPT0000870003_AGGGTCCTCCTCGATC-1	A	C3L-00088	Tumor	FALSE
CPT0000870003_AGGGTGATCGGAAACG-1	A	C3L-00088	Tumor	FALSE
CPT0000870003_AGGGTTTCATTGCAAC-1	A	C3L-00088	Tumor	FALSE
CPT0000870003_AGGTGTTAGCTAGCCC-1	A	C3L-00088	Tumor	FALSE
CPT0000870003_AGTAGTCAGCAAATCA-1	A	C3L-00088	Tumor	FALSE
CPT0000870003_AGTCACAAGCTATCTG-1	A	C3L-00088	Tumor	TRUE
CPT0000870003_AGTCACACAATCGCAT-1	A	C3L-00088	Tumor	TRUE
CPT0000870003_AGTTCCCCAATGCAGG-1	A	C3L-00088	Tumor	FALSE
CPT0000870003_AGTTCCCCACCAGCTG-1	A	C3L-00088	Tumor	TRUE
CPT0000870003_ATACCGAGTCGAGCTC-1	A	C3L-00088	Tumor	FALSE
CPT0000870003_ATCGTAGAGGCTCACC-1	A	C3L-00088	Tumor	FALSE
CPT0000870003_ATCGTCCGTTCACCGG-1	A	C3L-00088	Tumor	FALSE
CPT0000870003_ATCTTCACACATTCTT-1	A	C3L-00088	Tumor	FALSE
CPT0000870003_ATGGTTGCACCCAATA-1	A	C3L-00088	Tumor	FALSE
CPT0000870003_ATTATCCAGCGAATGC-1	A	C3L-00088	Tumor	FALSE
CPT0000870003_ATTCAGGTCTTCACAT-1	A	C3L-00088	Tumor	FALSE
CPT0000870003_ATTCCATGTCCTACGG-1	A	C3L-00088	Tumor	FALSE
CPT0000870003_ATTCGTTTCTCGTGAA-1	A	C3L-00088	Tumor	FALSE
CPT0000870003_ATTTACCTCGCTACGG-1	A	C3L-00088	Tumor	FALSE
CPT0000870003_ATTTCACAGCTCCCTT-1	A	C3L-00088	Tumor	FALSE
CPT0000870003_CAACAACTCCGACAGC-1	A	C3L-00088	Tumor	TRUE
CPT0000870003_CAAGCTACAGCCTATA-1	A	C3L-00088	Tumor	TRUE
CPT0000870003_CAAGCTAGTATCACCA-1	A	C3L-00088	Tumor	FALSE
CPT0000870003_CACGAATCATACCAGT-1	A	C3L-00088	Tumor	TRUE
CPT0000870003_CACTGTCTCGTAACCA-1	A	C3L-00088	Tumor	FALSE
CPT0000870003_CACTTCGTCTTACACT-1	A	C3L-00088	Tumor	FALSE
CPT0000870003_CAGCGTGTCGAGCACC-1	A	C3L-00088	Tumor	FALSE
CPT0000870003_CAGGTATTCCGCAACG-1	A	C3L-00088	Tumor	FALSE
CPT0000870003_CAGTGCGTCTGCACCT-1	A	C3L-00088	Tumor	FALSE
CPT0000870003_CATGCCTTCGAGTTGT-1	A	C3L-00088	Tumor	TRUE
CPT0000870003_CATGGATCAGACAAAT-1	A	C3L-00088	Tumor	FALSE
CPT0000870003_CATGGATTCATCGCAA-1	A	C3L-00088	Tumor	FALSE
CPT0000870003_CCATAAGGTCCTGTCT-1	A	C3L-00088	Tumor	FALSE
CPT0000870003_CCCTGATCAGTTAAAG-1	A	C3L-00088	Tumor	TRUE
CPT0000870003_CCGGTAGGTTATTCCT-1	A	C3L-00088	Tumor	FALSE
CPT0000870003_CCTAAGAAGCTCTATG-1	A	C3L-00088	Tumor	FALSE
CPT0000870003_CGAGAAGTCGGTGAAG-1	A	C3L-00088	Tumor	FALSE
CPT0000870003_CGAGTGCAGCCTGGAA-1	A	C3L-00088	Tumor	FALSE
CPT0000870003_CGAGTGCCAACACGTT-1	A	C3L-00088	Tumor	TRUE
CPT0000870003_CGCCAGAGTCGACTTA-1	A	C3L-00088	Tumor	FALSE
CPT0000870003_CGCGTGAAGAGCAAGA-1	A	C3L-00088	Tumor	FALSE
CPT0000870003_CGGGACTCAGTCCCGA-1	A	C3L-00088	Tumor	FALSE
CPT0000870003_CGTAATGTCCACGGAC-1	A	C3L-00088	Tumor	FALSE
CPT0000870003_CGTAGTAAGGTCCTGC-1	A	C3L-00088	Tumor	FALSE
CPT0000870003_CGTCCATAGGTCACCC-1	A	C3L-00088	Tumor	TRUE
CPT0000870003_CGTGAATAGAGTCGAC-1	A	C3L-00088	Tumor	FALSE
CPT0000870003_CTACTATGTGAGCAGT-1	A	C3L-00088	Tumor	FALSE
CPT0000870003_CTCACTGGTCTACGAT-1	A	C3L-00088	Tumor	FALSE
CPT0000870003_CTCAGAATCACCTCGT-1	A	C3L-00088	Tumor	FALSE
CPT0000870003_CTCATGCTCTGGACCG-1	A	C3L-00088	Tumor	TRUE
CPT0000870003_CTCGAGGAGCACTAAA-1	A	C3L-00088	Tumor	TRUE
CPT0000870003_CTCTCAGAGGAATGTT-1	A	C3L-00088	Tumor	FALSE
CPT0000870003_CTCTGGTCATGTTCGA-1	A	C3L-00088	Tumor	FALSE
CPT0000870003_CTGAATGCAAGAGTGC-1	A	C3L-00088	Tumor	FALSE
CPT0000870003_CTGCAGGAGGGCTGAT-1	A	C3L-00088	Tumor	FALSE
CPT0000870003_CTGCCATAGAATTGTG-1	A	C3L-00088	Tumor	FALSE
CPT0000870003_CTGGCAGTCCGATTAG-1	A	C3L-00088	Tumor	TRUE
CPT0000870003_CTGGTCTAGCTTACGT-1	A	C3L-00088	Tumor	FALSE
CPT0000870003_CTGTGAACAACACAGG-1	A	C3L-00088	Tumor	FALSE
CPT0000870003_CTTCTAATCAGTCTTT-1	A	C3L-00088	Tumor	FALSE
CPT0000870003_CTTCTCTGTCCCTGTT-1	A	C3L-00088	Tumor	FALSE
CPT0000870003_GAAGAATTCCGTCACT-1	A	C3L-00088	Tumor	FALSE
CPT0000870003_GAAGCCCCAACGCCCA-1	A	C3L-00088	Tumor	FALSE
CPT0000870003_GAATCGTTCGGTCAGC-1	A	C3L-00088	Tumor	TRUE
CPT0000870003_GAGAAATTCAAGGTGG-1	A	C3L-00088	Tumor	FALSE
CPT0000870003_GAGGCCTGTCAAAGTA-1	A	C3L-00088	Tumor	TRUE
CPT0000870003_GAGTGAGAGTATCTGC-1	A	C3L-00088	Tumor	FALSE
CPT0000870003_GAGTTTGTCAAGTTGC-1	A	C3L-00088	Tumor	FALSE
CPT0000870003_GATCACATCAAATGAG-1	A	C3L-00088	Tumor	FALSE
CPT0000870003_GATGTTGCATCAGTCA-1	A	C3L-00088	Tumor	TRUE
CPT0000870003_GATTGGTTCCTCTAGC-1	A	C3L-00088	Tumor	FALSE
CPT0000870003_GCACGTGGTTCTGACA-1	A	C3L-00088	Tumor	TRUE
CPT0000870003_GCGAGAATCCGTTGAA-1	A	C3L-00088	Tumor	FALSE
CPT0000870003_GCGTGCAGTTAGAGTA-1	A	C3L-00088	Tumor	FALSE
CPT0000870003_GCTGGGTGTCCGAAAG-1	A	C3L-00088	Tumor	FALSE
CPT0000870003_GCTTTCGGTCTCGCGA-1	A	C3L-00088	Tumor	TRUE
CPT0000870003_GGAGGATTCGATACGT-1	A	C3L-00088	Tumor	FALSE
CPT0000870003_GGCACGTAGAAGGGAT-1	A	C3L-00088	Tumor	FALSE
CPT0000870003_GGGACAAGTGACCTGC-1	A	C3L-00088	Tumor	FALSE
CPT0000870003_GGGCTACTCCTCACCA-1	A	C3L-00088	Tumor	TRUE
CPT0000870003_GGGTATTGTGGTTCTA-1	A	C3L-00088	Tumor	FALSE
CPT0000870003_GGGTGAAGTTAAGGAT-1	A	C3L-00088	Tumor	TRUE
CPT0000870003_GGTAATCTCCGAGATT-1	A	C3L-00088	Tumor	FALSE
CPT0000870003_GGTGAAGCAATAACGA-1	A	C3L-00088	Tumor	FALSE
CPT0000870003_GGTTCTCGTTAGGCTT-1	A	C3L-00088	Tumor	FALSE
CPT0000870003_GGTTGTAAGGGCGAGA-1	A	C3L-00088	Tumor	FALSE
CPT0000870003_GTAATCGGTCATCGCG-1	A	C3L-00088	Tumor	TRUE
CPT0000870003_GTAGGAGAGCGCCTCA-1	A	C3L-00088	Tumor	FALSE
CPT0000870003_GTAGGTTTCCACGGAC-1	A	C3L-00088	Tumor	FALSE
CPT0000870003_GTCATCCCACAATCTG-1	A	C3L-00088	Tumor	TRUE
CPT0000870003_GTCATGACATTGAGGG-1	A	C3L-00088	Tumor	FALSE
CPT0000870003_GTCGTAACACCAGACC-1	A	C3L-00088	Tumor	FALSE
CPT0000870003_GTCTTTAGTGTATTGC-1	A	C3L-00088	Tumor	FALSE
CPT0000870003_GTGGAAGAGAATCTAG-1	A	C3L-00088	Tumor	TRUE
CPT0000870003_GTGGAAGAGGAGTATT-1	A	C3L-00088	Tumor	FALSE
CPT0000870003_GTGGAAGAGTGGAATT-1	A	C3L-00088	Tumor	FALSE
CPT0000870003_GTGGTTAGTTTCAGAC-1	A	C3L-00088	Tumor	FALSE
CPT0000870003_GTGTTAGCAGAGGGTT-1	A	C3L-00088	Tumor	FALSE
CPT0000870003_GTGTTAGGTCGCGGTT-1	A	C3L-00088	Tumor	TRUE
CPT0000870003_GTTGCGGCATGGAATA-1	A	C3L-00088	Tumor	TRUE
CPT0000870003_TACCTCGGTTATGTCG-1	A	C3L-00088	Tumor	FALSE
CPT0000870003_TACTTCAGTCAACGCC-1	A	C3L-00088	Tumor	FALSE
CPT0000870003_TAGACTGAGGCATGCA-1	A	C3L-00088	Tumor	FALSE
CPT0000870003_TAGGGTTAGAGTCAGC-1	A	C3L-00088	Tumor	FALSE
CPT0000870003_TATTGCTCAGGCGAAT-1	A	C3L-00088	Tumor	FALSE
CPT0000870003_TCAAGACTCCTCACGT-1	A	C3L-00088	Tumor	FALSE
CPT0000870003_TCAATCTGTCCGGCAT-1	A	C3L-00088	Tumor	FALSE
CPT0000870003_TCAATTCGTCACGTGC-1	A	C3L-00088	Tumor	FALSE
CPT0000870003_TCACTCGGTGAGTGAC-1	A	C3L-00088	Tumor	FALSE
CPT0000870003_TCAGCCTTCCAATCTT-1	A	C3L-00088	Tumor	FALSE
CPT0000870003_TCAGTCCTCATCTACT-1	A	C3L-00088	Tumor	FALSE
CPT0000870003_TCATGTTTCGTGCACG-1	A	C3L-00088	Tumor	FALSE
CPT0000870003_TCATTCAGTACCACGC-1	A	C3L-00088	Tumor	FALSE
CPT0000870003_TCATTTGCACCTGAAT-1	A	C3L-00088	Tumor	FALSE
CPT0000870003_TCCGATCCATCACGGC-1	A	C3L-00088	Tumor	TRUE
CPT0000870003_TCCTAATTCAAGCTTG-1	A	C3L-00088	Tumor	FALSE
CPT0000870003_TCGAACACATGTTACG-1	A	C3L-00088	Tumor	FALSE
CPT0000870003_TCGGGACTCATTCCTA-1	A	C3L-00088	Tumor	FALSE
CPT0000870003_TCGGTCTTCGCCAATA-1	A	C3L-00088	Tumor	FALSE
CPT0000870003_TCTAACTCAATCGTCA-1	A	C3L-00088	Tumor	TRUE
CPT0000870003_TCTATACGTCGCTGCA-1	A	C3L-00088	Tumor	FALSE
CPT0000870003_TCTGGCTCACAGCATT-1	A	C3L-00088	Tumor	FALSE
CPT0000870003_TCTTGCGTCAATGCAC-1	A	C3L-00088	Tumor	FALSE
CPT0000870003_TGAATCGCATAATCCG-1	A	C3L-00088	Tumor	FALSE
CPT0000870003_TGACAGTAGGTTCCAT-1	A	C3L-00088	Tumor	FALSE
CPT0000870003_TGACCCTTCTTCTCAA-1	A	C3L-00088	Tumor	FALSE
CPT0000870003_TGACGCGGTTCGAGCC-1	A	C3L-00088	Tumor	FALSE
CPT0000870003_TGACTCCCAGTTAGAA-1	A	C3L-00088	Tumor	TRUE
CPT0000870003_TGACTCCCATCAGTGT-1	A	C3L-00088	Tumor	TRUE
CPT0000870003_TGCACGGTCTCGCGTT-1	A	C3L-00088	Tumor	FALSE
CPT0000870003_TGCATGAAGCGTTAGG-1	A	C3L-00088	Tumor	FALSE
CPT0000870003_TGCGACGCAGGTCTCG-1	A	C3L-00088	Tumor	TRUE
CPT0000870003_TGGGATTAGGGACCAT-1	A	C3L-00088	Tumor	FALSE
CPT0000870003_TGGTTAGAGGAACGCT-1	A	C3L-00088	Tumor	FALSE
CPT0000870003_TGTTCATGTTTCGATG-1	A	C3L-00088	Tumor	FALSE
CPT0000870003_TGTTTGTCACGTAACT-1	A	C3L-00088	Tumor	FALSE
CPT0000870003_TGTTTGTTCCCGAACG-1	A	C3L-00088	Tumor	FALSE
CPT0000870003_TTAATCCGTCCGGATC-1	A	C3L-00088	Tumor	FALSE
CPT0000870003_TTACCGCCACCTGCGA-1	A	C3L-00088	Tumor	TRUE
CPT0000870003_TTACGTTCAGTACTAC-1	A	C3L-00088	Tumor	FALSE
CPT0000870003_TTAGGGTGTGCAACAG-1	A	C3L-00088	Tumor	FALSE
CPT0000870003_TTAGGGTTCCGGACGT-1	A	C3L-00088	Tumor	FALSE
CPT0000870003_TTCAGGAGTGCAAGAC-1	A	C3L-00088	Tumor	FALSE
CPT0000870003_TTCCAATAGCCTGTCG-1	A	C3L-00088	Tumor	FALSE
CPT0000870003_TTCCACGCACACGGTC-1	A	C3L-00088	Tumor	FALSE
CPT0000870003_TTCCTTCCACGACAGA-1	A	C3L-00088	Tumor	FALSE
CPT0000870003_TTCCTTCTCCTGTAAG-1	A	C3L-00088	Tumor	FALSE
CPT0000870003_TTCTAGTCAGTCGGTC-1	A	C3L-00088	Tumor	TRUE
CPT0000870003_TTCTAGTTCCTCACTG-1	A	C3L-00088	Tumor	FALSE
CPT0000870003_TTGACCCGTATCGAGG-1	A	C3L-00088	Tumor	FALSE
CPT0000870003_TTGACCCTCCATAGGT-1	A	C3L-00088	Tumor	FALSE
CPT0000870003_TTGCATTGTGCCTACG-1	A	C3L-00088	Tumor	TRUE
CPT0000870003_TTGCGTCTCCTCGCAT-1	A	C3L-00088	Tumor	FALSE
CPT0000870003_TTGTGGACACGCAGTC-1	A	C3L-00088	Tumor	FALSE
CPT0000870003_TTGTTGTCAAACTCTG-1	A	C3L-00088	Tumor	FALSE
CPT0000870003_TTTACTGAGGGCAGAG-1	A	C3L-00088	Tumor	FALSE
CPT0001180011_AAGGTAACAAGAGAGA-1	A	C3L-00096	Tumor	FALSE
CPT0001180011_AGGGTGAAGTGCACAG-1	A	C3L-00096	Tumor	TRUE
CPT0001180011_ATCCCTGGTAGCTTTG-1	A	C3L-00096	Tumor	FALSE
CPT0001180011_ATCGTAGAGTCAGGGT-1	A	C3L-00096	Tumor	TRUE
CPT0001180011_ATCGTGATCAGTGTCA-1	A	C3L-00096	Tumor	FALSE
CPT0001180011_CCTATCGCATCAGTCA-1	A	C3L-00096	Tumor	FALSE
CPT0001180011_GAGATGGGTTGGTACT-1	A	C3L-00096	Tumor	FALSE
CPT0001180011_TATATCCAGCTAAGTA-1	A	C3L-00096	Tumor	FALSE
CPT0001180011_TCATATCCATGACTGT-1	A	C3L-00096	Tumor	FALSE
CPT0001180011_TCTTAGTTCTACACTT-1	A	C3L-00096	Tumor	FALSE
CPT0001180011_TTCGGTCCAGCGACAA-1	A	C3L-00096	Tumor	FALSE
CPT0001180011_TTGTTCATCAACTTTC-1	A	C3L-00096	Tumor	FALSE
CPT0010100001_AAAGTGACACGAGGAT-1	A	C3L-00416	Tumor	FALSE
CPT0010100001_AACGAAACAGACACCC-1	A	C3L-00416	Tumor	FALSE
CPT0010100001_AAGTACCTCAGGACAG-1	A	C3L-00416	Tumor	FALSE
CPT0010100001_ACAAAGAAGACATGCG-1	A	C3L-00416	Tumor	FALSE
CPT0010100001_ACACAGTCATACAGAA-1	A	C3L-00416	Tumor	FALSE
CPT0010100001_ACATTTCCACAGAAGC-1	A	C3L-00416	Tumor	FALSE
CPT0010100001_ACCTACCGTTACCCAA-1	A	C3L-00416	Tumor	FALSE
CPT0010100001_ACTACGACATGAAGCG-1	A	C3L-00416	Tumor	FALSE
CPT0010100001_AGACACTGTGACACGA-1	A	C3L-00416	Tumor	FALSE
CPT0010100001_AGTCATGCAGTCGTTA-1	A	C3L-00416	Tumor	FALSE
CPT0010100001_ATATCCTGTAATCAGA-1	A	C3L-00416	Tumor	FALSE
CPT0010100001_ATCCATTTCATGAGTC-1	A	C3L-00416	Tumor	FALSE
CPT0010100001_ATGCATGTCGACATAC-1	A	C3L-00416	Tumor	FALSE
CPT0010100001_ATGGGAGAGATTCGAA-1	A	C3L-00416	Tumor	FALSE
CPT0010100001_ATTCAGGGTAACCCTA-1	A	C3L-00416	Tumor	FALSE
CPT0010100001_ATTTACCGTGCGTCGT-1	A	C3L-00416	Tumor	FALSE
CPT0010100001_CATACTTTCTTGCAGA-1	A	C3L-00416	Tumor	FALSE
CPT0010100001_CATCGGGAGCCGTTAT-1	A	C3L-00416	Tumor	FALSE
CPT0010100001_CCTAAGAAGCTACAAA-1	A	C3L-00416	Tumor	FALSE
CPT0010100001_CCTGCATTCCCATTCG-1	A	C3L-00416	Tumor	TRUE
CPT0010100001_CGAATTGAGAAACTGT-1	A	C3L-00416	Tumor	FALSE
CPT0010100001_CGATGCGTCCTATTGT-1	A	C3L-00416	Tumor	TRUE
CPT0010100001_CGCATGGCACATATGC-1	A	C3L-00416	Tumor	FALSE
CPT0010100001_CGCCAGAAGTCAATCC-1	A	C3L-00416	Tumor	FALSE
CPT0010100001_CGGACACAGCTGACTT-1	A	C3L-00416	Tumor	FALSE
CPT0010100001_CGGGTCAAGACGGTCA-1	A	C3L-00416	Tumor	FALSE
CPT0010100001_CGGGTGTCATGACGGA-1	A	C3L-00416	Tumor	FALSE
CPT0010100001_CTAAGTGCATGCTGCG-1	A	C3L-00416	Tumor	TRUE
CPT0010100001_CTGTCGTCAGACATCT-1	A	C3L-00416	Tumor	FALSE
CPT0010100001_CTTGATTAGCTAGATA-1	A	C3L-00416	Tumor	TRUE
CPT0010100001_GACAGCCTCAATCAGC-1	A	C3L-00416	Tumor	FALSE
CPT0010100001_GATCCCTCAGGCGATA-1	A	C3L-00416	Tumor	FALSE
CPT0010100001_GCAACATGTGACAACG-1	A	C3L-00416	Tumor	FALSE
CPT0010100001_GCATTAGCAAAGCAAT-1	A	C3L-00416	Tumor	FALSE
CPT0010100001_GCCATGGTCAACGCTA-1	A	C3L-00416	Tumor	FALSE
CPT0010100001_GCTACCTGTCGGAACA-1	A	C3L-00416	Tumor	FALSE
CPT0010100001_GCTCAAAAGACTCATC-1	A	C3L-00416	Tumor	FALSE
CPT0010100001_GGTAACTAGATCACCT-1	A	C3L-00416	Tumor	TRUE
CPT0010100001_GTCACTCGTGGATCGA-1	A	C3L-00416	Tumor	FALSE
CPT0010100001_GTTCCGTAGGGAGGTG-1	A	C3L-00416	Tumor	FALSE
CPT0010100001_TACCCACAGCCGATTT-1	A	C3L-00416	Tumor	FALSE
CPT0010100001_TACCGGGCAACCAACT-1	A	C3L-00416	Tumor	TRUE
CPT0010100001_TACTTGTCAAATGCGG-1	A	C3L-00416	Tumor	FALSE
CPT0010100001_TCACACCTCTATCGGA-1	A	C3L-00416	Tumor	FALSE
CPT0010100001_TCACGCTGTAGCACAG-1	A	C3L-00416	Tumor	FALSE
CPT0010100001_TCCTTCTTCGCTGATA-1	A	C3L-00416	Tumor	FALSE
CPT0010100001_TGATGCAAGTTAGTAG-1	A	C3L-00416	Tumor	TRUE
CPT0010100001_TGATTCTTCTCTAGGA-1	A	C3L-00416	Tumor	FALSE
CPT0010100001_TGGAGGAGTTTCGTGA-1	A	C3L-00416	Tumor	FALSE
CPT0010100001_TGGGATTCAGTTCACA-1	A	C3L-00416	Tumor	FALSE
CPT0010100001_TGTAACGCATGACTAC-1	A	C3L-00416	Tumor	FALSE
CPT0010100001_TGTAAGCCAGAAATCA-1	A	C3L-00416	Tumor	FALSE
CPT0010100001_TGTGGCGGTGATCGTT-1	A	C3L-00416	Tumor	FALSE
CPT0010100001_TTCCACGGTACGATTC-1	A	C3L-00416	Tumor	FALSE
CPT0010100001_TTCCGTGTCGTCCATC-1	A	C3L-00416	Tumor	FALSE
CPT0010100001_TTTCACAGTTTGAACC-1	A	C3L-00416	Tumor	FALSE
CPT0010100001_TTTCATGTCCCTCTCC-1	A	C3L-00416	Tumor	TRUE
CPT0010100001_TTTCGATTCATGAAAG-1	A	C3L-00416	Tumor	FALSE
CPT0010160004_AAACGAACACTCCTTG-1	A	C3L-00448	Tumor	FALSE
CPT0010160004_AAAGTGATCTTTGATC-1	A	C3L-00448	Tumor	TRUE
CPT0010160004_AACAAAGGTACCATAC-1	A	C3L-00448	Tumor	FALSE
CPT0010160004_AACCAACAGCGACTTT-1	A	C3L-00448	Tumor	FALSE
CPT0010160004_AACGAAACATTGCCTC-1	A	C3L-00448	Tumor	FALSE
CPT0010160004_AACGGGAGTGAAGCGT-1	A	C3L-00448	Tumor	FALSE
CPT0010160004_AAGAACAGTCTAATCG-1	A	C3L-00448	Tumor	FALSE
CPT0010160004_AAGCATCGTGGATCGA-1	A	C3L-00448	Tumor	TRUE
CPT0010160004_AATCACGTCACATTGG-1	A	C3L-00448	Tumor	FALSE
CPT0010160004_AATGACCAGCTCGCAC-1	A	C3L-00448	Tumor	FALSE
CPT0010160004_ACACCAAGTTCTTGCC-1	A	C3L-00448	Tumor	FALSE
CPT0010160004_ACACTGACATTCTTCA-1	A	C3L-00448	Tumor	FALSE
CPT0010160004_ACAGAAACATAGATGA-1	A	C3L-00448	Tumor	FALSE
CPT0010160004_ACGATGTAGCACCAGA-1	A	C3L-00448	Tumor	FALSE
CPT0010160004_ACGTAGTTCTTTGCTA-1	A	C3L-00448	Tumor	TRUE
CPT0010160004_ACTACGATCTGGAAGG-1	A	C3L-00448	Tumor	FALSE
CPT0010160004_AGACCCGGTCTCAGGC-1	A	C3L-00448	Tumor	FALSE
CPT0010160004_AGCTCAAAGTGAATAC-1	A	C3L-00448	Tumor	TRUE
CPT0010160004_AGGATAAAGTGCACAG-1	A	C3L-00448	Tumor	FALSE
CPT0010160004_AGGTTGTTCCGACGGT-1	A	C3L-00448	Tumor	FALSE
CPT0010160004_AGTACCAAGAGTCAGC-1	A	C3L-00448	Tumor	FALSE
CPT0010160004_AGTCTCCCAAATACGA-1	A	C3L-00448	Tumor	FALSE
CPT0010160004_ATATCCTAGACTCATC-1	A	C3L-00448	Tumor	TRUE
CPT0010160004_ATCACAGCAAGAGAGA-1	A	C3L-00448	Tumor	FALSE
CPT0010160004_ATCCGTCTCCAGTACA-1	A	C3L-00448	Tumor	FALSE
CPT0010160004_ATCGCCTAGAGCCCAA-1	A	C3L-00448	Tumor	FALSE
CPT0010160004_ATCGGATGTCAACCAT-1	A	C3L-00448	Tumor	TRUE
CPT0010160004_ATCGTGAGTGTAAATG-1	A	C3L-00448	Tumor	FALSE
CPT0010160004_ATGATCGCAATAGAGT-1	A	C3L-00448	Tumor	FALSE
CPT0010160004_ATGCCTCGTGCGTGCT-1	A	C3L-00448	Tumor	FALSE
CPT0010160004_ATTCCCGGTCGAATGG-1	A	C3L-00448	Tumor	FALSE
CPT0010160004_CAAAGAAGTAGGAGGG-1	A	C3L-00448	Tumor	FALSE
CPT0010160004_CACATGAAGCAAGTGC-1	A	C3L-00448	Tumor	FALSE
CPT0010160004_CACTAAGCAACAAGTA-1	A	C3L-00448	Tumor	FALSE
CPT0010160004_CAGATCAGTTTCAGAC-1	A	C3L-00448	Tumor	FALSE
CPT0010160004_CAGGGCTCACGCTGTG-1	A	C3L-00448	Tumor	FALSE
CPT0010160004_CATAAGCCACGTGAGA-1	A	C3L-00448	Tumor	FALSE
CPT0010160004_CATGGTACATAACCCA-1	A	C3L-00448	Tumor	FALSE
CPT0010160004_CATTGCCTCGTGGGAA-1	A	C3L-00448	Tumor	FALSE
CPT0010160004_CCACCATCAGGAAGTC-1	A	C3L-00448	Tumor	FALSE
CPT0010160004_CCCGAAGAGGAATGTT-1	A	C3L-00448	Tumor	FALSE
CPT0010160004_CCGGTAGGTCATTGCA-1	A	C3L-00448	Tumor	FALSE
CPT0010160004_CGAGGCTGTTGTCCCT-1	A	C3L-00448	Tumor	FALSE
CPT0010160004_CGCGTGACAACAGTGG-1	A	C3L-00448	Tumor	FALSE
CPT0010160004_CTAACTTCATACACCA-1	A	C3L-00448	Tumor	FALSE
CPT0010160004_CTATCTATCAAGAAAC-1	A	C3L-00448	Tumor	FALSE
CPT0010160004_CTCCTTTCACCTCAGG-1	A	C3L-00448	Tumor	FALSE
CPT0010160004_CTTCCGACATCATCTT-1	A	C3L-00448	Tumor	FALSE
CPT0010160004_CTTCCGATCCGATCTC-1	A	C3L-00448	Tumor	FALSE
CPT0010160004_CTTGAGAAGTCGCTAT-1	A	C3L-00448	Tumor	TRUE
CPT0010160004_CTTGAGATCTAAACGC-1	A	C3L-00448	Tumor	FALSE
CPT0010160004_GAACTGTCAGAGTAAT-1	A	C3L-00448	Tumor	FALSE
CPT0010160004_GAAGAATTCGCTCTCA-1	A	C3L-00448	Tumor	FALSE
CPT0010160004_GACCCAGAGGGACAGG-1	A	C3L-00448	Tumor	FALSE
CPT0010160004_GAGCTGCCAACGGCCT-1	A	C3L-00448	Tumor	FALSE
CPT0010160004_GAGCTGCTCCTACCAC-1	A	C3L-00448	Tumor	FALSE
CPT0010160004_GAGGCCTAGTTTCGAC-1	A	C3L-00448	Tumor	FALSE
CPT0010160004_GATAGAAGTTCACCGG-1	A	C3L-00448	Tumor	FALSE
CPT0010160004_GATGTTGCAGAATCGG-1	A	C3L-00448	Tumor	FALSE
CPT0010160004_GCAGTTACACGCGTGT-1	A	C3L-00448	Tumor	FALSE
CPT0010160004_GCTACCTAGTGGAAAG-1	A	C3L-00448	Tumor	FALSE
CPT0010160004_GCTGGGTGTATGACAA-1	A	C3L-00448	Tumor	FALSE
CPT0010160004_GGAACCCTCCGTCAAA-1	A	C3L-00448	Tumor	FALSE
CPT0010160004_GGAAGTGAGCGTCGAA-1	A	C3L-00448	Tumor	FALSE
CPT0010160004_GGACGTCTCCAGTGCG-1	A	C3L-00448	Tumor	FALSE
CPT0010160004_GGATGTTCAGCGTACC-1	A	C3L-00448	Tumor	FALSE
CPT0010160004_GGGTGAATCGGACTGC-1	A	C3L-00448	Tumor	FALSE
CPT0010160004_GGGTGAATCTTCGGAA-1	A	C3L-00448	Tumor	FALSE
CPT0010160004_GGTAGAGCAAGTGCAG-1	A	C3L-00448	Tumor	FALSE
CPT0010160004_GGTGTTACATGAGGGT-1	A	C3L-00448	Tumor	FALSE
CPT0010160004_GTAAGTCGTGCAGTGA-1	A	C3L-00448	Tumor	FALSE
CPT0010160004_GTACAGTAGCACCGAA-1	A	C3L-00448	Tumor	FALSE
CPT0010160004_GTTCATTTCGTGTCAA-1	A	C3L-00448	Tumor	FALSE
CPT0010160004_GTTGAACGTCTAACTG-1	A	C3L-00448	Tumor	FALSE
CPT0010160004_TACATTCTCGAGCTGC-1	A	C3L-00448	Tumor	FALSE
CPT0010160004_TATCGCCGTGTTCCAA-1	A	C3L-00448	Tumor	FALSE
CPT0010160004_TCACAAGCAGCTACAT-1	A	C3L-00448	Tumor	FALSE
CPT0010160004_TCACACCCAGTGACCC-1	A	C3L-00448	Tumor	FALSE
CPT0010160004_TCACGCTAGATTAGCA-1	A	C3L-00448	Tumor	FALSE
CPT0010160004_TCCAGAACAGGCTTGC-1	A	C3L-00448	Tumor	FALSE
CPT0010160004_TCCATCGCACTATCGA-1	A	C3L-00448	Tumor	TRUE
CPT0010160004_TCCGATCTCTAGCCTC-1	A	C3L-00448	Tumor	FALSE
CPT0010160004_TCCTCCCGTGGCCTCA-1	A	C3L-00448	Tumor	FALSE
CPT0010160004_TCGCACTGTTGTTTGG-1	A	C3L-00448	Tumor	FALSE
CPT0010160004_TCGCAGGCAGCTGAAG-1	A	C3L-00448	Tumor	FALSE
CPT0010160004_TCGGATACAGGTCAGA-1	A	C3L-00448	Tumor	TRUE
CPT0010160004_TCTCTGGTCGTTTACT-1	A	C3L-00448	Tumor	FALSE
CPT0010160004_TGACCCTAGACCTCCG-1	A	C3L-00448	Tumor	FALSE
CPT0010160004_TGAGGGAAGATACGAT-1	A	C3L-00448	Tumor	FALSE
CPT0010160004_TGATTTCAGTCTAGAA-1	A	C3L-00448	Tumor	FALSE
CPT0010160004_TGCGATAAGAAACTGT-1	A	C3L-00448	Tumor	FALSE
CPT0010160004_TGCGGCATCGATTGAC-1	A	C3L-00448	Tumor	TRUE
CPT0010160004_TGTAAGCTCATTATCC-1	A	C3L-00448	Tumor	TRUE
CPT0010160004_TGTACAGCATGAAAGT-1	A	C3L-00448	Tumor	FALSE
CPT0010160004_TGTACAGCATTATGCG-1	A	C3L-00448	Tumor	FALSE
CPT0010160004_TGTAGACTCTGTCAGA-1	A	C3L-00448	Tumor	FALSE
CPT0010160004_TTCCAATCATGCGGTC-1	A	C3L-00448	Tumor	FALSE
CPT0010160004_TTGTTTGCACCGAATT-1	A	C3L-00448	Tumor	FALSE
CPT0010160004_TTTCATGTCCCAGCGA-1	A	C3L-00448	Tumor	TRUE
CPT0010160004_TTTGATCGTGGACTGA-1	A	C3L-00448	Tumor	FALSE
CPT0019130004_ACACTGATCCACTTTA-1	A	C3L-00583	Tumor	FALSE
CPT0019130004_ACGATGTAGCTTTGTG-1	A	C3L-00583	Tumor	FALSE
CPT0019130004_AGGAATAAGATGGGCT-1	A	C3L-00583	Tumor	TRUE
CPT0019130004_AGGGTGACAGTCTACA-1	A	C3L-00583	Tumor	FALSE
CPT0019130004_AGTGATCCAGTTGGTT-1	A	C3L-00583	Tumor	FALSE
CPT0019130004_CCACACTGTTCTGAGT-1	A	C3L-00583	Tumor	FALSE
CPT0019130004_CCTGTTGTCACATCAG-1	A	C3L-00583	Tumor	TRUE
CPT0019130004_CGGAGAAGTCTGTGGC-1	A	C3L-00583	Tumor	FALSE
CPT0019130004_CTGCCATAGCTGCGAA-1	A	C3L-00583	Tumor	FALSE
CPT0019130004_CTTCAATAGTCTTGGT-1	A	C3L-00583	Tumor	FALSE
CPT0019130004_CTTCGGTTCTGCACCT-1	A	C3L-00583	Tumor	FALSE
CPT0019130004_GTAACCACACGCACCA-1	A	C3L-00583	Tumor	FALSE
CPT0019130004_GTAGGTTTCACCTACC-1	A	C3L-00583	Tumor	FALSE
CPT0019130004_TAGATCGGTTTACCTT-1	A	C3L-00583	Tumor	FALSE
CPT0086350004_AACTTCTAGAACTTCC-1	A	C3L-00908	Tumor	FALSE
CPT0086350004_AGGACTTAGAATCCCT-1	A	C3L-00908	Tumor	TRUE
CPT0086350004_AGTGACTCAGTTTCGA-1	A	C3L-00908	Tumor	FALSE
CPT0086350004_ATCGCCTCATTCAGCA-1	A	C3L-00908	Tumor	FALSE
CPT0086350004_ATGGGTTAGGTAGATT-1	A	C3L-00908	Tumor	FALSE
CPT0086350004_ATTCAGGTCAAAGCCT-1	A	C3L-00908	Tumor	FALSE
CPT0086350004_GAGAAATTCCAATCTT-1	A	C3L-00908	Tumor	TRUE
CPT0086350004_GGGACCTTCTCCATAT-1	A	C3L-00908	Tumor	FALSE
CPT0086350004_GTCAAACTCATCGCAA-1	A	C3L-00908	Tumor	FALSE
CPT0086350004_GTGTAACTCTTCCACG-1	A	C3L-00908	Tumor	TRUE
CPT0086350004_GTGTCCTGTACGTTCA-1	A	C3L-00908	Tumor	FALSE
CPT0086350004_TCATTCATCGTCTAAG-1	A	C3L-00908	Tumor	FALSE
CPT0086350004_TGATGCAAGCGTCTCG-1	A	C3L-00908	Tumor	FALSE
CPT0086350004_TGCAGGCTCGACGAGA-1	A	C3L-00908	Tumor	FALSE
CPT0086350004_TGGGAAGTCAGACCCG-1	A	C3L-00908	Tumor	FALSE
CPT0023690004_ACAGGGAGTATTGGCT-1	A	C3L-00917	Tumor	FALSE
CPT0023690004_ACTTTGTAGCGCCGTT-1	A	C3L-00917	Tumor	FALSE
CPT0023690004_ATTTCTGAGATTGTGA-1	A	C3L-00917	Tumor	FALSE
CPT0023690004_CAAGACTGTTCCCAAA-1	A	C3L-00917	Tumor	FALSE
CPT0023690004_CCCTAACCAAGGTACG-1	A	C3L-00917	Tumor	FALSE
CPT0023690004_CCTCCTCCATCAGTCA-1	A	C3L-00917	Tumor	FALSE
CPT0023690004_CCTGTTGAGACAACAT-1	A	C3L-00917	Tumor	FALSE
CPT0023690004_CGCCAGACACTATCCC-1	A	C3L-00917	Tumor	FALSE
CPT0023690004_CGTTCTGAGAGATTCA-1	A	C3L-00917	Tumor	TRUE
CPT0023690004_CTAGACAGTGGCAGAT-1	A	C3L-00917	Tumor	FALSE
CPT0023690004_CTTGATTTCACTGAAC-1	A	C3L-00917	Tumor	FALSE
CPT0023690004_GATTCGAAGCAACCAG-1	A	C3L-00917	Tumor	FALSE
CPT0023690004_GCTCAAAAGCCTCTTC-1	A	C3L-00917	Tumor	FALSE
CPT0023690004_GGAACCCCAAATAAGC-1	A	C3L-00917	Tumor	FALSE
CPT0023690004_GTCGAATCACGGCACT-1	A	C3L-00917	Tumor	FALSE
CPT0023690004_TGTCCACTCTTCCCAG-1	A	C3L-00917	Tumor	FALSE
CPT0079410004_ACAGCCGAGAGCACTG-1	A	C3L-01287	Tumor	FALSE
CPT0079410004_ACCACAATCGCCGAGT-1	A	C3L-01287	Tumor	FALSE
CPT0079410004_AGCGATTTCTGTTCAT-1	A	C3L-01287	Tumor	FALSE
CPT0079410004_AGGTTACCAAATACAG-1	A	C3L-01287	Tumor	FALSE
CPT0079410004_CCACTTGGTGGATGAC-1	A	C3L-01287	Tumor	FALSE
CPT0079410004_CTACCCAAGTGCTAGG-1	A	C3L-01287	Tumor	FALSE
CPT0079410004_CTCAATTGTGAGCTCC-1	A	C3L-01287	Tumor	FALSE
CPT0079410004_GATTTCTGTCACTACA-1	A	C3L-01287	Tumor	FALSE
CPT0079410004_GCTTTCGCATGCCGGT-1	A	C3L-01287	Tumor	FALSE
CPT0079410004_GTCCTCATCTAATTCC-1	A	C3L-01287	Tumor	FALSE
CPT0079410004_GTGCTGGAGACTCTAC-1	A	C3L-01287	Tumor	FALSE
CPT0079410004_TACCCGTGTCCAATCA-1	A	C3L-01287	Tumor	FALSE
CPT0079410004_TCAGTCCTCAGGGTAG-1	A	C3L-01287	Tumor	FALSE
CPT0079410004_TCTGGCTCACAACGAG-1	A	C3L-01287	Tumor	FALSE
CPT0079410004_TCTTCCTAGTAGGGTC-1	A	C3L-01287	Tumor	FALSE
CPT0079410004_TTGTTCATCCGTATAG-1	A	C3L-01287	Tumor	FALSE
CPT0063630004_ACAGGGAAGCTTCGTA-1	A	C3L-01302	Tumor	FALSE
CPT0063630004_ATATCCTAGCTGAGCA-1	A	C3L-01302	Tumor	FALSE
CPT0063630004_CACGGGTCACAGTATC-1	A	C3L-01302	Tumor	FALSE
CPT0063630004_CCGGACATCGTCAAAC-1	A	C3L-01302	Tumor	FALSE
CPT0063630004_CCTCAACTCGCCAGAC-1	A	C3L-01302	Tumor	FALSE
CPT0063630004_CGGAATTGTGCCCACA-1	A	C3L-01302	Tumor	FALSE
CPT0063630004_CGTAGTAGTTACAGCT-1	A	C3L-01302	Tumor	TRUE
CPT0063630004_GAGACTTTCTACTTCA-1	A	C3L-01302	Tumor	FALSE
CPT0063630004_GCTTTCGCAGAGTGAC-1	A	C3L-01302	Tumor	FALSE
CPT0063630004_GGGATGAAGTCACACT-1	A	C3L-01302	Tumor	FALSE
CPT0063630004_GTAGGTTTCTCCTGAC-1	A	C3L-01302	Tumor	FALSE
CPT0063630004_GTCTACCCAGCTCGGT-1	A	C3L-01302	Tumor	FALSE
CPT0063630004_GTTGCGGAGAGGGTAA-1	A	C3L-01302	Tumor	FALSE
CPT0063630004_TCGGGACTCTACTCAT-1	A	C3L-01302	Tumor	FALSE
CPT0063630004_TGCTGAACAGGAGGTT-1	A	C3L-01302	Tumor	TRUE
CPT0063630004_TTCGCTGTCTATCACT-1	A	C3L-01302	Tumor	FALSE
CPT0086820004_AAAGTGAAGTCCTGTA-1	A	C3L-01313	Tumor	FALSE
CPT0086820004_AACCTTTGTAGTGGCA-1	A	C3L-01313	Tumor	FALSE
CPT0086820004_ATGTCCCTCTATCACT-1	A	C3L-01313	Tumor	FALSE
CPT0086820004_CCATAAGCACAGTCCG-1	A	C3L-01313	Tumor	FALSE
CPT0086820004_CGGGTCACAACATACC-1	A	C3L-01313	Tumor	FALSE
CPT0086820004_CTCAAGATCTCGCTCA-1	A	C3L-01313	Tumor	FALSE
CPT0086820004_CTGCATCAGACATCCT-1	A	C3L-01313	Tumor	FALSE
CPT0086820004_GAAACCTCACGCGTCA-1	A	C3L-01313	Tumor	FALSE
CPT0086820004_GGGCTCACAGGGATAC-1	A	C3L-01313	Tumor	FALSE
CPT0086820004_GTACAACGTTGCCGCA-1	A	C3L-01313	Tumor	TRUE
CPT0086820004_GTAGAAAAGCTACGTT-1	A	C3L-01313	Tumor	TRUE
CPT0086820004_TACTTCACACTACTTT-1	A	C3L-01313	Tumor	TRUE
CPT0086820004_TATCGCCCAATGGGTG-1	A	C3L-01313	Tumor	TRUE
CPT0086820004_TCTTCCTTCGCACGGT-1	A	C3L-01313	Tumor	FALSE
CPT0086820004_TTTATGCAGGAGTACC-1	A	C3L-01313	Tumor	FALSE
CPT0020120013_CATCGCTGTAACACCT-1	A	C3N-00177	Tumor	FALSE
CPT0020120013_CCTACGTCATGGAGAC-1	A	C3N-00177	Tumor	FALSE
CPT0020120013_GACAGCCCACTTGTCC-1	A	C3N-00177	Tumor	FALSE
CPT0020120013_GATGGAGGTATGTCTG-1	A	C3N-00177	Tumor	FALSE
CPT0020120013_TGATTTCCAGACATCT-1	A	C3N-00177	Tumor	FALSE
CPT0012280004_AAAGGATTCGGTAACT-1	A	C3N-00317	Tumor	FALSE
CPT0012280004_AACAAAGCAGCTGAGA-1	A	C3N-00317	Tumor	FALSE
CPT0012280004_AACAAAGTCCACGTAA-1	A	C3N-00317	Tumor	FALSE
CPT0012280004_AAGATAGGTTGCAAGG-1	A	C3N-00317	Tumor	FALSE
CPT0012280004_AATCGACAGGTTACAA-1	A	C3N-00317	Tumor	TRUE
CPT0012280004_ACTACGACATTGCCTC-1	A	C3N-00317	Tumor	FALSE
CPT0012280004_AGACTCAAGAAACTGT-1	A	C3N-00317	Tumor	FALSE
CPT0012280004_ATATCCTTCAGGAACG-1	A	C3N-00317	Tumor	FALSE
CPT0012280004_ATCACAGTCACCGCTT-1	A	C3N-00317	Tumor	FALSE
CPT0012280004_ATCACGACATAACAGA-1	A	C3N-00317	Tumor	FALSE
CPT0012280004_ATCGATGCATCCGATA-1	A	C3N-00317	Tumor	TRUE
CPT0012280004_ATCTTCAGTGAGGCAT-1	A	C3N-00317	Tumor	FALSE
CPT0012280004_ATTTACCTCAGCTCTC-1	A	C3N-00317	Tumor	TRUE
CPT0012280004_CAATACGCACATTGTG-1	A	C3N-00317	Tumor	FALSE
CPT0012280004_CATGCAAAGACCAGCA-1	A	C3N-00317	Tumor	FALSE
CPT0012280004_CCTAACCAGATTGTGA-1	A	C3N-00317	Tumor	FALSE
CPT0012280004_CTACCTGTCTTACGGA-1	A	C3N-00317	Tumor	FALSE
CPT0012280004_CTGGCAGGTCTCTCCA-1	A	C3N-00317	Tumor	FALSE
CPT0012280004_GACTGATTCGCGTAGC-1	A	C3N-00317	Tumor	FALSE
CPT0012280004_GGGAGTAAGACTTCGT-1	A	C3N-00317	Tumor	FALSE
CPT0012280004_GGGTATTCAATAGTCC-1	A	C3N-00317	Tumor	FALSE
CPT0012280004_GGTAACTGTATTCCTT-1	A	C3N-00317	Tumor	FALSE
CPT0012280004_GTCCACTTCGTAACAC-1	A	C3N-00317	Tumor	FALSE
CPT0012280004_GTTACGACAAAGCTAA-1	A	C3N-00317	Tumor	FALSE
CPT0012280004_TAATTCCTCCATACTT-1	A	C3N-00317	Tumor	FALSE
CPT0012280004_TACAACGGTATGTCTG-1	A	C3N-00317	Tumor	FALSE
CPT0012280004_TACGTCCTCCGTTGAA-1	A	C3N-00317	Tumor	TRUE
CPT0012280004_TAGGTTGTCCGGACTG-1	A	C3N-00317	Tumor	TRUE
CPT0012280004_TCAGGGCTCGACCAAT-1	A	C3N-00317	Tumor	FALSE
CPT0012280004_TCAGTTTGTCCGGACT-1	A	C3N-00317	Tumor	TRUE
CPT0012280004_TCTTAGTTCCCATTTA-1	A	C3N-00317	Tumor	TRUE
CPT0012280004_TGGAACTCAGATCATC-1	A	C3N-00317	Tumor	FALSE
CPT0012280004_TTCTAGTTCCATAGGT-1	A	C3N-00317	Tumor	FALSE
CPT0012550012_AACAAAGCAGTTCACA-1	A	C3N-00437	Tumor	FALSE
CPT0012550012_AACCAACAGGCTGAAC-1	A	C3N-00437	Tumor	FALSE
CPT0012550012_AAGCCATTCGGTAAGG-1	A	C3N-00437	Tumor	FALSE
CPT0012550012_AAGCGTTAGAATAACC-1	A	C3N-00437	Tumor	FALSE
CPT0012550012_AAGGTAAAGCATGCGA-1	A	C3N-00437	Tumor	FALSE
CPT0012550012_AAGTACCCACCACTGG-1	A	C3N-00437	Tumor	TRUE
CPT0012550012_AATAGAGCAGCTGGTC-1	A	C3N-00437	Tumor	FALSE
CPT0012550012_AATGGCTAGACCTCCG-1	A	C3N-00437	Tumor	FALSE
CPT0012550012_AATTTCCAGTTGAATG-1	A	C3N-00437	Tumor	FALSE
CPT0012550012_ACAAAGAGTATAGGGC-1	A	C3N-00437	Tumor	FALSE
CPT0012550012_ACCGTTCAGATGTTAG-1	A	C3N-00437	Tumor	FALSE
CPT0012550012_ACCTACCAGCAATAGT-1	A	C3N-00437	Tumor	TRUE
CPT0012550012_ACCTACCCAAGGACAC-1	A	C3N-00437	Tumor	FALSE
CPT0012550012_ACTTCCGCAGAGTGAC-1	A	C3N-00437	Tumor	FALSE
CPT0012550012_AGAAATGAGGTAGTCG-1	A	C3N-00437	Tumor	FALSE
CPT0012550012_AGAAATGAGGTTACAA-1	A	C3N-00437	Tumor	FALSE
CPT0012550012_AGAACCTAGGGTAATT-1	A	C3N-00437	Tumor	FALSE
CPT0012550012_AGACAAAAGAGTTCGG-1	A	C3N-00437	Tumor	FALSE
CPT0012550012_AGACCATGTCTCAGGC-1	A	C3N-00437	Tumor	FALSE
CPT0012550012_AGACCCGGTACCGCGT-1	A	C3N-00437	Tumor	FALSE
CPT0012550012_AGATAGAGTGTTACAC-1	A	C3N-00437	Tumor	FALSE
CPT0012550012_AGGCATTAGCGAGAAA-1	A	C3N-00437	Tumor	FALSE
CPT0012550012_AGGTCTACACGGGCTT-1	A	C3N-00437	Tumor	FALSE
CPT0012550012_AGGTTACTCTCTCTTC-1	A	C3N-00437	Tumor	FALSE
CPT0012550012_AGTCATGAGTAGGCCA-1	A	C3N-00437	Tumor	FALSE
CPT0012550012_ATACCTTAGCGATTCT-1	A	C3N-00437	Tumor	FALSE
CPT0012550012_ATAGGCTAGCTGAAGC-1	A	C3N-00437	Tumor	FALSE
CPT0012550012_ATCGGATAGAGTCGAC-1	A	C3N-00437	Tumor	FALSE
CPT0012550012_ATCGGATCACTCTCGT-1	A	C3N-00437	Tumor	FALSE
CPT0012550012_ATCGGCGTCCCATTTA-1	A	C3N-00437	Tumor	FALSE
CPT0012550012_ATGCCTCGTCCTGGTG-1	A	C3N-00437	Tumor	FALSE
CPT0012550012_ATGGGAGTCTGCCTCA-1	A	C3N-00437	Tumor	FALSE
CPT0012550012_ATTCATCGTCTGCGCA-1	A	C3N-00437	Tumor	FALSE
CPT0012550012_ATTCCATCACGGCGTT-1	A	C3N-00437	Tumor	FALSE
CPT0012550012_ATTCTACCACCAACAT-1	A	C3N-00437	Tumor	FALSE
CPT0012550012_CAATGACAGCCTGTCG-1	A	C3N-00437	Tumor	FALSE
CPT0012550012_CAATTTCTCTTTGATC-1	A	C3N-00437	Tumor	FALSE
CPT0012550012_CACAGATTCCCGGTAG-1	A	C3N-00437	Tumor	FALSE
CPT0012550012_CACGTGGTCTATACTC-1	A	C3N-00437	Tumor	FALSE
CPT0012550012_CAGCCAGTCGTAGGAG-1	A	C3N-00437	Tumor	FALSE
CPT0012550012_CAGTTCCCAGCACACC-1	A	C3N-00437	Tumor	FALSE
CPT0012550012_CATACCCCACACCAGC-1	A	C3N-00437	Tumor	FALSE
CPT0012550012_CATGCCTGTATAGCTC-1	A	C3N-00437	Tumor	FALSE
CPT0012550012_CATTGAGTCCATACTT-1	A	C3N-00437	Tumor	FALSE
CPT0012550012_CCAATGATCCTTACCG-1	A	C3N-00437	Tumor	FALSE
CPT0012550012_CCACAAATCACTGGGC-1	A	C3N-00437	Tumor	FALSE
CPT0012550012_CCACGAGCACCCTATC-1	A	C3N-00437	Tumor	FALSE
CPT0012550012_CCCGAAGAGTACGTCT-1	A	C3N-00437	Tumor	FALSE
CPT0012550012_CCCGGAACAACAACAA-1	A	C3N-00437	Tumor	FALSE
CPT0012550012_CCTCCTCCAACTGCCG-1	A	C3N-00437	Tumor	FALSE
CPT0012550012_CCTTCAGAGAGTCGAC-1	A	C3N-00437	Tumor	TRUE
CPT0012550012_CGCATGGTCTAGGCCG-1	A	C3N-00437	Tumor	FALSE
CPT0012550012_CGGAACCTCCGGTTCT-1	A	C3N-00437	Tumor	FALSE
CPT0012550012_CGGACACAGGTGATAT-1	A	C3N-00437	Tumor	FALSE
CPT0012550012_CGGGTCACAAGCTACT-1	A	C3N-00437	Tumor	TRUE
CPT0012550012_CGTGATACAAAGGAGA-1	A	C3N-00437	Tumor	FALSE
CPT0012550012_CTAACCCTCAACCCGG-1	A	C3N-00437	Tumor	TRUE
CPT0012550012_CTCAGAAGTGTTCCAA-1	A	C3N-00437	Tumor	FALSE
CPT0012550012_CTCAGAATCCTGCTAC-1	A	C3N-00437	Tumor	FALSE
CPT0012550012_CTCCACAGTCACTCTC-1	A	C3N-00437	Tumor	TRUE
CPT0012550012_CTGAATGTCACCACAA-1	A	C3N-00437	Tumor	FALSE
CPT0012550012_CTGATCCAGGTCACTT-1	A	C3N-00437	Tumor	FALSE
CPT0012550012_CTTTCGGCACCAACAT-1	A	C3N-00437	Tumor	FALSE
CPT0012550012_CTTTCGGCACCCGTAG-1	A	C3N-00437	Tumor	FALSE
CPT0012550012_GACTATGAGAACAAGG-1	A	C3N-00437	Tumor	FALSE
CPT0012550012_GAGACTTTCATAGCAC-1	A	C3N-00437	Tumor	FALSE
CPT0012550012_GATAGCTCAGCGTACC-1	A	C3N-00437	Tumor	FALSE
CPT0012550012_GATGATCCATGGCCAC-1	A	C3N-00437	Tumor	FALSE
CPT0012550012_GATGTTGCAGGGCTTC-1	A	C3N-00437	Tumor	FALSE
CPT0012550012_GATTCTTGTATGAGGC-1	A	C3N-00437	Tumor	FALSE
CPT0012550012_GCCAGGTGTAGCACAG-1	A	C3N-00437	Tumor	FALSE
CPT0012550012_GCGATCGAGAGGCGGA-1	A	C3N-00437	Tumor	FALSE
CPT0012550012_GCTGCAGTCGGATAAA-1	A	C3N-00437	Tumor	FALSE
CPT0012550012_GGAGATGAGGGACCAT-1	A	C3N-00437	Tumor	TRUE
CPT0012550012_GGATCTACAGCACGAA-1	A	C3N-00437	Tumor	FALSE
CPT0012550012_GGATCTACAGCAGGAT-1	A	C3N-00437	Tumor	TRUE
CPT0012550012_GGGAGTATCATGCTAG-1	A	C3N-00437	Tumor	TRUE
CPT0012550012_GTAGAAATCCACCCTA-1	A	C3N-00437	Tumor	FALSE
CPT0012550012_GTAGAGGAGGTTACCT-1	A	C3N-00437	Tumor	FALSE
CPT0012550012_GTAGCTATCGAAATCC-1	A	C3N-00437	Tumor	FALSE
CPT0012550012_GTATTGGAGCTAGAGC-1	A	C3N-00437	Tumor	FALSE
CPT0012550012_GTCATGATCGATACTG-1	A	C3N-00437	Tumor	FALSE
CPT0012550012_GTGAGTTCACCAGACC-1	A	C3N-00437	Tumor	FALSE
CPT0012550012_GTGCTTCAGACTTCCA-1	A	C3N-00437	Tumor	FALSE
CPT0012550012_TAACGACAGCGTGTCC-1	A	C3N-00437	Tumor	FALSE
CPT0012550012_TACATTCGTACACGCC-1	A	C3N-00437	Tumor	FALSE
CPT0012550012_TACCCACAGGTCGACA-1	A	C3N-00437	Tumor	FALSE
CPT0012550012_TACCCACCATCTCGTC-1	A	C3N-00437	Tumor	FALSE
CPT0012550012_TACCGAATCCTAGCTC-1	A	C3N-00437	Tumor	FALSE
CPT0012550012_TACGGGCAGTCATAGA-1	A	C3N-00437	Tumor	FALSE
CPT0012550012_TACGTCCTCATTTGCT-1	A	C3N-00437	Tumor	FALSE
CPT0012550012_TAGACTGCAAGTACCT-1	A	C3N-00437	Tumor	FALSE
CPT0012550012_TAGTGCACATGACGTT-1	A	C3N-00437	Tumor	FALSE
CPT0012550012_TAGTGCATCTTTGCGC-1	A	C3N-00437	Tumor	FALSE
CPT0012550012_TCAAGACTCTTTACAC-1	A	C3N-00437	Tumor	FALSE
CPT0012550012_TCACACCCAGAACGCA-1	A	C3N-00437	Tumor	FALSE
CPT0012550012_TCACATTTCTAGGCCG-1	A	C3N-00437	Tumor	FALSE
CPT0012550012_TCACGCTTCAACGCTA-1	A	C3N-00437	Tumor	TRUE
CPT0012550012_TCAGTGAAGGTCGCCT-1	A	C3N-00437	Tumor	FALSE
CPT0012550012_TCATGGAAGGGTTTCT-1	A	C3N-00437	Tumor	TRUE
CPT0012550012_TCCGATCCAGTTAAAG-1	A	C3N-00437	Tumor	FALSE
CPT0012550012_TCCTGCACAATGTCTG-1	A	C3N-00437	Tumor	FALSE
CPT0012550012_TCGTAGACAGACGCTC-1	A	C3N-00437	Tumor	TRUE
CPT0012550012_TCGTAGAGTCCATAGT-1	A	C3N-00437	Tumor	FALSE
CPT0012550012_TCGTGGGGTGTGTGGA-1	A	C3N-00437	Tumor	FALSE
CPT0012550012_TCTGCCATCTGAACGT-1	A	C3N-00437	Tumor	FALSE
CPT0012550012_TGAATCGTCCCGAGAC-1	A	C3N-00437	Tumor	TRUE
CPT0012550012_TGAGCGCTCTGTAAGC-1	A	C3N-00437	Tumor	FALSE
CPT0012550012_TGATTTCTCTGTGCTC-1	A	C3N-00437	Tumor	TRUE
CPT0012550012_TGCATGAAGGATCATA-1	A	C3N-00437	Tumor	TRUE
CPT0012550012_TGCTTGCTCGTACACA-1	A	C3N-00437	Tumor	FALSE
CPT0012550012_TGGGAGACACTCCACT-1	A	C3N-00437	Tumor	FALSE
CPT0012550012_TGGTACACACAGCATT-1	A	C3N-00437	Tumor	TRUE
CPT0012550012_TGTCCACAGTTCCAGT-1	A	C3N-00437	Tumor	FALSE
CPT0012550012_TGTGTGACAGGATCTT-1	A	C3N-00437	Tumor	FALSE
CPT0012550012_TGTTCATGTAGTAAGT-1	A	C3N-00437	Tumor	FALSE
CPT0012550012_TGTTCTAAGGCATCAG-1	A	C3N-00437	Tumor	FALSE
CPT0012550012_TTACCGCCAACTCGAT-1	A	C3N-00437	Tumor	FALSE
CPT0012550012_TTACTGTAGTTCATCG-1	A	C3N-00437	Tumor	FALSE
CPT0012550012_TTCCGGTAGGTTGACG-1	A	C3N-00437	Tumor	FALSE
CPT0012550012_TTCCTAACACTTACAG-1	A	C3N-00437	Tumor	FALSE
CPT0012550012_TTCGCTGGTCCGTACG-1	A	C3N-00437	Tumor	FALSE
CPT0012550012_TTCTCTCGTTGTCAGT-1	A	C3N-00437	Tumor	FALSE
CPT0012550012_TTGCATTCATAATGAG-1	A	C3N-00437	Tumor	FALSE
CPT0012550012_TTGGGCGGTGCACGCT-1	A	C3N-00437	Tumor	FALSE
CPT0078510004_AATAGAGTCTGTCAGA-1	A	C3N-00495	Tumor	FALSE
CPT0078510004_AATGCCACAAGACGGT-1	A	C3N-00495	Tumor	FALSE
CPT0078510004_AATGGAACAGACCCGT-1	A	C3N-00495	Tumor	FALSE
CPT0078510004_AATGGCTCAAACTAGA-1	A	C3N-00495	Tumor	FALSE
CPT0078510004_AATTCCTTCTTTGCTA-1	A	C3N-00495	Tumor	TRUE
CPT0078510004_ACACAGTTCTCTCAAT-1	A	C3N-00495	Tumor	FALSE
CPT0078510004_ACCTACCTCATCGCCT-1	A	C3N-00495	Tumor	TRUE
CPT0078510004_ACGGTCGCAAGTCCCG-1	A	C3N-00495	Tumor	FALSE
CPT0078510004_ACGTCCTCAGCAGTGA-1	A	C3N-00495	Tumor	FALSE
CPT0078510004_ACTGTGACATCCTCAC-1	A	C3N-00495	Tumor	FALSE
CPT0078510004_ACTGTGAGTATCTCGA-1	A	C3N-00495	Tumor	FALSE
CPT0078510004_ACTTTCAGTGAGACCA-1	A	C3N-00495	Tumor	FALSE
CPT0078510004_ACTTTCAGTTGACGGA-1	A	C3N-00495	Tumor	FALSE
CPT0078510004_AGAACAAAGGTCCAGA-1	A	C3N-00495	Tumor	FALSE
CPT0078510004_AGACAAATCCTGTAGA-1	A	C3N-00495	Tumor	FALSE
CPT0078510004_AGACAGGAGATGATTG-1	A	C3N-00495	Tumor	TRUE
CPT0078510004_AGAGAATTCGCTGCGA-1	A	C3N-00495	Tumor	FALSE
CPT0078510004_AGAGCCCCACATACGT-1	A	C3N-00495	Tumor	FALSE
CPT0078510004_AGATGAAGTACGAGTG-1	A	C3N-00495	Tumor	FALSE
CPT0078510004_AGCCACGTCATAGAGA-1	A	C3N-00495	Tumor	FALSE
CPT0078510004_AGCTACACACATATGC-1	A	C3N-00495	Tumor	TRUE
CPT0078510004_AGGTAGGCATATACCG-1	A	C3N-00495	Tumor	FALSE
CPT0078510004_AGGTGTTGTCATAAAG-1	A	C3N-00495	Tumor	FALSE
CPT0078510004_AGTAACCGTACGGCAA-1	A	C3N-00495	Tumor	TRUE
CPT0078510004_AGTAGCTAGAGCAAGA-1	A	C3N-00495	Tumor	FALSE
CPT0078510004_AGTCACAGTACAGTCT-1	A	C3N-00495	Tumor	FALSE
CPT0078510004_AGTTCCCAGTATTCCG-1	A	C3N-00495	Tumor	FALSE
CPT0078510004_ATACCGATCTCATAGG-1	A	C3N-00495	Tumor	FALSE
CPT0078510004_ATACTTCTCGTCACCT-1	A	C3N-00495	Tumor	FALSE
CPT0078510004_ATCCACCGTAAGTTAG-1	A	C3N-00495	Tumor	FALSE
CPT0078510004_ATCCTATGTGCGAACA-1	A	C3N-00495	Tumor	FALSE
CPT0078510004_ATCGATGGTGAATAAC-1	A	C3N-00495	Tumor	FALSE
CPT0078510004_ATCGTCCAGTTACGGG-1	A	C3N-00495	Tumor	FALSE
CPT0078510004_ATGATCGTCATTGGTG-1	A	C3N-00495	Tumor	FALSE
CPT0078510004_ATGGGTTAGGGCCAAT-1	A	C3N-00495	Tumor	FALSE
CPT0078510004_CAATCGAAGCACTAAA-1	A	C3N-00495	Tumor	FALSE
CPT0078510004_CACAGGCTCGCTCATC-1	A	C3N-00495	Tumor	FALSE
CPT0078510004_CACCAAACAATCAGCT-1	A	C3N-00495	Tumor	FALSE
CPT0078510004_CACGAATTCCTAAACG-1	A	C3N-00495	Tumor	FALSE
CPT0078510004_CACTAAGCAATTGTGC-1	A	C3N-00495	Tumor	FALSE
CPT0078510004_CAGTTAGCATGACGGA-1	A	C3N-00495	Tumor	FALSE
CPT0078510004_CATACTTAGCCAAGGT-1	A	C3N-00495	Tumor	FALSE
CPT0078510004_CATCCCATCATTACTC-1	A	C3N-00495	Tumor	FALSE
CPT0078510004_CATGCTCCAGTAACGG-1	A	C3N-00495	Tumor	FALSE
CPT0078510004_CATTCCGAGCTCGGCT-1	A	C3N-00495	Tumor	FALSE
CPT0078510004_CCATAAGAGGTCCCTG-1	A	C3N-00495	Tumor	FALSE
CPT0078510004_CCATAAGGTGAATGTA-1	A	C3N-00495	Tumor	FALSE
CPT0078510004_CCATCACCAACCACAT-1	A	C3N-00495	Tumor	FALSE
CPT0078510004_CCATCACTCACCTGGG-1	A	C3N-00495	Tumor	FALSE
CPT0078510004_CCCGAAGTCCATAGAC-1	A	C3N-00495	Tumor	TRUE
CPT0078510004_CCCGAAGTCTTTCAGT-1	A	C3N-00495	Tumor	TRUE
CPT0078510004_CCCTTAGCAAGGCAAC-1	A	C3N-00495	Tumor	TRUE
CPT0078510004_CCGATGGCACCAATTG-1	A	C3N-00495	Tumor	FALSE
CPT0078510004_CCGGTGACATCGAACT-1	A	C3N-00495	Tumor	FALSE
CPT0078510004_CCTATCGCAACCGTAT-1	A	C3N-00495	Tumor	FALSE
CPT0078510004_CCTCCTCTCGGACAAG-1	A	C3N-00495	Tumor	FALSE
CPT0078510004_CCTGTTGAGCAGTACG-1	A	C3N-00495	Tumor	FALSE
CPT0078510004_CCTTGTGAGAAAGTCT-1	A	C3N-00495	Tumor	FALSE
CPT0078510004_CGAAGTTAGGGAGGCA-1	A	C3N-00495	Tumor	FALSE
CPT0078510004_CGATGGCGTCCGAAAG-1	A	C3N-00495	Tumor	FALSE
CPT0078510004_CGGACACTCGCACGGT-1	A	C3N-00495	Tumor	FALSE
CPT0078510004_CGGCAGTAGTATAGGT-1	A	C3N-00495	Tumor	FALSE
CPT0078510004_CGTTAGAGTTCATCTT-1	A	C3N-00495	Tumor	FALSE
CPT0078510004_CTAACTTCATGTGACT-1	A	C3N-00495	Tumor	FALSE
CPT0078510004_CTAAGTGCATACCACA-1	A	C3N-00495	Tumor	FALSE
CPT0078510004_CTACCTGTCATGCCCT-1	A	C3N-00495	Tumor	TRUE
CPT0078510004_CTACTATCACAGAGAC-1	A	C3N-00495	Tumor	TRUE
CPT0078510004_CTACTATTCTCTAGGA-1	A	C3N-00495	Tumor	FALSE
CPT0078510004_CTATCTAGTTAGCTAC-1	A	C3N-00495	Tumor	FALSE
CPT0078510004_CTGAGGCTCGAAACAA-1	A	C3N-00495	Tumor	FALSE
CPT0078510004_CTGCGAGAGGCATGGT-1	A	C3N-00495	Tumor	FALSE
CPT0078510004_CTTACCGAGTGAATAC-1	A	C3N-00495	Tumor	FALSE
CPT0078510004_CTTACCGGTCAGATTC-1	A	C3N-00495	Tumor	FALSE
CPT0078510004_CTTAGGATCAAACTGC-1	A	C3N-00495	Tumor	FALSE
CPT0078510004_CTTCCGACATATAGCC-1	A	C3N-00495	Tumor	FALSE
CPT0078510004_GAACACTAGTGGAAGA-1	A	C3N-00495	Tumor	FALSE
CPT0078510004_GAATCACTCTCTAAGG-1	A	C3N-00495	Tumor	FALSE
CPT0078510004_GAGACCCCATATACCG-1	A	C3N-00495	Tumor	FALSE
CPT0078510004_GAGACCCCATGTTACG-1	A	C3N-00495	Tumor	FALSE
CPT0078510004_GAGACTTCAACACGTT-1	A	C3N-00495	Tumor	FALSE
CPT0078510004_GAGCCTGAGCGAAACC-1	A	C3N-00495	Tumor	TRUE
CPT0078510004_GATAGAAGTATAGGAT-1	A	C3N-00495	Tumor	FALSE
CPT0078510004_GATCACATCATGACAC-1	A	C3N-00495	Tumor	FALSE
CPT0078510004_GATCAGTAGCACACCC-1	A	C3N-00495	Tumor	FALSE
CPT0078510004_GATGACTGTTACGTAC-1	A	C3N-00495	Tumor	FALSE
CPT0078510004_GCACATACATCCGTGG-1	A	C3N-00495	Tumor	FALSE
CPT0078510004_GCATCGGGTGTATTGC-1	A	C3N-00495	Tumor	FALSE
CPT0078510004_GCCGATGTCGACGACC-1	A	C3N-00495	Tumor	FALSE
CPT0078510004_GCGTGCAGTGATTAGA-1	A	C3N-00495	Tumor	FALSE
CPT0078510004_GCGTTTCTCGGACGTC-1	A	C3N-00495	Tumor	FALSE
CPT0078510004_GCTACCTTCGTTCTAT-1	A	C3N-00495	Tumor	FALSE
CPT0078510004_GCTGCAGCAGTTGTCA-1	A	C3N-00495	Tumor	FALSE
CPT0078510004_GGATCTAGTTCGTGCG-1	A	C3N-00495	Tumor	TRUE
CPT0078510004_GGCAGTCTCAGGTGTT-1	A	C3N-00495	Tumor	FALSE
CPT0078510004_GGGACTCGTATGAAAC-1	A	C3N-00495	Tumor	FALSE
CPT0078510004_GGGTCACAGTCGCTAT-1	A	C3N-00495	Tumor	FALSE
CPT0078510004_GGTCACGTCAAAGAAC-1	A	C3N-00495	Tumor	TRUE
CPT0078510004_GTAACACCAGAGTTCT-1	A	C3N-00495	Tumor	TRUE
CPT0078510004_GTAACACCAGATTTCG-1	A	C3N-00495	Tumor	FALSE
CPT0078510004_GTAACACTCATCGTAG-1	A	C3N-00495	Tumor	FALSE
CPT0078510004_GTATTTCAGAATCCCT-1	A	C3N-00495	Tumor	FALSE
CPT0078510004_GTATTTCGTAGGACCA-1	A	C3N-00495	Tumor	FALSE
CPT0078510004_GTCACGGTCCGATAAC-1	A	C3N-00495	Tumor	TRUE
CPT0078510004_GTCATGAAGTTACGTC-1	A	C3N-00495	Tumor	FALSE
CPT0078510004_GTCGTTCTCATTCGGA-1	A	C3N-00495	Tumor	TRUE
CPT0078510004_GTCTGTCCATGACACT-1	A	C3N-00495	Tumor	FALSE
CPT0078510004_GTGACGCAGAGCAAGA-1	A	C3N-00495	Tumor	FALSE
CPT0078510004_GTGAGCCCACGACAAG-1	A	C3N-00495	Tumor	FALSE
CPT0078510004_GTGAGCCCACTTACAG-1	A	C3N-00495	Tumor	FALSE
CPT0078510004_GTGGGAATCTTCTTCC-1	A	C3N-00495	Tumor	FALSE
CPT0078510004_GTTACAGGTCGCGTTG-1	A	C3N-00495	Tumor	FALSE
CPT0078510004_GTTCGCTAGCCGAACA-1	A	C3N-00495	Tumor	FALSE
CPT0078510004_TAACACGCATTCCTAT-1	A	C3N-00495	Tumor	FALSE
CPT0078510004_TACCCACGTGTATTGC-1	A	C3N-00495	Tumor	FALSE
CPT0078510004_TACGCTCGTTCTTGTT-1	A	C3N-00495	Tumor	FALSE
CPT0078510004_TACGTCCCATGAGTAA-1	A	C3N-00495	Tumor	FALSE
CPT0078510004_TACTTGTCACTGAGGA-1	A	C3N-00495	Tumor	FALSE
CPT0078510004_TAGAGTCGTCGTTATG-1	A	C3N-00495	Tumor	TRUE
CPT0078510004_TCAATCTTCGTCACCT-1	A	C3N-00495	Tumor	FALSE
CPT0078510004_TCACATTTCATCTCTA-1	A	C3N-00495	Tumor	FALSE
CPT0078510004_TCACTCGCACCCTATC-1	A	C3N-00495	Tumor	FALSE
CPT0078510004_TCCACCAAGCCTCGTG-1	A	C3N-00495	Tumor	FALSE
CPT0078510004_TCCACCACAGGACTTT-1	A	C3N-00495	Tumor	FALSE
CPT0078510004_TCCATCGCACGGATCC-1	A	C3N-00495	Tumor	FALSE
CPT0078510004_TCCCATGCAAGTGGGT-1	A	C3N-00495	Tumor	FALSE
CPT0078510004_TCCCATGGTTCGTAAC-1	A	C3N-00495	Tumor	FALSE
CPT0078510004_TCCTCTTGTGTGTCCG-1	A	C3N-00495	Tumor	FALSE
CPT0078510004_TCGAAGTTCTTTCGAT-1	A	C3N-00495	Tumor	FALSE
CPT0078510004_TCGCTTGTCCAGCACG-1	A	C3N-00495	Tumor	FALSE
CPT0078510004_TCGGGACGTTATGTGC-1	A	C3N-00495	Tumor	TRUE
CPT0078510004_TCGTCCAAGGAGGGTG-1	A	C3N-00495	Tumor	FALSE
CPT0078510004_TCTCACGGTCTCTCAC-1	A	C3N-00495	Tumor	FALSE
CPT0078510004_TCTTCCTGTCCTCAGG-1	A	C3N-00495	Tumor	FALSE
CPT0078510004_TGAACGTAGTCATACC-1	A	C3N-00495	Tumor	FALSE
CPT0078510004_TGAATCGAGCAGGCTA-1	A	C3N-00495	Tumor	FALSE
CPT0078510004_TGAATCGGTATTGGCT-1	A	C3N-00495	Tumor	FALSE
CPT0078510004_TGAGGTTCACGGAAGT-1	A	C3N-00495	Tumor	FALSE
CPT0078510004_TGGATCAGTTCGGTCG-1	A	C3N-00495	Tumor	FALSE
CPT0078510004_TGGGAAGCACTGTGTA-1	A	C3N-00495	Tumor	FALSE
CPT0078510004_TGGGCGTTCTAGTACG-1	A	C3N-00495	Tumor	FALSE
CPT0078510004_TGGTTAGAGATCGCTT-1	A	C3N-00495	Tumor	FALSE
CPT0078510004_TGTAAGCAGACAAGCC-1	A	C3N-00495	Tumor	FALSE
CPT0078510004_TGTCCTGCATTGCCTC-1	A	C3N-00495	Tumor	FALSE
CPT0078510004_TTACGTTAGGATACAT-1	A	C3N-00495	Tumor	FALSE
CPT0078510004_TTACTGTAGATCCCGC-1	A	C3N-00495	Tumor	FALSE
CPT0078510004_TTCAATCGTAGTATAG-1	A	C3N-00495	Tumor	TRUE
CPT0078510004_TTCGGTCTCACCTGGG-1	A	C3N-00495	Tumor	FALSE
CPT0078510004_TTGAACGCAGCGACAA-1	A	C3N-00495	Tumor	FALSE
CPT0078510004_TTGAACGCATACTGTG-1	A	C3N-00495	Tumor	FALSE
CPT0078510004_TTGACCCAGTGGTTCT-1	A	C3N-00495	Tumor	FALSE
CPT0078510004_TTGCCTGCATCCAACA-1	A	C3N-00495	Tumor	FALSE
CPT0078510004_TTGCTGCAGCGCCATC-1	A	C3N-00495	Tumor	FALSE
CPT0078510004_TTGGGCGCATTGAAGA-1	A	C3N-00495	Tumor	FALSE
CPT0015810004_AACAAGATCTGCGGCA-1	A	C3L-00813	Tumor	TRUE
CPT0015810004_AACAGGGCATCTAGAC-1	A	C3L-00813	Tumor	FALSE
CPT0015810004_AACAGGGTCACGGACC-1	A	C3L-00813	Tumor	FALSE
CPT0015810004_AATCGACGTGGCCTCA-1	A	C3L-00813	Tumor	FALSE
CPT0015810004_ACACCAAGTCATTCCC-1	A	C3L-00813	Tumor	FALSE
CPT0015810004_ACAGGGAGTCTACATG-1	A	C3L-00813	Tumor	FALSE
CPT0015810004_ACCCAAAAGCTGTTCA-1	A	C3L-00813	Tumor	FALSE
CPT0015810004_ACCTACCTCTTTGCAT-1	A	C3L-00813	Tumor	FALSE
CPT0015810004_ACTATGGAGGCTTTCA-1	A	C3L-00813	Tumor	FALSE
CPT0015810004_AGAAGCGCAAACTCGT-1	A	C3L-00813	Tumor	TRUE
CPT0015810004_AGCCAATCAACCAACT-1	A	C3L-00813	Tumor	FALSE
CPT0015810004_AGGGAGTAGTGCGTCC-1	A	C3L-00813	Tumor	FALSE
CPT0015810004_AGGGAGTGTTCGTGCG-1	A	C3L-00813	Tumor	FALSE
CPT0015810004_AGGTGTTTCGTGCAGC-1	A	C3L-00813	Tumor	TRUE
CPT0015810004_AGTAGCTTCGACCACG-1	A	C3L-00813	Tumor	FALSE
CPT0015810004_AGTCACACATGCCGCA-1	A	C3L-00813	Tumor	TRUE
CPT0015810004_AGTCATGAGATAGCAT-1	A	C3L-00813	Tumor	TRUE
CPT0015810004_AGTTAGCGTAGCTGTT-1	A	C3L-00813	Tumor	TRUE
CPT0015810004_ATACCTTTCAGTCACA-1	A	C3L-00813	Tumor	TRUE
CPT0015810004_ATCTCTATCTGTTGGA-1	A	C3L-00813	Tumor	FALSE
CPT0015810004_ATCTTCAAGATGTAGT-1	A	C3L-00813	Tumor	FALSE
CPT0015810004_ATGGGAGGTGAATTAG-1	A	C3L-00813	Tumor	TRUE
CPT0015810004_ATTCATCAGACAACTA-1	A	C3L-00813	Tumor	TRUE
CPT0015810004_ATTCCCGCACCCTATC-1	A	C3L-00813	Tumor	FALSE
CPT0015810004_CAACCTCCACAGTGTT-1	A	C3L-00813	Tumor	TRUE
CPT0015810004_CACGAATAGTAGAATC-1	A	C3L-00813	Tumor	FALSE
CPT0015810004_CACTGAACACTAAACC-1	A	C3L-00813	Tumor	FALSE
CPT0015810004_CAGCGTGCAGATCCTA-1	A	C3L-00813	Tumor	FALSE
CPT0015810004_CATCGCTTCGCTTAAG-1	A	C3L-00813	Tumor	TRUE
CPT0015810004_CCACAAATCGAAGGAC-1	A	C3L-00813	Tumor	FALSE
CPT0015810004_CCCGAAGAGTAGCTCT-1	A	C3L-00813	Tumor	TRUE
CPT0015810004_CCCTCTCTCACTCCGT-1	A	C3L-00813	Tumor	TRUE
CPT0015810004_CCGCAAGCATCCGAAT-1	A	C3L-00813	Tumor	FALSE
CPT0015810004_CCGGACATCGCTACAA-1	A	C3L-00813	Tumor	FALSE
CPT0015810004_CCTGCATGTTCCAGGC-1	A	C3L-00813	Tumor	FALSE
CPT0015810004_CGAGGAATCCGCAGTG-1	A	C3L-00813	Tumor	FALSE
CPT0015810004_CGAGGCTGTACCAGAG-1	A	C3L-00813	Tumor	TRUE
CPT0015810004_CTCCTTTTCGCTCATC-1	A	C3L-00813	Tumor	FALSE
CPT0015810004_CTGGACGCACCTATCC-1	A	C3L-00813	Tumor	TRUE
CPT0015810004_CTGTGAACAGATAAAC-1	A	C3L-00813	Tumor	FALSE
CPT0015810004_CTTCGGTTCAAGAGTA-1	A	C3L-00813	Tumor	FALSE
CPT0015810004_GAAGCCCAGCCAAGTG-1	A	C3L-00813	Tumor	FALSE
CPT0015810004_GACCGTGCACGGGTAA-1	A	C3L-00813	Tumor	TRUE
CPT0015810004_GACTATGGTTTCCCAC-1	A	C3L-00813	Tumor	TRUE
CPT0015810004_GATGAGGCAGTAACCT-1	A	C3L-00813	Tumor	FALSE
CPT0015810004_GCAGCCACAGGCACAA-1	A	C3L-00813	Tumor	TRUE
CPT0015810004_GCCAGGTCATCGTCCT-1	A	C3L-00813	Tumor	FALSE
CPT0015810004_GCTGAATAGCGACTGA-1	A	C3L-00813	Tumor	TRUE
CPT0015810004_GGAATCTAGCACTGGA-1	A	C3L-00813	Tumor	TRUE
CPT0015810004_GGAGGATCACGGCGTT-1	A	C3L-00813	Tumor	FALSE
CPT0015810004_GGCTGTGAGCAAACAT-1	A	C3L-00813	Tumor	FALSE
CPT0015810004_GGGAAGTGTTCCGCTT-1	A	C3L-00813	Tumor	FALSE
CPT0015810004_GGGACAACAACCACAT-1	A	C3L-00813	Tumor	FALSE
CPT0015810004_GGGCTACCACTATGTG-1	A	C3L-00813	Tumor	FALSE
CPT0015810004_GTAGAAACAATTTCGG-1	A	C3L-00813	Tumor	FALSE
CPT0015810004_GTCCTCAAGTGCACTT-1	A	C3L-00813	Tumor	FALSE
CPT0015810004_GTCGTAAGTATCGAAA-1	A	C3L-00813	Tumor	FALSE
CPT0015810004_GTCTGTCGTACGGGAT-1	A	C3L-00813	Tumor	FALSE
CPT0015810004_GTGAGCCCAGTAACAA-1	A	C3L-00813	Tumor	TRUE
CPT0015810004_GTGAGTTTCTATGCCC-1	A	C3L-00813	Tumor	TRUE
CPT0015810004_GTTGTCCTCAACCGAT-1	A	C3L-00813	Tumor	FALSE
CPT0015810004_TACGGTAAGACTCCGC-1	A	C3L-00813	Tumor	TRUE
CPT0015810004_TACGTCCTCTAGTGAC-1	A	C3L-00813	Tumor	FALSE
CPT0015810004_TACTGCCTCGGTGAAG-1	A	C3L-00813	Tumor	FALSE
CPT0015810004_TATTCCATCCTCATAT-1	A	C3L-00813	Tumor	FALSE
CPT0015810004_TCAGCAAAGTATAACG-1	A	C3L-00813	Tumor	TRUE
CPT0015810004_TCAGCCTTCACTTGGA-1	A	C3L-00813	Tumor	FALSE
CPT0015810004_TCATGAGGTGTCATCA-1	A	C3L-00813	Tumor	FALSE
CPT0015810004_TCCTAATGTCGTGCCA-1	A	C3L-00813	Tumor	TRUE
CPT0015810004_TCCTGCACAGAAATCA-1	A	C3L-00813	Tumor	TRUE
CPT0015810004_TCTACCGAGAAATTCG-1	A	C3L-00813	Tumor	FALSE
CPT0015810004_TCTATCATCTCGTCAC-1	A	C3L-00813	Tumor	TRUE
CPT0015810004_TCTCTGGAGAAATTCG-1	A	C3L-00813	Tumor	FALSE
CPT0015810004_TGATCTTTCGAATGCT-1	A	C3L-00813	Tumor	FALSE
CPT0015810004_TGATGGTTCGAAGAAT-1	A	C3L-00813	Tumor	FALSE
CPT0015810004_TGATTCTCACCCTTGT-1	A	C3L-00813	Tumor	FALSE
CPT0015810004_TGGGAGACAAGGTCGA-1	A	C3L-00813	Tumor	FALSE
CPT0015810004_TGTACAGGTTCCTTGC-1	A	C3L-00813	Tumor	FALSE
CPT0015810004_TTACTGTTCATCACCC-1	A	C3L-00813	Tumor	FALSE
CPT0015810004_TTAGGGTGTGCCCACA-1	A	C3L-00813	Tumor	FALSE
CPT0015810004_TTCAGGACAGCTATAC-1	A	C3L-00813	Tumor	FALSE
CPT0015810004_TTCAGGATCTCTCTAA-1	A	C3L-00813	Tumor	FALSE
CPT0015810004_TTCCACGGTGATCATC-1	A	C3L-00813	Tumor	TRUE
CPT0015810004_TTCGGTCCAATGGCCC-1	A	C3L-00813	Tumor	FALSE
CPT0015810004_TTGAACGTCTCAGTCC-1	A	C3L-00813	Tumor	FALSE
CPT0015810004_TTGATGGAGCCTTGAT-1	A	C3L-00813	Tumor	TRUE
CPT0015810004_TTGCCTGTCCCATTTA-1	A	C3L-00813	Tumor	FALSE
CPT0015810004_TTTCCTCAGCCATATC-1	A	C3L-00813	Tumor	FALSE
CPT0025890002_AAAGAACAGCTGCCTG-1	A	C3N-00733	Tumor	FALSE
CPT0025890002_AAAGGTAGTCGTATGT-1	A	C3N-00733	Tumor	FALSE
CPT0025890002_AACCCAACAACTACGT-1	A	C3N-00733	Tumor	FALSE
CPT0025890002_AATCGTGTCACCATAG-1	A	C3N-00733	Tumor	TRUE
CPT0025890002_ACAACCACAAAGGGCT-1	A	C3N-00733	Tumor	FALSE
CPT0025890002_ACACGCGCATGGTACT-1	A	C3N-00733	Tumor	FALSE
CPT0025890002_ACATTTCAGGTGGTTG-1	A	C3N-00733	Tumor	TRUE
CPT0025890002_ACCCTTGGTACGTAGG-1	A	C3N-00733	Tumor	TRUE
CPT0025890002_ACGGGTCAGTATAGGT-1	A	C3N-00733	Tumor	TRUE
CPT0025890002_ACGTAGTGTTTGACAC-1	A	C3N-00733	Tumor	TRUE
CPT0025890002_ACGTAGTTCTCCGTGT-1	A	C3N-00733	Tumor	TRUE
CPT0025890002_ACTATCTAGCCAAGGT-1	A	C3N-00733	Tumor	TRUE
CPT0025890002_ACTGTGACAAGACCTT-1	A	C3N-00733	Tumor	TRUE
CPT0025890002_AGATGAAGTCCGGATC-1	A	C3N-00733	Tumor	FALSE
CPT0025890002_AGTGATCTCCCATTTA-1	A	C3N-00733	Tumor	TRUE
CPT0025890002_ATGAGGGCACGAAAGC-1	A	C3N-00733	Tumor	TRUE
CPT0025890002_ATTCATCTCTCGTGAA-1	A	C3N-00733	Tumor	FALSE
CPT0025890002_ATTCCTAGTAGCTGCC-1	A	C3N-00733	Tumor	FALSE
CPT0025890002_CAACAGTCACCAGCGT-1	A	C3N-00733	Tumor	TRUE
CPT0025890002_CACTGAACAAGACCTT-1	A	C3N-00733	Tumor	FALSE
CPT0025890002_CACTTCGCAGTAACGG-1	A	C3N-00733	Tumor	FALSE
CPT0025890002_CAGCAATGTTCCCAAA-1	A	C3N-00733	Tumor	FALSE
CPT0025890002_CAGTTAGCACCCTAGG-1	A	C3N-00733	Tumor	TRUE
CPT0025890002_CAGTTAGTCAAACGTC-1	A	C3N-00733	Tumor	TRUE
CPT0025890002_CATGCGGTCTAGGCAT-1	A	C3N-00733	Tumor	TRUE
CPT0025890002_CCAATGACAGGATGAC-1	A	C3N-00733	Tumor	FALSE
CPT0025890002_CCACACTGTTTCGTAG-1	A	C3N-00733	Tumor	TRUE
CPT0025890002_CCCGGAACAATCGCAT-1	A	C3N-00733	Tumor	FALSE
CPT0025890002_CCCTTAGAGCAGCGAT-1	A	C3N-00733	Tumor	FALSE
CPT0025890002_CCGTTCAGTATGGAAT-1	A	C3N-00733	Tumor	FALSE
CPT0025890002_CCTACGTAGTTCATCG-1	A	C3N-00733	Tumor	TRUE
CPT0025890002_CCTGTTGCAGCTTTGA-1	A	C3N-00733	Tumor	TRUE
CPT0025890002_CGGAACCTCCTAGCCT-1	A	C3N-00733	Tumor	FALSE
CPT0025890002_CGGCAGTTCACAAGAA-1	A	C3N-00733	Tumor	TRUE
CPT0025890002_CGGGCATAGTGAGGTC-1	A	C3N-00733	Tumor	FALSE
CPT0025890002_CGTTAGAGTAATGTGA-1	A	C3N-00733	Tumor	TRUE
CPT0025890002_CTAAGTGCAGGTGACA-1	A	C3N-00733	Tumor	TRUE
CPT0025890002_CTACCTGCAGCTACCG-1	A	C3N-00733	Tumor	TRUE
CPT0025890002_CTCATTAGTCGTAATC-1	A	C3N-00733	Tumor	TRUE
CPT0025890002_CTGGACGGTCGAATTC-1	A	C3N-00733	Tumor	FALSE
CPT0025890002_CTTCTAAGTGGCAACA-1	A	C3N-00733	Tumor	TRUE
CPT0025890002_GACAGCCAGATACTGA-1	A	C3N-00733	Tumor	TRUE
CPT0025890002_GACAGCCCAGCTCATA-1	A	C3N-00733	Tumor	TRUE
CPT0025890002_GACCAATGTCTAGTGT-1	A	C3N-00733	Tumor	FALSE
CPT0025890002_GACCCAGTCGCCGATG-1	A	C3N-00733	Tumor	TRUE
CPT0025890002_GACGCTGGTCTTCTAT-1	A	C3N-00733	Tumor	TRUE
CPT0025890002_GATAGCTTCTGATGGT-1	A	C3N-00733	Tumor	TRUE
CPT0025890002_GATGCTAAGAGACAAG-1	A	C3N-00733	Tumor	FALSE
CPT0025890002_GCAACCGCAACGAGGT-1	A	C3N-00733	Tumor	FALSE
CPT0025890002_GCACGTGAGTGATCGG-1	A	C3N-00733	Tumor	FALSE
CPT0025890002_GCCAGGTAGCCTCATA-1	A	C3N-00733	Tumor	FALSE
CPT0025890002_GGGCTCAGTTGAATCC-1	A	C3N-00733	Tumor	FALSE
CPT0025890002_GGGTCACTCTCTGCTG-1	A	C3N-00733	Tumor	FALSE
CPT0025890002_GGTAATCTCGTTAGAC-1	A	C3N-00733	Tumor	FALSE
CPT0025890002_GGTTGTATCGATGCTA-1	A	C3N-00733	Tumor	TRUE
CPT0025890002_GTAATCGTCCTAGCTC-1	A	C3N-00733	Tumor	TRUE
CPT0025890002_GTAATGCGTCTAGATC-1	A	C3N-00733	Tumor	TRUE
CPT0025890002_GTACAGTCAGTGAGCA-1	A	C3N-00733	Tumor	FALSE
CPT0025890002_GTCAAACAGGACAACC-1	A	C3N-00733	Tumor	TRUE
CPT0025890002_GTCCTCATCGACGACC-1	A	C3N-00733	Tumor	FALSE
CPT0025890002_GTGCACGAGGCCCAAA-1	A	C3N-00733	Tumor	TRUE
CPT0025890002_GTGCAGCGTACTCAAC-1	A	C3N-00733	Tumor	FALSE
CPT0025890002_TAACCAGAGAGCAGCT-1	A	C3N-00733	Tumor	TRUE
CPT0025890002_TACGCTCCATTAGGAA-1	A	C3N-00733	Tumor	TRUE
CPT0025890002_TACGCTCTCGATGCTA-1	A	C3N-00733	Tumor	FALSE
CPT0025890002_TCACACCCAGTCGAGA-1	A	C3N-00733	Tumor	FALSE
CPT0025890002_TCAGCCTCAAGAGCTG-1	A	C3N-00733	Tumor	FALSE
CPT0025890002_TCAGTCCAGAATCGCG-1	A	C3N-00733	Tumor	TRUE
CPT0025890002_TCATATCAGCTCCGAC-1	A	C3N-00733	Tumor	TRUE
CPT0025890002_TCCAGAAGTCGAGCAA-1	A	C3N-00733	Tumor	FALSE
CPT0025890002_TCCCAGTTCATCGCAA-1	A	C3N-00733	Tumor	FALSE
CPT0025890002_TCCGATCCACAGGATG-1	A	C3N-00733	Tumor	FALSE
CPT0025890002_TCCTCTTTCAGACCTA-1	A	C3N-00733	Tumor	FALSE
CPT0025890002_TCTATACAGATCGCTT-1	A	C3N-00733	Tumor	TRUE
CPT0025890002_TGACCCTAGATGGCGT-1	A	C3N-00733	Tumor	FALSE
CPT0025890002_TGACTCCGTAGTCCTA-1	A	C3N-00733	Tumor	TRUE
CPT0025890002_TGAGGTTGTGAGTAAT-1	A	C3N-00733	Tumor	TRUE
CPT0025890002_TGGAGAGAGGTTACAA-1	A	C3N-00733	Tumor	FALSE
CPT0025890002_TGTCCCATCGCCAGTG-1	A	C3N-00733	Tumor	FALSE
CPT0025890002_TGTCCTGAGAACGCGT-1	A	C3N-00733	Tumor	TRUE
CPT0025890002_TTCCACGAGGCTCCCA-1	A	C3N-00733	Tumor	TRUE
CPT0025890002_TTCCACGGTTATGTCG-1	A	C3N-00733	Tumor	TRUE
CPT0025890002_TTCCACGTCATTGTGG-1	A	C3N-00733	Tumor	FALSE
CPT0025890002_TTTCGATGTATGCTAC-1	A	C3N-00733	Tumor	TRUE
CPT0025890002_TTTGACTCAACAACAA-1	A	C3N-00733	Tumor	FALSE
CPT0010110013_AACAACCGTACGTAGG-1	A	C3L-00416	Tumor	FALSE
CPT0010110013_ATAGACCCATTGTACG-1	A	C3L-00416	Tumor	TRUE
CPT0010110013_CATGAGTCACTTGGCG-1	A	C3L-00416	Tumor	FALSE
CPT0010110013_CGAAGTTGTGTTGCCG-1	A	C3L-00416	Tumor	FALSE
CPT0010110013_CTGCATCCAGCTGGTC-1	A	C3L-00416	Tumor	FALSE
CPT0010110013_GAGACCCGTCGAGCTC-1	A	C3L-00416	Tumor	FALSE
CPT0010110013_GCGAGAAGTCCTTTGC-1	A	C3L-00416	Tumor	FALSE
CPT0010110013_GTAGAAAGTCCATCTC-1	A	C3L-00416	Tumor	FALSE
CPT0010110013_TGCTCCAGTCGTGCCA-1	A	C3L-00416	Tumor	TRUE
CPT0010110013_TTTGTTGAGCCGAATG-1	A	C3L-00416	Tumor	FALSE
CPT0075120002_AACAAGACAGGAATAT-1	A	C3N-01200	Tumor	FALSE
CPT0075120002_AACGTCACATAATCCG-1	A	C3N-01200	Tumor	TRUE
CPT0075120002_AAGCGTTAGGTAAGTT-1	A	C3N-01200	Tumor	TRUE
CPT0075120002_AAGGTAAAGTGACCTT-1	A	C3N-01200	Tumor	FALSE
CPT0075120002_AAGTTCGCATACGCAT-1	A	C3N-01200	Tumor	FALSE
CPT0075120002_ACCAACATCACTGTCC-1	A	C3N-01200	Tumor	FALSE
CPT0075120002_ACCCTTGTCTTTCAGT-1	A	C3N-01200	Tumor	FALSE
CPT0075120002_ACCTGTCCATGGATCT-1	A	C3N-01200	Tumor	FALSE
CPT0075120002_ACGGTCGGTAGGCAGT-1	A	C3N-01200	Tumor	TRUE
CPT0075120002_ACTATTCGTCGGCCTA-1	A	C3N-01200	Tumor	FALSE
CPT0075120002_ACTATTCGTTACTCAG-1	A	C3N-01200	Tumor	FALSE
CPT0075120002_ACTGTCCCACAAATCC-1	A	C3N-01200	Tumor	TRUE
CPT0075120002_ACTTTGTTCGATAACC-1	A	C3N-01200	Tumor	FALSE
CPT0075120002_AGAACCTTCATCACCC-1	A	C3N-01200	Tumor	FALSE
CPT0075120002_AGACCATCATGTTACG-1	A	C3N-01200	Tumor	FALSE
CPT0075120002_AGAGAGCGTATGATCC-1	A	C3N-01200	Tumor	TRUE
CPT0075120002_AGGAATAAGGTATTGA-1	A	C3N-01200	Tumor	FALSE
CPT0075120002_AGGGCTCGTCGCGTTG-1	A	C3N-01200	Tumor	FALSE
CPT0075120002_AGGGTCCAGTTTCTTC-1	A	C3N-01200	Tumor	FALSE
CPT0075120002_AGGGTTTGTCGCTTAA-1	A	C3N-01200	Tumor	FALSE
CPT0075120002_AGTACCATCGAAATCC-1	A	C3N-01200	Tumor	FALSE
CPT0075120002_AGTCATGTCACCTCTG-1	A	C3N-01200	Tumor	FALSE
CPT0075120002_ATACCGAGTACTAGCT-1	A	C3N-01200	Tumor	FALSE
CPT0075120002_ATACTTCAGGTTACAA-1	A	C3N-01200	Tumor	TRUE
CPT0075120002_ATCGTAGGTACAAAGT-1	A	C3N-01200	Tumor	TRUE
CPT0075120002_ATTGTTCTCCGTTGGG-1	A	C3N-01200	Tumor	FALSE
CPT0075120002_CACAACAAGCGTATAA-1	A	C3N-01200	Tumor	TRUE
CPT0075120002_CAGGCCAGTCGTTATG-1	A	C3N-01200	Tumor	FALSE
CPT0075120002_CATCGTCCATCATTGG-1	A	C3N-01200	Tumor	FALSE
CPT0075120002_CATCGTCTCTCCGCAT-1	A	C3N-01200	Tumor	FALSE
CPT0075120002_CATGGATCACCATTCC-1	A	C3N-01200	Tumor	TRUE
CPT0075120002_CCACGAGTCGCCTATC-1	A	C3N-01200	Tumor	FALSE
CPT0075120002_CCGCAAGCATGGAATA-1	A	C3N-01200	Tumor	FALSE
CPT0075120002_CCTCTAGAGGCGACAT-1	A	C3N-01200	Tumor	FALSE
CPT0075120002_CGAGTGCGTAGCGATG-1	A	C3N-01200	Tumor	FALSE
CPT0075120002_CGCATGGAGTCGTCTA-1	A	C3N-01200	Tumor	TRUE
CPT0075120002_CGTCCATAGTCATCGT-1	A	C3N-01200	Tumor	FALSE
CPT0075120002_CGTTAGATCTATCCAT-1	A	C3N-01200	Tumor	FALSE
CPT0075120002_CTCACTGGTTACCCTC-1	A	C3N-01200	Tumor	FALSE
CPT0075120002_CTCAGTCCAAGCCATT-1	A	C3N-01200	Tumor	FALSE
CPT0075120002_CTCCAACCAACACAGG-1	A	C3N-01200	Tumor	TRUE
CPT0075120002_CTCCATGTCACCTGGG-1	A	C3N-01200	Tumor	TRUE
CPT0075120002_CTCCCTCTCCGAAGGA-1	A	C3N-01200	Tumor	FALSE
CPT0075120002_CTGCCATCAATGTCAC-1	A	C3N-01200	Tumor	FALSE
CPT0075120002_CTGCGAGGTCCGGATC-1	A	C3N-01200	Tumor	FALSE
CPT0075120002_CTGTCGTGTCGGCTAC-1	A	C3N-01200	Tumor	FALSE
CPT0075120002_CTTCAATCACAAAGCG-1	A	C3N-01200	Tumor	TRUE
CPT0075120002_CTTGAGAGTTCTTCAT-1	A	C3N-01200	Tumor	FALSE
CPT0075120002_CTTGATTCACCCTGAG-1	A	C3N-01200	Tumor	TRUE
CPT0075120002_GAAATGATCACTTGGA-1	A	C3N-01200	Tumor	FALSE
CPT0075120002_GAGACTTTCGTAACTG-1	A	C3N-01200	Tumor	FALSE
CPT0075120002_GAGTCATGTCGCAACC-1	A	C3N-01200	Tumor	TRUE
CPT0075120002_GATGGAGAGTCACAGG-1	A	C3N-01200	Tumor	FALSE
CPT0075120002_GATTGGTAGCATTTGC-1	A	C3N-01200	Tumor	FALSE
CPT0075120002_GCATCGGCATCCGTGG-1	A	C3N-01200	Tumor	FALSE
CPT0075120002_GCCATTCTCTCGCCTA-1	A	C3N-01200	Tumor	FALSE
CPT0075120002_GCGATCGGTTGCATGT-1	A	C3N-01200	Tumor	TRUE
CPT0075120002_GCGGATCTCATGCATG-1	A	C3N-01200	Tumor	FALSE
CPT0075120002_GCTGCAGGTAGTTACC-1	A	C3N-01200	Tumor	FALSE
CPT0075120002_GGAACCCCAGTACTAC-1	A	C3N-01200	Tumor	FALSE
CPT0075120002_GGAGAACGTGCTGTCG-1	A	C3N-01200	Tumor	FALSE
CPT0075120002_GGGACAACAGGTCTCG-1	A	C3N-01200	Tumor	FALSE
CPT0075120002_GGGAGATTCCACATAG-1	A	C3N-01200	Tumor	FALSE
CPT0075120002_GGGATCCGTGTTAAAG-1	A	C3N-01200	Tumor	FALSE
CPT0075120002_GGGATCCGTGTTCCTC-1	A	C3N-01200	Tumor	FALSE
CPT0075120002_GGTCACGCAGCCTATA-1	A	C3N-01200	Tumor	FALSE
CPT0075120002_GGTTCTCTCTTGAACG-1	A	C3N-01200	Tumor	FALSE
CPT0075120002_GGTTGTAAGGCTCAAG-1	A	C3N-01200	Tumor	FALSE
CPT0075120002_GGTTGTAGTCGCAGTC-1	A	C3N-01200	Tumor	FALSE
CPT0075120002_GTAATGCTCGTGCATA-1	A	C3N-01200	Tumor	FALSE
CPT0075120002_GTACAACTCGCCAGTG-1	A	C3N-01200	Tumor	FALSE
CPT0075120002_GTATTTCGTGATTCAC-1	A	C3N-01200	Tumor	FALSE
CPT0075120002_GTCCTCAAGTAGAGTT-1	A	C3N-01200	Tumor	FALSE
CPT0075120002_GTGAGGACAGGCCCTA-1	A	C3N-01200	Tumor	FALSE
CPT0075120002_GTGTAACCACGCGGTT-1	A	C3N-01200	Tumor	FALSE
CPT0075120002_GTGTAACTCACCTTAT-1	A	C3N-01200	Tumor	FALSE
CPT0075120002_GTGTGGCAGCGAGAAA-1	A	C3N-01200	Tumor	FALSE
CPT0075120002_GTTGAACGTACGTACT-1	A	C3N-01200	Tumor	FALSE
CPT0075120002_TAACACGTCGCTGTCT-1	A	C3N-01200	Tumor	FALSE
CPT0075120002_TACAGGTAGACACACG-1	A	C3N-01200	Tumor	FALSE
CPT0075120002_TAGAGTCCAAGCCCAC-1	A	C3N-01200	Tumor	FALSE
CPT0075120002_TAGGTTGTCGCTAAAC-1	A	C3N-01200	Tumor	FALSE
CPT0075120002_TATATCCAGCATCCTA-1	A	C3N-01200	Tumor	FALSE
CPT0075120002_TCATGTTCAGTCTGGC-1	A	C3N-01200	Tumor	FALSE
CPT0075120002_TCCTAATAGCATTTCG-1	A	C3N-01200	Tumor	FALSE
CPT0075120002_TCGAAGTAGAGGGTCT-1	A	C3N-01200	Tumor	FALSE
CPT0075120002_TCGTAGAAGCTGACCC-1	A	C3N-01200	Tumor	FALSE
CPT0075120002_TCGTCCAAGCTCTGTA-1	A	C3N-01200	Tumor	FALSE
CPT0075120002_TCTAACTGTCCCTGTT-1	A	C3N-01200	Tumor	FALSE
CPT0075120002_TCTATACCACGACCTG-1	A	C3N-01200	Tumor	FALSE
CPT0075120002_TCTCACGCAGGAGGAG-1	A	C3N-01200	Tumor	TRUE
CPT0075120002_TCTGGCTAGCAGATAT-1	A	C3N-01200	Tumor	FALSE
CPT0075120002_TGACTCCCAGCTATAC-1	A	C3N-01200	Tumor	FALSE
CPT0075120002_TGAGGTTGTCTTAGTG-1	A	C3N-01200	Tumor	FALSE
CPT0075120002_TGCTCCAAGTTAACAG-1	A	C3N-01200	Tumor	FALSE
CPT0075120002_TGGGCGTGTTAACCTG-1	A	C3N-01200	Tumor	FALSE
CPT0075120002_TGTCCACTCGACATAC-1	A	C3N-01200	Tumor	FALSE
CPT0075120002_TGTCCCAGTTCGATTG-1	A	C3N-01200	Tumor	FALSE
CPT0075120002_TTCACGCTCCTAGCTC-1	A	C3N-01200	Tumor	TRUE
CPT0075120002_TTCAGGATCTCTCGCA-1	A	C3N-01200	Tumor	TRUE
CPT0075120002_TTCATTGGTTTGTTCT-1	A	C3N-01200	Tumor	FALSE
CPT0075120002_TTCCTTCTCGGACTTA-1	A	C3N-01200	Tumor	FALSE
CPT0075120002_TTCGATTTCAAGGAGC-1	A	C3N-01200	Tumor	FALSE
CPT0075120002_TTCGGTCTCGCAAGAG-1	A	C3N-01200	Tumor	FALSE
CPT0075120002_TTCTAACAGGCACAAC-1	A	C3N-01200	Tumor	TRUE
CPT0075120002_TTCTAGTTCGCTCCTA-1	A	C3N-01200	Tumor	FALSE
CPT0075120002_TTCTTCCTCCCTCTTT-1	A	C3N-01200	Tumor	FALSE
CPT0075120002_TTCTTGAAGGTCGACA-1	A	C3N-01200	Tumor	FALSE
CPT0075120002_TTCTTGATCTCGGGAC-1	A	C3N-01200	Tumor	FALSE
CPT0075120002_TTGCATTCAACCCTCT-1	A	C3N-01200	Tumor	FALSE
CPT0075120002_TTGCTGCGTGTGATGG-1	A	C3N-01200	Tumor	FALSE
CPT0075120002_TTGGATGTCAGCTTGA-1	A	C3N-01200	Tumor	FALSE
CPT0075120002_TTTACTGCAACGCATT-1	A	C3N-01200	Tumor	FALSE
CPT0075140002_AAGAACAAGGCTTAAA-1	A	C3N-01200	Tumor	FALSE
CPT0075140002_AATGACCTCTCGGTCT-1	A	C3N-01200	Tumor	FALSE
CPT0075140002_ACATCGACACTACTTT-1	A	C3N-01200	Tumor	FALSE
CPT0075140002_AGGACTTTCCTATTTG-1	A	C3N-01200	Tumor	FALSE
CPT0075140002_AGTCACATCTGAGATC-1	A	C3N-01200	Tumor	TRUE
CPT0075140002_ATCGATGGTTGGGACA-1	A	C3N-01200	Tumor	FALSE
CPT0075140002_CACTGAAGTCACCACG-1	A	C3N-01200	Tumor	FALSE
CPT0075140002_CATTGAGGTACAACGG-1	A	C3N-01200	Tumor	FALSE
CPT0075140002_CATTGCCGTCCACTCT-1	A	C3N-01200	Tumor	FALSE
CPT0075140002_CCTCAGTCATGACTGT-1	A	C3N-01200	Tumor	TRUE
CPT0075140002_GGAGAACTCTGCCTCA-1	A	C3N-01200	Tumor	FALSE
CPT0075140002_GGGATGACAAGTGATA-1	A	C3N-01200	Tumor	FALSE
CPT0075140002_GTCATGATCATATGGC-1	A	C3N-01200	Tumor	TRUE
CPT0075140002_TATGTTCAGAGCATTA-1	A	C3N-01200	Tumor	FALSE
CPT0075140002_TCCTCCCGTCTTCAAG-1	A	C3N-01200	Tumor	TRUE
CPT0075140002_TCTACCGGTCCAGCAC-1	A	C3N-01200	Tumor	TRUE
CPT0075140002_TTCTAACGTGTCTTCC-1	A	C3N-01200	Tumor	TRUE
RCC-PR6-Normal_AAACGGGCACACATGT-1	B	RCC-PR6	Adjacent	FALSE
RCC-PR6-Normal_AAAGTAGTCCAAACAC-1	B	RCC-PR6	Adjacent	FALSE
RCC-PR6-Normal_AACCGCGCACTGTGTA-1	B	RCC-PR6	Adjacent	FALSE
RCC-PR6-Normal_AACGTTGGTTTAAGCC-1	B	RCC-PR6	Adjacent	FALSE
RCC-PR6-Normal_AACTCTTCACTCTGTC-1	B	RCC-PR6	Adjacent	TRUE
RCC-PR6-Normal_AACTTTCTCTGGCGAC-1	B	RCC-PR6	Adjacent	FALSE
RCC-PR6-Normal_AAGACCTAGGCGATAC-1	B	RCC-PR6	Adjacent	FALSE
RCC-PR6-Normal_AAGCCGCGTGAGTATA-1	B	RCC-PR6	Adjacent	FALSE
RCC-PR6-Normal_AAGGAGCGTATTCGTG-1	B	RCC-PR6	Adjacent	FALSE
RCC-PR6-Normal_AAGGCAGCACAACGCC-1	B	RCC-PR6	Adjacent	FALSE
RCC-PR6-Normal_ACACCAAGTGTTAAGA-1	B	RCC-PR6	Adjacent	FALSE
RCC-PR6-Normal_ACACCCTAGCGCTTAT-1	B	RCC-PR6	Adjacent	FALSE
RCC-PR6-Normal_ACACCCTTCACGGTTA-1	B	RCC-PR6	Adjacent	FALSE
RCC-PR6-Normal_ACCAGTATCCTCTAGC-1	B	RCC-PR6	Adjacent	FALSE
RCC-PR6-Normal_ACGAGGACAGATGAGC-1	B	RCC-PR6	Adjacent	FALSE
RCC-PR6-Normal_ACGATACGTACATCCA-1	B	RCC-PR6	Adjacent	FALSE
RCC-PR6-Normal_ACGATACGTTCGCTAA-1	B	RCC-PR6	Adjacent	FALSE
RCC-PR6-Normal_ACGCAGCAGTGTGAAT-1	B	RCC-PR6	Adjacent	FALSE
RCC-PR6-Normal_ACGCAGCTCCCAACGG-1	B	RCC-PR6	Adjacent	FALSE
RCC-PR6-Normal_ACGCCAGGTAGCTGCC-1	B	RCC-PR6	Adjacent	FALSE
RCC-PR6-Normal_ACGCCGAAGACCTAGG-1	B	RCC-PR6	Adjacent	TRUE
RCC-PR6-Normal_ACGGAGATCAACCAAC-1	B	RCC-PR6	Adjacent	FALSE
RCC-PR6-Normal_ACGTCAACATACGCCG-1	B	RCC-PR6	Adjacent	TRUE
RCC-PR6-Normal_ACTATCTAGCTCCTCT-1	B	RCC-PR6	Adjacent	FALSE
RCC-PR6-Normal_ACTATCTTCCACTCCA-1	B	RCC-PR6	Adjacent	TRUE
RCC-PR6-Normal_ACTGAACTCATCGGAT-1	B	RCC-PR6	Adjacent	FALSE
RCC-PR6-Normal_ACTGATGTCATCACCC-1	B	RCC-PR6	Adjacent	FALSE
RCC-PR6-Normal_ACTGCTCAGGGATACC-1	B	RCC-PR6	Adjacent	FALSE
RCC-PR6-Normal_ACTGTCCCAACACCCG-1	B	RCC-PR6	Adjacent	FALSE
RCC-PR6-Normal_ACTTGTTCAGTCAGCC-1	B	RCC-PR6	Adjacent	FALSE
RCC-PR6-Normal_ACTTTCAGTCTCATCC-1	B	RCC-PR6	Adjacent	FALSE
RCC-PR6-Normal_AGAATAGGTTGGGACA-1	B	RCC-PR6	Adjacent	FALSE
RCC-PR6-Normal_AGACGTTAGGCCATAG-1	B	RCC-PR6	Adjacent	FALSE
RCC-PR6-Normal_AGAGCTTAGACCCACC-1	B	RCC-PR6	Adjacent	FALSE
RCC-PR6-Normal_AGAGTGGGTAGAGGAA-1	B	RCC-PR6	Adjacent	FALSE
RCC-PR6-Normal_AGCAGCCAGGATGGTC-1	B	RCC-PR6	Adjacent	FALSE
RCC-PR6-Normal_AGCATACTCCTATGTT-1	B	RCC-PR6	Adjacent	FALSE
RCC-PR6-Normal_AGCGTCGGTATTCGTG-1	B	RCC-PR6	Adjacent	FALSE
RCC-PR6-Normal_AGGGAGTCAAGTCATC-1	B	RCC-PR6	Adjacent	FALSE
RCC-PR6-Normal_AGGGATGCAGTAAGCG-1	B	RCC-PR6	Adjacent	FALSE
RCC-PR6-Normal_AGGGATGTCGCGTAGC-1	B	RCC-PR6	Adjacent	FALSE
RCC-PR6-Normal_AGGGTGATCATAAAGG-1	B	RCC-PR6	Adjacent	TRUE
RCC-PR6-Normal_AGTCTTTCAAGTTCTG-1	B	RCC-PR6	Adjacent	FALSE
RCC-PR6-Normal_AGTCTTTTCTGCCCTA-1	B	RCC-PR6	Adjacent	FALSE
RCC-PR6-Normal_AGTGTCACAATGGAGC-1	B	RCC-PR6	Adjacent	FALSE
RCC-PR6-Normal_AGTTGGTAGCTGAAAT-1	B	RCC-PR6	Adjacent	FALSE
RCC-PR6-Normal_ATAACGCAGTCATGCT-1	B	RCC-PR6	Adjacent	FALSE
RCC-PR6-Normal_ATAAGAGTCCAAACTG-1	B	RCC-PR6	Adjacent	FALSE
RCC-PR6-Normal_ATAAGAGTCCTACAGA-1	B	RCC-PR6	Adjacent	FALSE
RCC-PR6-Normal_ATCATGGAGGAATGGA-1	B	RCC-PR6	Adjacent	FALSE
RCC-PR6-Normal_ATCATGGTCCTGCTTG-1	B	RCC-PR6	Adjacent	FALSE
RCC-PR6-Normal_ATGGGAGGTTCGGCAC-1	B	RCC-PR6	Adjacent	FALSE
RCC-PR6-Normal_ATGTGTGGTAGCGTGA-1	B	RCC-PR6	Adjacent	FALSE
RCC-PR6-Normal_ATTGGACCAGATCGGA-1	B	RCC-PR6	Adjacent	FALSE
RCC-PR6-Normal_CAACCAATCCGATATG-1	B	RCC-PR6	Adjacent	FALSE
RCC-PR6-Normal_CAACCTCAGCAATATG-1	B	RCC-PR6	Adjacent	FALSE
RCC-PR6-Normal_CACAAACAGCTAAGAT-1	B	RCC-PR6	Adjacent	FALSE
RCC-PR6-Normal_CACACTCCACTCAGGC-1	B	RCC-PR6	Adjacent	FALSE
RCC-PR6-Normal_CACACTCGTAATTGGA-1	B	RCC-PR6	Adjacent	TRUE
RCC-PR6-Normal_CACATAGCACCGATAT-1	B	RCC-PR6	Adjacent	FALSE
RCC-PR6-Normal_CACCAGGTCAGGTAAA-1	B	RCC-PR6	Adjacent	FALSE
RCC-PR6-Normal_CAGATCAGTTATCGGT-1	B	RCC-PR6	Adjacent	FALSE
RCC-PR6-Normal_CAGCCGACATTAGCCA-1	B	RCC-PR6	Adjacent	FALSE
RCC-PR6-Normal_CAGCTAACATCCAACA-1	B	RCC-PR6	Adjacent	FALSE
RCC-PR6-Normal_CAGCTAAGTAACGTTC-1	B	RCC-PR6	Adjacent	FALSE
RCC-PR6-Normal_CAGTAACAGGGCTTCC-1	B	RCC-PR6	Adjacent	FALSE
RCC-PR6-Normal_CATCAAGAGAAACCAT-1	B	RCC-PR6	Adjacent	FALSE
RCC-PR6-Normal_CATCAGATCCTTAATC-1	B	RCC-PR6	Adjacent	FALSE
RCC-PR6-Normal_CATGCCTGTCTCCACT-1	B	RCC-PR6	Adjacent	FALSE
RCC-PR6-Normal_CATTATCCACATGACT-1	B	RCC-PR6	Adjacent	FALSE
RCC-PR6-Normal_CATTCGCGTGCAACGA-1	B	RCC-PR6	Adjacent	FALSE
RCC-PR6-Normal_CCACGGACAAGCGATG-1	B	RCC-PR6	Adjacent	FALSE
RCC-PR6-Normal_CCATGTCAGGCTATCT-1	B	RCC-PR6	Adjacent	FALSE
RCC-PR6-Normal_CCCAATCGTGGGTATG-1	B	RCC-PR6	Adjacent	FALSE
RCC-PR6-Normal_CCCTCCTCACAGTCGC-1	B	RCC-PR6	Adjacent	FALSE
RCC-PR6-Normal_CCTACCACATCTACGA-1	B	RCC-PR6	Adjacent	FALSE
RCC-PR6-Normal_CCTACCAGTCCGTGAC-1	B	RCC-PR6	Adjacent	FALSE
RCC-PR6-Normal_CCTATTACACGTCTCT-1	B	RCC-PR6	Adjacent	FALSE
RCC-PR6-Normal_CCTATTAGTACTTCTT-1	B	RCC-PR6	Adjacent	FALSE
RCC-PR6-Normal_CCTTCCCAGTGGAGTC-1	B	RCC-PR6	Adjacent	FALSE
RCC-PR6-Normal_CCTTCCCAGTGTCCAT-1	B	RCC-PR6	Adjacent	FALSE
RCC-PR6-Normal_CCTTCCCTCTTGAGAC-1	B	RCC-PR6	Adjacent	FALSE
RCC-PR6-Normal_CCTTTCTAGTGGGCTA-1	B	RCC-PR6	Adjacent	FALSE
RCC-PR6-Normal_CGAGAAGTCGCCAAAT-1	B	RCC-PR6	Adjacent	FALSE
RCC-PR6-Normal_CGATCGGTCTCCGGTT-1	B	RCC-PR6	Adjacent	FALSE
RCC-PR6-Normal_CGATGGCAGGGATACC-1	B	RCC-PR6	Adjacent	FALSE
RCC-PR6-Normal_CGATGTATCAGTGCAT-1	B	RCC-PR6	Adjacent	FALSE
RCC-PR6-Normal_CGATTGATCCGTAGTA-1	B	RCC-PR6	Adjacent	TRUE
RCC-PR6-Normal_CGGACTGAGTGAACAT-1	B	RCC-PR6	Adjacent	FALSE
RCC-PR6-Normal_CGGAGTCAGGAACTGC-1	B	RCC-PR6	Adjacent	TRUE
RCC-PR6-Normal_CGGTTAACACGTGAGA-1	B	RCC-PR6	Adjacent	FALSE
RCC-PR6-Normal_CGTCACTCACTTAAGC-1	B	RCC-PR6	Adjacent	FALSE
RCC-PR6-Normal_CGTCAGGTCCTGCAGG-1	B	RCC-PR6	Adjacent	FALSE
RCC-PR6-Normal_CGTTAGACATTTGCCC-1	B	RCC-PR6	Adjacent	FALSE
RCC-PR6-Normal_CGTTCTGCAAGCCCAC-1	B	RCC-PR6	Adjacent	FALSE
RCC-PR6-Normal_CTACCCACAGATCGGA-1	B	RCC-PR6	Adjacent	FALSE
RCC-PR6-Normal_CTACGTCTCGTGGACC-1	B	RCC-PR6	Adjacent	FALSE
RCC-PR6-Normal_CTAGTGAAGTGGAGAA-1	B	RCC-PR6	Adjacent	TRUE
RCC-PR6-Normal_CTCGAAATCATCGATG-1	B	RCC-PR6	Adjacent	FALSE
RCC-PR6-Normal_CTCGTCAAGGAGTTGC-1	B	RCC-PR6	Adjacent	FALSE
RCC-PR6-Normal_CTGAAGTGTGATGATA-1	B	RCC-PR6	Adjacent	FALSE
RCC-PR6-Normal_CTGAAGTGTTTGGGCC-1	B	RCC-PR6	Adjacent	FALSE
RCC-PR6-Normal_CTGAAGTTCCAATGGT-1	B	RCC-PR6	Adjacent	FALSE
RCC-PR6-Normal_CTGATCCCACGTCTCT-1	B	RCC-PR6	Adjacent	FALSE
RCC-PR6-Normal_CTGATCCGTTACGACT-1	B	RCC-PR6	Adjacent	FALSE
RCC-PR6-Normal_CTGATCCTCACGATGT-1	B	RCC-PR6	Adjacent	FALSE
RCC-PR6-Normal_CTGCGGAAGACTACAA-1	B	RCC-PR6	Adjacent	FALSE
RCC-PR6-Normal_CTGCTGTTCCTCCTAG-1	B	RCC-PR6	Adjacent	FALSE
RCC-PR6-Normal_CTTAACTTCCGAAGAG-1	B	RCC-PR6	Adjacent	FALSE
RCC-PR6-Normal_CTTAGGACACTAGTAC-1	B	RCC-PR6	Adjacent	FALSE
RCC-PR6-Normal_GAAACTCCAATGAAAC-1	B	RCC-PR6	Adjacent	FALSE
RCC-PR6-Normal_GAACCTAGTCAATACC-1	B	RCC-PR6	Adjacent	FALSE
RCC-PR6-Normal_GAACCTAGTCTTCGTC-1	B	RCC-PR6	Adjacent	FALSE
RCC-PR6-Normal_GAATAAGGTAAAGTCA-1	B	RCC-PR6	Adjacent	FALSE
RCC-PR6-Normal_GAATAAGTCACCGTAA-1	B	RCC-PR6	Adjacent	FALSE
RCC-PR6-Normal_GAATGAAGTCTAGCCG-1	B	RCC-PR6	Adjacent	FALSE
RCC-PR6-Normal_GACAGAGGTCCAAGTT-1	B	RCC-PR6	Adjacent	FALSE
RCC-PR6-Normal_GACAGAGTCTCGTTTA-1	B	RCC-PR6	Adjacent	FALSE
RCC-PR6-Normal_GACCAATCACAGTCGC-1	B	RCC-PR6	Adjacent	FALSE
RCC-PR6-Normal_GACGCGTCATTCTTAC-1	B	RCC-PR6	Adjacent	TRUE
RCC-PR6-Normal_GACGCGTTCTTGTACT-1	B	RCC-PR6	Adjacent	FALSE
RCC-PR6-Normal_GACGTTACAGCGTAAG-1	B	RCC-PR6	Adjacent	FALSE
RCC-PR6-Normal_GAGTCCGAGCCCTAAT-1	B	RCC-PR6	Adjacent	FALSE
RCC-PR6-Normal_GATCAGTCACGAGGTA-1	B	RCC-PR6	Adjacent	FALSE
RCC-PR6-Normal_GATCGATGTTTAAGCC-1	B	RCC-PR6	Adjacent	FALSE
RCC-PR6-Normal_GATCGCGGTCGTTGTA-1	B	RCC-PR6	Adjacent	FALSE
RCC-PR6-Normal_GATCTAGAGCACCGCT-1	B	RCC-PR6	Adjacent	FALSE
RCC-PR6-Normal_GATGAAATCGCGGATC-1	B	RCC-PR6	Adjacent	FALSE
RCC-PR6-Normal_GATGAGGGTTGTCTTT-1	B	RCC-PR6	Adjacent	TRUE
RCC-PR6-Normal_GATGAGGTCCCTTGTG-1	B	RCC-PR6	Adjacent	FALSE
RCC-PR6-Normal_GCACATAAGTGGTAAT-1	B	RCC-PR6	Adjacent	TRUE
RCC-PR6-Normal_GCACTCTAGTCACGCC-1	B	RCC-PR6	Adjacent	FALSE
RCC-PR6-Normal_GCACTCTTCAAGAAGT-1	B	RCC-PR6	Adjacent	FALSE
RCC-PR6-Normal_GCAGTTACATCAGTCA-1	B	RCC-PR6	Adjacent	FALSE
RCC-PR6-Normal_GCATACACAGGGCATA-1	B	RCC-PR6	Adjacent	FALSE
RCC-PR6-Normal_GCATGATTCATTATCC-1	B	RCC-PR6	Adjacent	FALSE
RCC-PR6-Normal_GCATGATTCTAACCGA-1	B	RCC-PR6	Adjacent	FALSE
RCC-PR6-Normal_GCCAAATGTCGAAAGC-1	B	RCC-PR6	Adjacent	TRUE
RCC-PR6-Normal_GCCAAATTCCCAACGG-1	B	RCC-PR6	Adjacent	TRUE
RCC-PR6-Normal_GCCTCTATCTTGTACT-1	B	RCC-PR6	Adjacent	FALSE
RCC-PR6-Normal_GCGACCAAGGTGCTTT-1	B	RCC-PR6	Adjacent	FALSE
RCC-PR6-Normal_GCGCAACAGAGGTACC-1	B	RCC-PR6	Adjacent	FALSE
RCC-PR6-Normal_GCGCAGTAGCGTTTAC-1	B	RCC-PR6	Adjacent	FALSE
RCC-PR6-Normal_GCTCTGTCAAGTAATG-1	B	RCC-PR6	Adjacent	FALSE
RCC-PR6-Normal_GCTCTGTCAGCTGGCT-1	B	RCC-PR6	Adjacent	TRUE
RCC-PR6-Normal_GCTCTGTTCTAACTGG-1	B	RCC-PR6	Adjacent	FALSE
RCC-PR6-Normal_GCTGCAGCACCGCTAG-1	B	RCC-PR6	Adjacent	FALSE
RCC-PR6-Normal_GCTGGGTAGACCTTTG-1	B	RCC-PR6	Adjacent	FALSE
RCC-PR6-Normal_GGAACTTTCACTTACT-1	B	RCC-PR6	Adjacent	FALSE
RCC-PR6-Normal_GGACAGAGTTGTTTGG-1	B	RCC-PR6	Adjacent	FALSE
RCC-PR6-Normal_GGACGTCCATGCTGGC-1	B	RCC-PR6	Adjacent	FALSE
RCC-PR6-Normal_GGATGTTGTGAAATCA-1	B	RCC-PR6	Adjacent	FALSE
RCC-PR6-Normal_GGCAATTGTCCTCCAT-1	B	RCC-PR6	Adjacent	FALSE
RCC-PR6-Normal_GGCAATTTCAGGTTCA-1	B	RCC-PR6	Adjacent	FALSE
RCC-PR6-Normal_GGCCGATAGGGCATGT-1	B	RCC-PR6	Adjacent	FALSE
RCC-PR6-Normal_GGGACCTAGTACGTTC-1	B	RCC-PR6	Adjacent	FALSE
RCC-PR6-Normal_GGGACCTTCTTGCCGT-1	B	RCC-PR6	Adjacent	FALSE
RCC-PR6-Normal_GGGATGAAGGTGACCA-1	B	RCC-PR6	Adjacent	FALSE
RCC-PR6-Normal_GGGCACTCAAACAACA-1	B	RCC-PR6	Adjacent	FALSE
RCC-PR6-Normal_GGTGAAGAGATCCGAG-1	B	RCC-PR6	Adjacent	FALSE
RCC-PR6-Normal_GTAACTGGTGAGGGTT-1	B	RCC-PR6	Adjacent	FALSE
RCC-PR6-Normal_GTAACTGGTGCCTGCA-1	B	RCC-PR6	Adjacent	FALSE
RCC-PR6-Normal_GTACGTAAGTAGCGGT-1	B	RCC-PR6	Adjacent	FALSE
RCC-PR6-Normal_GTACGTACATGGATGG-1	B	RCC-PR6	Adjacent	FALSE
RCC-PR6-Normal_GTACTCCAGCCCAGCT-1	B	RCC-PR6	Adjacent	FALSE
RCC-PR6-Normal_GTACTCCCAGGCTCAC-1	B	RCC-PR6	Adjacent	FALSE
RCC-PR6-Normal_GTACTTTCATTGGTAC-1	B	RCC-PR6	Adjacent	FALSE
RCC-PR6-Normal_GTAGGCCTCAACACTG-1	B	RCC-PR6	Adjacent	FALSE
RCC-PR6-Normal_GTAGTCATCAGCAACT-1	B	RCC-PR6	Adjacent	FALSE
RCC-PR6-Normal_GTATTCTAGAAGGTGA-1	B	RCC-PR6	Adjacent	TRUE
RCC-PR6-Normal_GTCACAACAGCGATCC-1	B	RCC-PR6	Adjacent	TRUE
RCC-PR6-Normal_GTCACAAGTGACTCAT-1	B	RCC-PR6	Adjacent	FALSE
RCC-PR6-Normal_GTCACGGCATGGGAAC-1	B	RCC-PR6	Adjacent	TRUE
RCC-PR6-Normal_GTCGGGTTCGAATCCA-1	B	RCC-PR6	Adjacent	FALSE
RCC-PR6-Normal_GTCGTAATCAGAGCTT-1	B	RCC-PR6	Adjacent	FALSE
RCC-PR6-Normal_GTCTCGTAGGAACTGC-1	B	RCC-PR6	Adjacent	FALSE
RCC-PR6-Normal_GTGCAGCTCTGGCGAC-1	B	RCC-PR6	Adjacent	FALSE
RCC-PR6-Normal_GTGCGGTGTTTAGCTG-1	B	RCC-PR6	Adjacent	FALSE
RCC-PR6-Normal_GTGCTTCAGCACACAG-1	B	RCC-PR6	Adjacent	TRUE
RCC-PR6-Normal_GTTACAGAGGTGCTTT-1	B	RCC-PR6	Adjacent	FALSE
RCC-PR6-Normal_GTTACAGAGTGGCACA-1	B	RCC-PR6	Adjacent	FALSE
RCC-PR6-Normal_GTTCATTTCCTCAACC-1	B	RCC-PR6	Adjacent	FALSE
RCC-PR6-Normal_GTTTCTACAAGGTTTC-1	B	RCC-PR6	Adjacent	FALSE
RCC-PR6-Normal_TAAACCGTCTTAGCCC-1	B	RCC-PR6	Adjacent	FALSE
RCC-PR6-Normal_TACACGACATAACCTG-1	B	RCC-PR6	Adjacent	FALSE
RCC-PR6-Normal_TACAGTGGTACGCTGC-1	B	RCC-PR6	Adjacent	FALSE
RCC-PR6-Normal_TACCTATAGCTAACAA-1	B	RCC-PR6	Adjacent	FALSE
RCC-PR6-Normal_TACGGGCAGAGAACAG-1	B	RCC-PR6	Adjacent	FALSE
RCC-PR6-Normal_TACGGTAAGGGTGTTG-1	B	RCC-PR6	Adjacent	FALSE
RCC-PR6-Normal_TACGGTACAGGCGATA-1	B	RCC-PR6	Adjacent	FALSE
RCC-PR6-Normal_TACTCATAGTCTTGCA-1	B	RCC-PR6	Adjacent	FALSE
RCC-PR6-Normal_TACTCGCCAGGAACGT-1	B	RCC-PR6	Adjacent	FALSE
RCC-PR6-Normal_TACTTGTAGAACTGTA-1	B	RCC-PR6	Adjacent	FALSE
RCC-PR6-Normal_TATCTCAAGTGATCGG-1	B	RCC-PR6	Adjacent	FALSE
RCC-PR6-Normal_TATCTCATCAGCTCTC-1	B	RCC-PR6	Adjacent	FALSE
RCC-PR6-Normal_TATGCCCAGACCCACC-1	B	RCC-PR6	Adjacent	FALSE
RCC-PR6-Normal_TCAACGAGTACCAGTT-1	B	RCC-PR6	Adjacent	FALSE
RCC-PR6-Normal_TCAATCTCAAAGGAAG-1	B	RCC-PR6	Adjacent	TRUE
RCC-PR6-Normal_TCAATCTGTAGCGTGA-1	B	RCC-PR6	Adjacent	FALSE
RCC-PR6-Normal_TCACGAAGTACGCACC-1	B	RCC-PR6	Adjacent	FALSE
RCC-PR6-Normal_TCACGAATCTGAGTGT-1	B	RCC-PR6	Adjacent	FALSE
RCC-PR6-Normal_TCAGATGAGGCAGTCA-1	B	RCC-PR6	Adjacent	FALSE
RCC-PR6-Normal_TCATTTGCACGTTGGC-1	B	RCC-PR6	Adjacent	FALSE
RCC-PR6-Normal_TCCACACTCTTGTATC-1	B	RCC-PR6	Adjacent	FALSE
RCC-PR6-Normal_TCCCGATGTAGGCATG-1	B	RCC-PR6	Adjacent	FALSE
RCC-PR6-Normal_TCGAGGCGTCCATGAT-1	B	RCC-PR6	Adjacent	FALSE
RCC-PR6-Normal_TCGCGAGTCACGCGGT-1	B	RCC-PR6	Adjacent	FALSE
RCC-PR6-Normal_TCTTTCCAGCACAGGT-1	B	RCC-PR6	Adjacent	FALSE
RCC-PR6-Normal_TGACTTTGTCCCTTGT-1	B	RCC-PR6	Adjacent	FALSE
RCC-PR6-Normal_TGACTTTTCTCACATT-1	B	RCC-PR6	Adjacent	FALSE
RCC-PR6-Normal_TGAGGGAAGTGCCAGA-1	B	RCC-PR6	Adjacent	FALSE
RCC-PR6-Normal_TGAGGGATCGGATGGA-1	B	RCC-PR6	Adjacent	FALSE
RCC-PR6-Normal_TGATTTCGTCTTCAAG-1	B	RCC-PR6	Adjacent	FALSE
RCC-PR6-Normal_TGCCAAATCCTAAGTG-1	B	RCC-PR6	Adjacent	TRUE
RCC-PR6-Normal_TGCCCTAAGGATGTAT-1	B	RCC-PR6	Adjacent	FALSE
RCC-PR6-Normal_TGCCCTATCTCCCTGA-1	B	RCC-PR6	Adjacent	FALSE
RCC-PR6-Normal_TGCTACCAGTAGCCGA-1	B	RCC-PR6	Adjacent	FALSE
RCC-PR6-Normal_TGGCTGGGTCTCTCTG-1	B	RCC-PR6	Adjacent	FALSE
RCC-PR6-Normal_TGGTTAGGTCAACTGT-1	B	RCC-PR6	Adjacent	FALSE
RCC-PR6-Normal_TGGTTCCAGAGTCTGG-1	B	RCC-PR6	Adjacent	FALSE
RCC-PR6-Normal_TGGTTCCGTAAATGAC-1	B	RCC-PR6	Adjacent	FALSE
RCC-PR6-Normal_TGTATTCAGACTAGGC-1	B	RCC-PR6	Adjacent	FALSE
RCC-PR6-Normal_TGTCCCAAGAGGGATA-1	B	RCC-PR6	Adjacent	FALSE
RCC-PR6-Normal_TGTCCCAGTCAGAGGT-1	B	RCC-PR6	Adjacent	FALSE
RCC-PR6-Normal_TTAACTCAGGTCATCT-1	B	RCC-PR6	Adjacent	FALSE
RCC-PR6-Normal_TTAACTCGTAAGGGAA-1	B	RCC-PR6	Adjacent	FALSE
RCC-PR6-Normal_TTAACTCGTGGTTTCA-1	B	RCC-PR6	Adjacent	TRUE
RCC-PR6-Normal_TTAGGACCAGTACACT-1	B	RCC-PR6	Adjacent	FALSE
RCC-PR6-Normal_TTAGGCACAAGGGTCA-1	B	RCC-PR6	Adjacent	FALSE
RCC-PR6-Normal_TTAGTTCAGAAGGGTA-1	B	RCC-PR6	Adjacent	FALSE
RCC-PR6-Normal_TTAGTTCGTCTCAACA-1	B	RCC-PR6	Adjacent	FALSE
RCC-PR6-Normal_TTATGCTCATGAGCGA-1	B	RCC-PR6	Adjacent	FALSE
RCC-PR6-Normal_TTATGCTGTTTGTTGG-1	B	RCC-PR6	Adjacent	TRUE
RCC-PR6-Normal_TTCTACAAGGCTAGCA-1	B	RCC-PR6	Adjacent	FALSE
RCC-PR6-Normal_TTCTACATCCCACTTG-1	B	RCC-PR6	Adjacent	FALSE
RCC-PR6-Normal_TTGAACGAGTACTTGC-1	B	RCC-PR6	Adjacent	FALSE
RCC-PR6-Normal_TTGACTTTCCTTTCGG-1	B	RCC-PR6	Adjacent	FALSE
RCC-PR6-Normal_TTGCCGTTCAACGAAA-1	B	RCC-PR6	Adjacent	FALSE
RCC-PR6-Normal_TTGTAGGCATCAGTAC-1	B	RCC-PR6	Adjacent	FALSE
RCC-PR6-Normal_TTGTAGGGTCGCCATG-1	B	RCC-PR6	Adjacent	FALSE
RCC-PR6-Normal_TTTGGTTGTGAGTGAC-1	B	RCC-PR6	Adjacent	FALSE
RCC-PR6-PTumor_AAGTCTGAGATGTCGG-1	B	RCC-PR6	Tumor	FALSE
RCC-PR6-PTumor_ACACCGGAGTCGTTTG-1	B	RCC-PR6	Tumor	FALSE
RCC-PR6-PTumor_ACATCAGGTCTGGTCG-1	B	RCC-PR6	Tumor	FALSE
RCC-PR6-PTumor_ACCAGTATCATGCAAC-1	B	RCC-PR6	Tumor	FALSE
RCC-PR6-PTumor_ACGATGTGTCTCTTAT-1	B	RCC-PR6	Tumor	FALSE
RCC-PR6-PTumor_AGACGTTCAATGGATA-1	B	RCC-PR6	Tumor	FALSE
RCC-PR6-PTumor_AGACGTTCAGAGCCAA-1	B	RCC-PR6	Tumor	FALSE
RCC-PR6-PTumor_AGATTGCAGGCTCATT-1	B	RCC-PR6	Tumor	FALSE
RCC-PR6-PTumor_AGATTGCGTTTGGGCC-1	B	RCC-PR6	Tumor	TRUE
RCC-PR6-PTumor_AGATTGCTCTTAGCCC-1	B	RCC-PR6	Tumor	FALSE
RCC-PR6-PTumor_AGCGGTCGTCAACTGT-1	B	RCC-PR6	Tumor	TRUE
RCC-PR6-PTumor_AGCGTCGAGCTAAACA-1	B	RCC-PR6	Tumor	FALSE
RCC-PR6-PTumor_ATCCGAACACGGCTAC-1	B	RCC-PR6	Tumor	FALSE
RCC-PR6-PTumor_ATGCGATCAAAGCGGT-1	B	RCC-PR6	Tumor	FALSE
RCC-PR6-PTumor_ATTCTACAGTCAATAG-1	B	RCC-PR6	Tumor	TRUE
RCC-PR6-PTumor_CACACAATCCGAACGC-1	B	RCC-PR6	Tumor	FALSE
RCC-PR6-PTumor_CACAGGCGTGCGCTTG-1	B	RCC-PR6	Tumor	TRUE
RCC-PR6-PTumor_CAGAGAGAGACCACGA-1	B	RCC-PR6	Tumor	FALSE
RCC-PR6-PTumor_CAGTAACAGCCACTAT-1	B	RCC-PR6	Tumor	FALSE
RCC-PR6-PTumor_CCTTCCCCATGCAACT-1	B	RCC-PR6	Tumor	FALSE
RCC-PR6-PTumor_CGAGCACCACATGTGT-1	B	RCC-PR6	Tumor	FALSE
RCC-PR6-PTumor_CGTCACTGTGAAAGAG-1	B	RCC-PR6	Tumor	FALSE
RCC-PR6-PTumor_CTAGTGACAGCAGTTT-1	B	RCC-PR6	Tumor	FALSE
RCC-PR6-PTumor_CTCGAGGGTCTTCGTC-1	B	RCC-PR6	Tumor	FALSE
RCC-PR6-PTumor_CTCGGAGTCTTATCTG-1	B	RCC-PR6	Tumor	FALSE
RCC-PR6-PTumor_CTTTGCGAGATCGATA-1	B	RCC-PR6	Tumor	FALSE
RCC-PR6-PTumor_CTTTGCGTCCCTCAGT-1	B	RCC-PR6	Tumor	TRUE
RCC-PR6-PTumor_GAACATCTCCAAATGC-1	B	RCC-PR6	Tumor	FALSE
RCC-PR6-PTumor_GAATGAATCATATCGG-1	B	RCC-PR6	Tumor	FALSE
RCC-PR6-PTumor_GACCTGGAGGATATAC-1	B	RCC-PR6	Tumor	TRUE
RCC-PR6-PTumor_GACGTGCCAGATGGCA-1	B	RCC-PR6	Tumor	TRUE
RCC-PR6-PTumor_GATCGCGCATCTCGCT-1	B	RCC-PR6	Tumor	FALSE
RCC-PR6-PTumor_GATGAGGCACCAGGTC-1	B	RCC-PR6	Tumor	FALSE
RCC-PR6-PTumor_GATTCAGAGAGGTTAT-1	B	RCC-PR6	Tumor	FALSE
RCC-PR6-PTumor_GCATACACAGTTCATG-1	B	RCC-PR6	Tumor	FALSE
RCC-PR6-PTumor_GCTGGGTAGCCAGGAT-1	B	RCC-PR6	Tumor	FALSE
RCC-PR6-PTumor_GGAAAGCTCCTGCAGG-1	B	RCC-PR6	Tumor	TRUE
RCC-PR6-PTumor_GGCAATTAGGCAGTCA-1	B	RCC-PR6	Tumor	FALSE
RCC-PR6-PTumor_GGTGTTATCCCTCTTT-1	B	RCC-PR6	Tumor	TRUE
RCC-PR6-PTumor_GTAACGTAGACTCGGA-1	B	RCC-PR6	Tumor	FALSE
RCC-PR6-PTumor_GTCCTCACACATTAGC-1	B	RCC-PR6	Tumor	FALSE
RCC-PR6-PTumor_GTGCGGTTCCTTTCGG-1	B	RCC-PR6	Tumor	FALSE
RCC-PR6-PTumor_GTTTCTATCCTTTCTC-1	B	RCC-PR6	Tumor	FALSE
RCC-PR6-PTumor_TAAACCGGTTCTGAAC-1	B	RCC-PR6	Tumor	TRUE
RCC-PR6-PTumor_TACCTTACAGGGATTG-1	B	RCC-PR6	Tumor	FALSE
RCC-PR6-PTumor_TACGGATGTACCGGCT-1	B	RCC-PR6	Tumor	TRUE
RCC-PR6-PTumor_TAGACCACACGGCTAC-1	B	RCC-PR6	Tumor	FALSE
RCC-PR6-PTumor_TCGCGAGTCTTTAGGG-1	B	RCC-PR6	Tumor	FALSE
RCC-PR6-PTumor_TCTCTAAAGTGGGATC-1	B	RCC-PR6	Tumor	TRUE
RCC-PR6-PTumor_TCTTTCCGTCAACATC-1	B	RCC-PR6	Tumor	FALSE
RCC-PR6-PTumor_TGACAACAGAACTCGG-1	B	RCC-PR6	Tumor	FALSE
RCC-PR6-PTumor_TGACGGCGTCAACATC-1	B	RCC-PR6	Tumor	FALSE
RCC-PR6-PTumor_TGACGGCTCTGACCTC-1	B	RCC-PR6	Tumor	TRUE
RCC-PR6-PTumor_TGCGGGTAGGCCCGTT-1	B	RCC-PR6	Tumor	FALSE
RCC-PR6-PTumor_TGCGTGGAGGCAATTA-1	B	RCC-PR6	Tumor	FALSE
RCC-PR6-PTumor_TGTCCCATCAAGGCTT-1	B	RCC-PR6	Tumor	TRUE
RCC-PR6-PTumor_TTCGAAGTCGCTTAGA-1	B	RCC-PR6	Tumor	TRUE
RCC-PR6-PTumor_TTCTCCTCATCTACGA-1	B	RCC-PR6	Tumor	FALSE
RCC-PR8-Normal_AACTCCCTCGGTCTAA-1	B	RCC-PR8	Adjacent	FALSE
RCC-PR8-Normal_AATCCAGTCTGGTATG-1	B	RCC-PR8	Adjacent	FALSE
RCC-PR8-Normal_ACAGCTAAGAGTAATC-1	B	RCC-PR8	Adjacent	FALSE
RCC-PR8-Normal_ACGAGCCCAGTTAACC-1	B	RCC-PR8	Adjacent	TRUE
RCC-PR8-Normal_ACGAGCCCATACTCTT-1	B	RCC-PR8	Adjacent	FALSE
RCC-PR8-Normal_ACTGAGTGTGCACTTA-1	B	RCC-PR8	Adjacent	TRUE
RCC-PR8-Normal_ACTGCTCCATGCTGGC-1	B	RCC-PR8	Adjacent	FALSE
RCC-PR8-Normal_AGAATAGCATTGGTAC-1	B	RCC-PR8	Adjacent	FALSE
RCC-PR8-Normal_AGAGCGACAGTCACTA-1	B	RCC-PR8	Adjacent	FALSE
RCC-PR8-Normal_AGAGCTTGTGTGCGTC-1	B	RCC-PR8	Adjacent	FALSE
RCC-PR8-Normal_AGCGTCGCAAGACGTG-1	B	RCC-PR8	Adjacent	FALSE
RCC-PR8-Normal_AGTGGGAGTGATGATA-1	B	RCC-PR8	Adjacent	FALSE
RCC-PR8-Normal_ATCCACCAGTTAAGTG-1	B	RCC-PR8	Adjacent	FALSE
RCC-PR8-Normal_ATGAGGGTCGTGGTCG-1	B	RCC-PR8	Adjacent	FALSE
RCC-PR8-Normal_CACAGTATCACATACG-1	B	RCC-PR8	Adjacent	FALSE
RCC-PR8-Normal_CACTCCATCGTCTGAA-1	B	RCC-PR8	Adjacent	FALSE
RCC-PR8-Normal_CAGCATAAGTGCTGCC-1	B	RCC-PR8	Adjacent	FALSE
RCC-PR8-Normal_CAGTAACAGTCTCAAC-1	B	RCC-PR8	Adjacent	FALSE
RCC-PR8-Normal_CATCAAGCAGATTGCT-1	B	RCC-PR8	Adjacent	TRUE
RCC-PR8-Normal_CATCCACGTACGCTGC-1	B	RCC-PR8	Adjacent	FALSE
RCC-PR8-Normal_CATGCCTAGTCCATAC-1	B	RCC-PR8	Adjacent	FALSE
RCC-PR8-Normal_CCACCTATCCAGGGCT-1	B	RCC-PR8	Adjacent	FALSE
RCC-PR8-Normal_CCACGGAGTCTTGTCC-1	B	RCC-PR8	Adjacent	FALSE
RCC-PR8-Normal_CCCATACAGATTACCC-1	B	RCC-PR8	Adjacent	FALSE
RCC-PR8-Normal_CCCATACAGGCCATAG-1	B	RCC-PR8	Adjacent	FALSE
RCC-PR8-Normal_CCGTTCATCCATGAGT-1	B	RCC-PR8	Adjacent	TRUE
RCC-PR8-Normal_CCTTCGACATGAACCT-1	B	RCC-PR8	Adjacent	TRUE
RCC-PR8-Normal_CGATTGAGTATAGTAG-1	B	RCC-PR8	Adjacent	FALSE
RCC-PR8-Normal_CGCGTTTGTTCTGAAC-1	B	RCC-PR8	Adjacent	FALSE
RCC-PR8-Normal_CGTTGGGTCTGGAGCC-1	B	RCC-PR8	Adjacent	FALSE
RCC-PR8-Normal_CTACACCGTGCAGACA-1	B	RCC-PR8	Adjacent	FALSE
RCC-PR8-Normal_CTCTGGTTCTACCTGC-1	B	RCC-PR8	Adjacent	FALSE
RCC-PR8-Normal_CTGCGGAGTAGCTAAA-1	B	RCC-PR8	Adjacent	FALSE
RCC-PR8-Normal_GAAACTCAGGCTAGAC-1	B	RCC-PR8	Adjacent	FALSE
RCC-PR8-Normal_GACAGAGTCAAAGTAG-1	B	RCC-PR8	Adjacent	FALSE
RCC-PR8-Normal_GAGGTGACAGAAGCAC-1	B	RCC-PR8	Adjacent	FALSE
RCC-PR8-Normal_GATCGTAAGCCCAACC-1	B	RCC-PR8	Adjacent	TRUE
RCC-PR8-Normal_GATCGTAAGGCTAGGT-1	B	RCC-PR8	Adjacent	FALSE
RCC-PR8-Normal_GATGAGGCAGCCAATT-1	B	RCC-PR8	Adjacent	FALSE
RCC-PR8-Normal_GCAGCCACACGTGAGA-1	B	RCC-PR8	Adjacent	FALSE
RCC-PR8-Normal_GCGGGTTAGAGTACAT-1	B	RCC-PR8	Adjacent	FALSE
RCC-PR8-Normal_GCTGCAGTCAATCACG-1	B	RCC-PR8	Adjacent	TRUE
RCC-PR8-Normal_GCTGCGAGTTCCTCCA-1	B	RCC-PR8	Adjacent	FALSE
RCC-PR8-Normal_GGAAAGCGTCCGAAGA-1	B	RCC-PR8	Adjacent	FALSE
RCC-PR8-Normal_GGACGTCTCCTAAGTG-1	B	RCC-PR8	Adjacent	TRUE
RCC-PR8-Normal_GGATTACGTCCCTTGT-1	B	RCC-PR8	Adjacent	FALSE
RCC-PR8-Normal_GGCGACTGTTCTGAAC-1	B	RCC-PR8	Adjacent	FALSE
RCC-PR8-Normal_GTACTTTGTAGCTCCG-1	B	RCC-PR8	Adjacent	FALSE
RCC-PR8-Normal_GTAGTCACAATCCAAC-1	B	RCC-PR8	Adjacent	FALSE
RCC-PR8-Normal_GTATCTTGTAGCTCCG-1	B	RCC-PR8	Adjacent	FALSE
RCC-PR8-Normal_GTATCTTTCTCTGCTG-1	B	RCC-PR8	Adjacent	FALSE
RCC-PR8-Normal_TACGGATGTAAGCACG-1	B	RCC-PR8	Adjacent	FALSE
RCC-PR8-Normal_TACGGTAAGATGTGGC-1	B	RCC-PR8	Adjacent	FALSE
RCC-PR8-Normal_TACTTGTAGTGGTAGC-1	B	RCC-PR8	Adjacent	TRUE
RCC-PR8-Normal_TATCAGGAGCTGCCCA-1	B	RCC-PR8	Adjacent	TRUE
RCC-PR8-Normal_TCGCGTTAGCTAGTCT-1	B	RCC-PR8	Adjacent	FALSE
RCC-PR8-Normal_TCGGTAAGTGGTTTCA-1	B	RCC-PR8	Adjacent	FALSE
RCC-PR8-Normal_TGAGGGACATGCCTAA-1	B	RCC-PR8	Adjacent	TRUE
RCC-PR8-Normal_TGCTACCCACGAAAGC-1	B	RCC-PR8	Adjacent	FALSE
RCC-PR8-Normal_TGGCCAGCATTAACCG-1	B	RCC-PR8	Adjacent	FALSE
RCC-PR8-Normal_TGGGCGTTCAGTACGT-1	B	RCC-PR8	Adjacent	FALSE
RCC-PR8-Normal_TTAGGACTCATATCGG-1	B	RCC-PR8	Adjacent	FALSE
RCC-PR8-Normal_TTCTACACAAGACACG-1	B	RCC-PR8	Adjacent	TRUE
RCC-PR8-Normal_TTGCGTCCACCCATTC-1	B	RCC-PR8	Adjacent	FALSE
RCC-PR8-Normal_TTTCCTCTCACGACTA-1	B	RCC-PR8	Adjacent	FALSE
RCC-PR8-Normal_TTTGCGCTCATGCATG-1	B	RCC-PR8	Adjacent	FALSE
RCC-PR7-PTumor_AAAGATGTCGGAAATA-1	B	RCC-PR7	Tumor	FALSE
RCC-PR7-PTumor_AAAGATGTCTTGAGAC-1	B	RCC-PR7	Tumor	FALSE
RCC-PR7-PTumor_AAAGTAGTCTGCAAGT-1	B	RCC-PR7	Tumor	FALSE
RCC-PR7-PTumor_AACCGCGAGAATGTTG-1	B	RCC-PR7	Tumor	FALSE
RCC-PR7-PTumor_AACGTTGTCATCACCC-1	B	RCC-PR7	Tumor	FALSE
RCC-PR7-PTumor_AACTCTTAGACTTGAA-1	B	RCC-PR7	Tumor	FALSE
RCC-PR7-PTumor_AACTCTTAGGCACATG-1	B	RCC-PR7	Tumor	FALSE
RCC-PR7-PTumor_AAGCCGCAGGCCCTCA-1	B	RCC-PR7	Tumor	FALSE
RCC-PR7-PTumor_AATCCAGGTGCAGACA-1	B	RCC-PR7	Tumor	TRUE
RCC-PR7-PTumor_AATCGGTGTCTTGCGG-1	B	RCC-PR7	Tumor	FALSE
RCC-PR7-PTumor_ACACCGGCAGGGTTAG-1	B	RCC-PR7	Tumor	TRUE
RCC-PR7-PTumor_ACACCGGTCTAACTTC-1	B	RCC-PR7	Tumor	FALSE
RCC-PR7-PTumor_ACACTGAAGTTAACGA-1	B	RCC-PR7	Tumor	TRUE
RCC-PR7-PTumor_ACATCAGTCATCTGTT-1	B	RCC-PR7	Tumor	FALSE
RCC-PR7-PTumor_ACATCAGTCCTTAATC-1	B	RCC-PR7	Tumor	FALSE
RCC-PR7-PTumor_ACATGGTAGCCTTGAT-1	B	RCC-PR7	Tumor	FALSE
RCC-PR7-PTumor_ACATGGTTCTTGAGAC-1	B	RCC-PR7	Tumor	FALSE
RCC-PR7-PTumor_ACCCACTGTTCGAATC-1	B	RCC-PR7	Tumor	FALSE
RCC-PR7-PTumor_ACCGTAAGTGAACCTT-1	B	RCC-PR7	Tumor	TRUE
RCC-PR7-PTumor_ACGAGCCTCACATACG-1	B	RCC-PR7	Tumor	TRUE
RCC-PR7-PTumor_ACGTCAATCGATCCCT-1	B	RCC-PR7	Tumor	FALSE
RCC-PR7-PTumor_ACTGAACCACTCTGTC-1	B	RCC-PR7	Tumor	TRUE
RCC-PR7-PTumor_ACTTTCATCAGCAACT-1	B	RCC-PR7	Tumor	FALSE
RCC-PR7-PTumor_AGACGTTAGTGTCCCG-1	B	RCC-PR7	Tumor	TRUE
RCC-PR7-PTumor_AGATCTGGTACTTGAC-1	B	RCC-PR7	Tumor	FALSE
RCC-PR7-PTumor_AGATTGCTCGAACTGT-1	B	RCC-PR7	Tumor	FALSE
RCC-PR7-PTumor_AGCAGCCAGCTCAACT-1	B	RCC-PR7	Tumor	FALSE
RCC-PR7-PTumor_AGCGGTCTCAGTTAGC-1	B	RCC-PR7	Tumor	FALSE
RCC-PR7-PTumor_AGCGTATGTGGCGAAT-1	B	RCC-PR7	Tumor	TRUE
RCC-PR7-PTumor_AGCGTCGGTTAGAACA-1	B	RCC-PR7	Tumor	FALSE
RCC-PR7-PTumor_AGCTCCTGTCCCTTGT-1	B	RCC-PR7	Tumor	FALSE
RCC-PR7-PTumor_AGCTTGATCAAACCGT-1	B	RCC-PR7	Tumor	FALSE
RCC-PR7-PTumor_AGGTCATTCGTAGGTT-1	B	RCC-PR7	Tumor	FALSE
RCC-PR7-PTumor_AGTCTTTGTAGTGAAT-1	B	RCC-PR7	Tumor	FALSE
RCC-PR7-PTumor_AGTGAGGAGGGTGTGT-1	B	RCC-PR7	Tumor	TRUE
RCC-PR7-PTumor_AGTGAGGCATGGTTGT-1	B	RCC-PR7	Tumor	TRUE
RCC-PR7-PTumor_AGTGGGAAGCGATGAC-1	B	RCC-PR7	Tumor	FALSE
RCC-PR7-PTumor_AGTGTCATCGGACAAG-1	B	RCC-PR7	Tumor	FALSE
RCC-PR7-PTumor_ATAACGCAGCTGTTCA-1	B	RCC-PR7	Tumor	FALSE
RCC-PR7-PTumor_ATAAGAGCAGGTTTCA-1	B	RCC-PR7	Tumor	TRUE
RCC-PR7-PTumor_ATAAGAGCATATGGTC-1	B	RCC-PR7	Tumor	TRUE
RCC-PR7-PTumor_ATCCACCTCCAGGGCT-1	B	RCC-PR7	Tumor	FALSE
RCC-PR7-PTumor_ATCCGAACAAACTGCT-1	B	RCC-PR7	Tumor	FALSE
RCC-PR7-PTumor_ATCCGAACAGCCTGTG-1	B	RCC-PR7	Tumor	TRUE
RCC-PR7-PTumor_ATCGAGTGTGAGGCTA-1	B	RCC-PR7	Tumor	FALSE
RCC-PR7-PTumor_ATTATCCAGCTGAACG-1	B	RCC-PR7	Tumor	FALSE
RCC-PR7-PTumor_ATTATCCCAACCGCCA-1	B	RCC-PR7	Tumor	FALSE
RCC-PR7-PTumor_CAACTAGAGTACGTTC-1	B	RCC-PR7	Tumor	FALSE
RCC-PR7-PTumor_CAAGTTGCATTGCGGC-1	B	RCC-PR7	Tumor	FALSE
RCC-PR7-PTumor_CAAGTTGGTGCAACTT-1	B	RCC-PR7	Tumor	FALSE
RCC-PR7-PTumor_CAAGTTGTCAAACAAG-1	B	RCC-PR7	Tumor	FALSE
RCC-PR7-PTumor_CACACAAAGCTATGCT-1	B	RCC-PR7	Tumor	TRUE
RCC-PR7-PTumor_CACAGGCTCCAAATGC-1	B	RCC-PR7	Tumor	FALSE
RCC-PR7-PTumor_CACCACTCAGACTCGC-1	B	RCC-PR7	Tumor	TRUE
RCC-PR7-PTumor_CACCTTGCATGCTAGT-1	B	RCC-PR7	Tumor	FALSE
RCC-PR7-PTumor_CAGAGAGGTCATCCCT-1	B	RCC-PR7	Tumor	FALSE
RCC-PR7-PTumor_CAGATCAGTAAACCTC-1	B	RCC-PR7	Tumor	FALSE
RCC-PR7-PTumor_CAGCAGCAGCGATAGC-1	B	RCC-PR7	Tumor	FALSE
RCC-PR7-PTumor_CAGCATACACAGTCGC-1	B	RCC-PR7	Tumor	FALSE
RCC-PR7-PTumor_CAGCCGATCGTACCGG-1	B	RCC-PR7	Tumor	FALSE
RCC-PR7-PTumor_CAGCGACGTGGGTATG-1	B	RCC-PR7	Tumor	FALSE
RCC-PR7-PTumor_CAGCGACTCCAAAGTC-1	B	RCC-PR7	Tumor	FALSE
RCC-PR7-PTumor_CAGCTAATCTGAAAGA-1	B	RCC-PR7	Tumor	TRUE
RCC-PR7-PTumor_CAGCTGGGTCCCTACT-1	B	RCC-PR7	Tumor	FALSE
RCC-PR7-PTumor_CATATTCAGCTCCTCT-1	B	RCC-PR7	Tumor	FALSE
RCC-PR7-PTumor_CATCAAGCATATACGC-1	B	RCC-PR7	Tumor	TRUE
RCC-PR7-PTumor_CATCAGATCCGATATG-1	B	RCC-PR7	Tumor	TRUE
RCC-PR7-PTumor_CATCCACGTCTTCTCG-1	B	RCC-PR7	Tumor	FALSE
RCC-PR7-PTumor_CATCGGGCAATGGTCT-1	B	RCC-PR7	Tumor	FALSE
RCC-PR7-PTumor_CATGACAGTTTGACTG-1	B	RCC-PR7	Tumor	FALSE
RCC-PR7-PTumor_CCACGGACAGCCACCA-1	B	RCC-PR7	Tumor	FALSE
RCC-PR7-PTumor_CCACTACAGCATGGCA-1	B	RCC-PR7	Tumor	TRUE
RCC-PR7-PTumor_CCAGCGACAACGCACC-1	B	RCC-PR7	Tumor	FALSE
RCC-PR7-PTumor_CCAGCGATCTTACCGC-1	B	RCC-PR7	Tumor	FALSE
RCC-PR7-PTumor_CCATTCGAGTACGTTC-1	B	RCC-PR7	Tumor	FALSE
RCC-PR7-PTumor_CCATTCGCATTCCTGC-1	B	RCC-PR7	Tumor	FALSE
RCC-PR7-PTumor_CCCAATCCAAAGTCAA-1	B	RCC-PR7	Tumor	TRUE
RCC-PR7-PTumor_CCGTACTGTCAATGTC-1	B	RCC-PR7	Tumor	FALSE
RCC-PR7-PTumor_CCGTGGACAGCCACCA-1	B	RCC-PR7	Tumor	TRUE
RCC-PR7-PTumor_CCGTTCAGTGATAAGT-1	B	RCC-PR7	Tumor	FALSE
RCC-PR7-PTumor_CCTAAAGTCCCTCTTT-1	B	RCC-PR7	Tumor	TRUE
RCC-PR7-PTumor_CCTACACAGACACGAC-1	B	RCC-PR7	Tumor	TRUE
RCC-PR7-PTumor_CCTCAGTGTTTAGGAA-1	B	RCC-PR7	Tumor	FALSE
RCC-PR7-PTumor_CCTTACGAGTGTGAAT-1	B	RCC-PR7	Tumor	FALSE
RCC-PR7-PTumor_CGAACATGTATATCCG-1	B	RCC-PR7	Tumor	TRUE
RCC-PR7-PTumor_CGAGAAGGTACAGACG-1	B	RCC-PR7	Tumor	TRUE
RCC-PR7-PTumor_CGAGAAGGTCTAGCCG-1	B	RCC-PR7	Tumor	FALSE
RCC-PR7-PTumor_CGAGCACAGAATAGGG-1	B	RCC-PR7	Tumor	FALSE
RCC-PR7-PTumor_CGATCGGGTCCAAGTT-1	B	RCC-PR7	Tumor	FALSE
RCC-PR7-PTumor_CGATGTAAGCTGCAAG-1	B	RCC-PR7	Tumor	FALSE
RCC-PR7-PTumor_CGCCAAGAGCGCCTTG-1	B	RCC-PR7	Tumor	FALSE
RCC-PR7-PTumor_CGCGTTTAGACCACGA-1	B	RCC-PR7	Tumor	FALSE
RCC-PR7-PTumor_CGCGTTTCAACACGCC-1	B	RCC-PR7	Tumor	TRUE
RCC-PR7-PTumor_CGCTATCAGGGAAACA-1	B	RCC-PR7	Tumor	FALSE
RCC-PR7-PTumor_CGCTTCAAGGCGTACA-1	B	RCC-PR7	Tumor	FALSE
RCC-PR7-PTumor_CGGACGTTCCTATGTT-1	B	RCC-PR7	Tumor	FALSE
RCC-PR7-PTumor_CGGAGTCCACTAAGTC-1	B	RCC-PR7	Tumor	TRUE
RCC-PR7-PTumor_CGTCACTCAAGTTCTG-1	B	RCC-PR7	Tumor	FALSE
RCC-PR7-PTumor_CGTCACTTCAAGGCTT-1	B	RCC-PR7	Tumor	FALSE
RCC-PR7-PTumor_CGTCAGGGTCTAGTCA-1	B	RCC-PR7	Tumor	FALSE
RCC-PR7-PTumor_CGTTCTGCAACACCCG-1	B	RCC-PR7	Tumor	FALSE
RCC-PR7-PTumor_CGTTCTGGTGATGATA-1	B	RCC-PR7	Tumor	FALSE
RCC-PR7-PTumor_CTACATTAGATATACG-1	B	RCC-PR7	Tumor	TRUE
RCC-PR7-PTumor_CTACCCATCACCACCT-1	B	RCC-PR7	Tumor	FALSE
RCC-PR7-PTumor_CTACGTCGTTGAGTTC-1	B	RCC-PR7	Tumor	FALSE
RCC-PR7-PTumor_CTAGCCTTCACCAGGC-1	B	RCC-PR7	Tumor	FALSE
RCC-PR7-PTumor_CTCAGAAAGAAGGGTA-1	B	RCC-PR7	Tumor	TRUE
RCC-PR7-PTumor_CTCGGAGAGACCTAGG-1	B	RCC-PR7	Tumor	FALSE
RCC-PR7-PTumor_CTGAAACCATGAACCT-1	B	RCC-PR7	Tumor	FALSE
RCC-PR7-PTumor_CTGAAGTAGGTACTCT-1	B	RCC-PR7	Tumor	FALSE
RCC-PR7-PTumor_CTGAAGTGTGCCTGTG-1	B	RCC-PR7	Tumor	FALSE
RCC-PR7-PTumor_CTGATAGGTCGACTGC-1	B	RCC-PR7	Tumor	FALSE
RCC-PR7-PTumor_CTGCTGTCACCTCGTT-1	B	RCC-PR7	Tumor	FALSE
RCC-PR7-PTumor_CTGTGCTCATCCTTGC-1	B	RCC-PR7	Tumor	FALSE
RCC-PR7-PTumor_CTTCTCTGTACTCAAC-1	B	RCC-PR7	Tumor	FALSE
RCC-PR7-PTumor_CTTCTCTGTGCCTTGG-1	B	RCC-PR7	Tumor	TRUE
RCC-PR7-PTumor_CTTCTCTTCCTTGACC-1	B	RCC-PR7	Tumor	TRUE
RCC-PR7-PTumor_GAAACTCTCCGCGGTA-1	B	RCC-PR7	Tumor	FALSE
RCC-PR7-PTumor_GAAATGACAAGCCCAC-1	B	RCC-PR7	Tumor	FALSE
RCC-PR7-PTumor_GAACGGAAGATGCGAC-1	B	RCC-PR7	Tumor	FALSE
RCC-PR7-PTumor_GAACGGAAGTGGTCCC-1	B	RCC-PR7	Tumor	FALSE
RCC-PR7-PTumor_GAACGGACATTTGCTT-1	B	RCC-PR7	Tumor	FALSE
RCC-PR7-PTumor_GAAGCAGTCGCTTGTC-1	B	RCC-PR7	Tumor	TRUE
RCC-PR7-PTumor_GAATAAGAGTTAACGA-1	B	RCC-PR7	Tumor	FALSE
RCC-PR7-PTumor_GAATGAAAGATGTTAG-1	B	RCC-PR7	Tumor	TRUE
RCC-PR7-PTumor_GACCAATTCGTTACGA-1	B	RCC-PR7	Tumor	FALSE
RCC-PR7-PTumor_GACGCGTCAGTGACAG-1	B	RCC-PR7	Tumor	FALSE
RCC-PR7-PTumor_GACGTGCAGAAGGGTA-1	B	RCC-PR7	Tumor	FALSE
RCC-PR7-PTumor_GACTACATCTGGGCCA-1	B	RCC-PR7	Tumor	FALSE
RCC-PR7-PTumor_GACTGCGCATATACCG-1	B	RCC-PR7	Tumor	FALSE
RCC-PR7-PTumor_GATCAGTCAGAGTGTG-1	B	RCC-PR7	Tumor	FALSE
RCC-PR7-PTumor_GATCGCGAGAGTACCG-1	B	RCC-PR7	Tumor	FALSE
RCC-PR7-PTumor_GATCTAGTCGTCCAGG-1	B	RCC-PR7	Tumor	FALSE
RCC-PR7-PTumor_GATGAGGGTCTGATTG-1	B	RCC-PR7	Tumor	FALSE
RCC-PR7-PTumor_GATTCAGGTAGCACGA-1	B	RCC-PR7	Tumor	FALSE
RCC-PR7-PTumor_GCAGTTAAGCACCGTC-1	B	RCC-PR7	Tumor	FALSE
RCC-PR7-PTumor_GCATACATCATAGCAC-1	B	RCC-PR7	Tumor	FALSE
RCC-PR7-PTumor_GCATGTAGTTAAGGGC-1	B	RCC-PR7	Tumor	FALSE
RCC-PR7-PTumor_GCATGTATCCGAATGT-1	B	RCC-PR7	Tumor	FALSE
RCC-PR7-PTumor_GCATGTATCGAATCCA-1	B	RCC-PR7	Tumor	TRUE
RCC-PR7-PTumor_GCGCAGTGTGGCTCCA-1	B	RCC-PR7	Tumor	TRUE
RCC-PR7-PTumor_GCTGCGACATCCTAGA-1	B	RCC-PR7	Tumor	FALSE
RCC-PR7-PTumor_GCTTGAACAAATACAG-1	B	RCC-PR7	Tumor	FALSE
RCC-PR7-PTumor_GGAATAACACAGGAGT-1	B	RCC-PR7	Tumor	FALSE
RCC-PR7-PTumor_GGCAATTTCACCCGAG-1	B	RCC-PR7	Tumor	FALSE
RCC-PR7-PTumor_GGCGACTGTCAGATAA-1	B	RCC-PR7	Tumor	FALSE
RCC-PR7-PTumor_GGGAATGTCTCACATT-1	B	RCC-PR7	Tumor	FALSE
RCC-PR7-PTumor_GGGATGAGTACTCGCG-1	B	RCC-PR7	Tumor	FALSE
RCC-PR7-PTumor_GGGTTGCAGTACGCGA-1	B	RCC-PR7	Tumor	FALSE
RCC-PR7-PTumor_GGTATTGAGCCTTGAT-1	B	RCC-PR7	Tumor	TRUE
RCC-PR7-PTumor_GGTATTGGTGTAACGG-1	B	RCC-PR7	Tumor	FALSE
RCC-PR7-PTumor_GTAACTGCAAGAGGCT-1	B	RCC-PR7	Tumor	TRUE
RCC-PR7-PTumor_GTATCTTAGTGTTAGA-1	B	RCC-PR7	Tumor	FALSE
RCC-PR7-PTumor_GTCATTTGTTCTGGTA-1	B	RCC-PR7	Tumor	FALSE
RCC-PR7-PTumor_GTCCTCAAGATCGGGT-1	B	RCC-PR7	Tumor	FALSE
RCC-PR7-PTumor_GTCCTCACATTAGGCT-1	B	RCC-PR7	Tumor	FALSE
RCC-PR7-PTumor_GTCGGGTAGCTAGTCT-1	B	RCC-PR7	Tumor	FALSE
RCC-PR7-PTumor_GTCTTCGGTAAGTGTA-1	B	RCC-PR7	Tumor	FALSE
RCC-PR7-PTumor_GTGCATATCTCTGCTG-1	B	RCC-PR7	Tumor	TRUE
RCC-PR7-PTumor_GTTACAGAGGACTGGT-1	B	RCC-PR7	Tumor	TRUE
RCC-PR7-PTumor_GTTACAGGTATAGGGC-1	B	RCC-PR7	Tumor	FALSE
RCC-PR7-PTumor_GTTACAGTCTACTATC-1	B	RCC-PR7	Tumor	FALSE
RCC-PR7-PTumor_GTTCTCGGTGATGTGG-1	B	RCC-PR7	Tumor	FALSE
RCC-PR7-PTumor_GTTCTCGTCTTAGCCC-1	B	RCC-PR7	Tumor	FALSE
RCC-PR7-PTumor_TAAGAGAGTTGTACAC-1	B	RCC-PR7	Tumor	FALSE
RCC-PR7-PTumor_TAAGCGTCACTAAGTC-1	B	RCC-PR7	Tumor	FALSE
RCC-PR7-PTumor_TACACGACAGTATAAG-1	B	RCC-PR7	Tumor	FALSE
RCC-PR7-PTumor_TACAGTGAGCCGCCTA-1	B	RCC-PR7	Tumor	FALSE
RCC-PR7-PTumor_TACGGTAAGCTCTCGG-1	B	RCC-PR7	Tumor	FALSE
RCC-PR7-PTumor_TACTCATAGAGTAAGG-1	B	RCC-PR7	Tumor	TRUE
RCC-PR7-PTumor_TAGCCGGCACAGCCCA-1	B	RCC-PR7	Tumor	FALSE
RCC-PR7-PTumor_TAGCCGGTCACGGTTA-1	B	RCC-PR7	Tumor	TRUE
RCC-PR7-PTumor_TATCAGGGTCTAGCGC-1	B	RCC-PR7	Tumor	FALSE
RCC-PR7-PTumor_TATCTCATCTTCGAGA-1	B	RCC-PR7	Tumor	TRUE
RCC-PR7-PTumor_TATTACCGTAGAGTGC-1	B	RCC-PR7	Tumor	FALSE
RCC-PR7-PTumor_TCAACGAAGCGCTCCA-1	B	RCC-PR7	Tumor	FALSE
RCC-PR7-PTumor_TCAATCTTCCCACTTG-1	B	RCC-PR7	Tumor	FALSE
RCC-PR7-PTumor_TCACAAGCAGACGCCT-1	B	RCC-PR7	Tumor	FALSE
RCC-PR7-PTumor_TCAGGTAAGCTGAACG-1	B	RCC-PR7	Tumor	FALSE
RCC-PR7-PTumor_TCATTACAGACTAGAT-1	B	RCC-PR7	Tumor	FALSE
RCC-PR7-PTumor_TCATTTGAGTTAACGA-1	B	RCC-PR7	Tumor	TRUE
RCC-PR7-PTumor_TCCACACTCCATGAGT-1	B	RCC-PR7	Tumor	FALSE
RCC-PR7-PTumor_TCGCGAGGTCCGTTAA-1	B	RCC-PR7	Tumor	FALSE
RCC-PR7-PTumor_TCGCGTTCAATGGAAT-1	B	RCC-PR7	Tumor	FALSE
RCC-PR7-PTumor_TCGGGACCACAGTCGC-1	B	RCC-PR7	Tumor	FALSE
RCC-PR7-PTumor_TCGTACCAGACGCACA-1	B	RCC-PR7	Tumor	FALSE
RCC-PR7-PTumor_TCTCTAAAGACTAAGT-1	B	RCC-PR7	Tumor	FALSE
RCC-PR7-PTumor_TCTGGAATCGTATCAG-1	B	RCC-PR7	Tumor	FALSE
RCC-PR7-PTumor_TGAAAGAAGCGCTCCA-1	B	RCC-PR7	Tumor	FALSE
RCC-PR7-PTumor_TGAGCATTCCTTTCTC-1	B	RCC-PR7	Tumor	FALSE
RCC-PR7-PTumor_TGAGGGAAGCGCTTAT-1	B	RCC-PR7	Tumor	FALSE
RCC-PR7-PTumor_TGAGGGATCGCCATAA-1	B	RCC-PR7	Tumor	FALSE
RCC-PR7-PTumor_TGATTTCGTTGAACTC-1	B	RCC-PR7	Tumor	FALSE
RCC-PR7-PTumor_TGCACCTAGGTTCCTA-1	B	RCC-PR7	Tumor	FALSE
RCC-PR7-PTumor_TGCACCTGTCGCTTCT-1	B	RCC-PR7	Tumor	TRUE
RCC-PR7-PTumor_TGCCAAAAGCGCTCCA-1	B	RCC-PR7	Tumor	TRUE
RCC-PR7-PTumor_TGCGGGTTCTAACCGA-1	B	RCC-PR7	Tumor	TRUE
RCC-PR7-PTumor_TGCGTGGCACACCGAC-1	B	RCC-PR7	Tumor	FALSE
RCC-PR7-PTumor_TGCTACCTCAGCTTAG-1	B	RCC-PR7	Tumor	FALSE
RCC-PR7-PTumor_TGGGAAGAGGACAGAA-1	B	RCC-PR7	Tumor	FALSE
RCC-PR7-PTumor_TGGTTAGTCCATGAAC-1	B	RCC-PR7	Tumor	FALSE
RCC-PR7-PTumor_TGTGGTAAGTGTCTCA-1	B	RCC-PR7	Tumor	FALSE
RCC-PR7-PTumor_TTAGGCAGTATTAGCC-1	B	RCC-PR7	Tumor	FALSE
RCC-PR7-PTumor_TTCCCAGAGGGTATCG-1	B	RCC-PR7	Tumor	TRUE
RCC-PR7-PTumor_TTCCCAGTCTGCGACG-1	B	RCC-PR7	Tumor	FALSE
RCC-PR7-PTumor_TTGAACGCAAAGCAAT-1	B	RCC-PR7	Tumor	FALSE
RCC-PR7-PTumor_TTGAACGTCTACCAGA-1	B	RCC-PR7	Tumor	TRUE
RCC-PR7-PTumor_TTGCCGTCAAATTGCC-1	B	RCC-PR7	Tumor	TRUE
RCC-PR7-PTumor_TTGCCGTCAGCTTAAC-1	B	RCC-PR7	Tumor	FALSE
RCC-PR7-PTumor_TTGCCGTCATCCAACA-1	B	RCC-PR7	Tumor	FALSE
RCC-PR7-PTumor_TTGTAGGTCAGCACAT-1	B	RCC-PR7	Tumor	FALSE
RCC-PR7-PTumor_TTTACTGCACATGTGT-1	B	RCC-PR7	Tumor	FALSE
RCC-PR7-PTumor_TTTACTGCAGATCGGA-1	B	RCC-PR7	Tumor	FALSE
RCC-PR7-PTumor_TTTATGCAGGACATTA-1	B	RCC-PR7	Tumor	TRUE
RCC-PR7-PTumor_TTTCCTCGTGCTAGCC-1	B	RCC-PR7	Tumor	FALSE
RCC-PR7-PTumor_TTTGTCAGTACTTCTT-1	B	RCC-PR7	Tumor	TRUE
RCC-PR9-Normal_AAACGGGAGCTCAACT-1	B	RCC-PR9	Adjacent	FALSE
RCC-PR9-Normal_AAAGTAGGTTGAGTTC-1	B	RCC-PR9	Adjacent	FALSE
RCC-PR9-Normal_AAATGCCCATGAAGTA-1	B	RCC-PR9	Adjacent	FALSE
RCC-PR9-Normal_AACACGTGTTCCACTC-1	B	RCC-PR9	Adjacent	FALSE
RCC-PR9-Normal_AACCGCGCAAGCCATT-1	B	RCC-PR9	Adjacent	FALSE
RCC-PR9-Normal_AACCGCGCAGGACCCT-1	B	RCC-PR9	Adjacent	FALSE
RCC-PR9-Normal_AACTCCCTCCGTTGCT-1	B	RCC-PR9	Adjacent	FALSE
RCC-PR9-Normal_AACTGGTAGCGTTTAC-1	B	RCC-PR9	Adjacent	FALSE
RCC-PR9-Normal_AACTGGTTCTTATCTG-1	B	RCC-PR9	Adjacent	FALSE
RCC-PR9-Normal_AAGCCGCCAAACCTAC-1	B	RCC-PR9	Adjacent	FALSE
RCC-PR9-Normal_AAGGAGCCAGCCTTGG-1	B	RCC-PR9	Adjacent	FALSE
RCC-PR9-Normal_AAGTCTGTCACGCATA-1	B	RCC-PR9	Adjacent	FALSE
RCC-PR9-Normal_AATCCAGAGAAACGAG-1	B	RCC-PR9	Adjacent	FALSE
RCC-PR9-Normal_ACACCAAAGAGGTAGA-1	B	RCC-PR9	Adjacent	FALSE
RCC-PR9-Normal_ACACCAATCGGTTAAC-1	B	RCC-PR9	Adjacent	FALSE
RCC-PR9-Normal_ACACCGGAGTGGGCTA-1	B	RCC-PR9	Adjacent	FALSE
RCC-PR9-Normal_ACACCGGGTACTCAAC-1	B	RCC-PR9	Adjacent	FALSE
RCC-PR9-Normal_ACACTGATCTTGTCAT-1	B	RCC-PR9	Adjacent	FALSE
RCC-PR9-Normal_ACATACGGTGGTAACG-1	B	RCC-PR9	Adjacent	FALSE
RCC-PR9-Normal_ACATACGTCTTACCTA-1	B	RCC-PR9	Adjacent	FALSE
RCC-PR9-Normal_ACATCAGGTCACCTAA-1	B	RCC-PR9	Adjacent	FALSE
RCC-PR9-Normal_ACATGGTAGTATCGAA-1	B	RCC-PR9	Adjacent	FALSE
RCC-PR9-Normal_ACCGTAAGTTGATTGC-1	B	RCC-PR9	Adjacent	FALSE
RCC-PR9-Normal_ACCTTTATCATGCAAC-1	B	RCC-PR9	Adjacent	FALSE
RCC-PR9-Normal_ACGATACCATCTCGCT-1	B	RCC-PR9	Adjacent	TRUE
RCC-PR9-Normal_ACGATGTTCCGGGTGT-1	B	RCC-PR9	Adjacent	FALSE
RCC-PR9-Normal_ACGGCCAGTATTAGCC-1	B	RCC-PR9	Adjacent	FALSE
RCC-PR9-Normal_ACGGGCTCAAGTAATG-1	B	RCC-PR9	Adjacent	FALSE
RCC-PR9-Normal_ACGGGCTTCATGTGGT-1	B	RCC-PR9	Adjacent	FALSE
RCC-PR9-Normal_ACTATCTGTGAAAGAG-1	B	RCC-PR9	Adjacent	FALSE
RCC-PR9-Normal_ACTGAACCATGGTCTA-1	B	RCC-PR9	Adjacent	FALSE
RCC-PR9-Normal_ACTGATGAGTGTGAAT-1	B	RCC-PR9	Adjacent	FALSE
RCC-PR9-Normal_ACTTACTTCAGTTGAC-1	B	RCC-PR9	Adjacent	FALSE
RCC-PR9-Normal_ACTTGTTCAAGCTGAG-1	B	RCC-PR9	Adjacent	FALSE
RCC-PR9-Normal_AGAATAGCAATAACGA-1	B	RCC-PR9	Adjacent	FALSE
RCC-PR9-Normal_AGAGCGACAAGCGCTC-1	B	RCC-PR9	Adjacent	FALSE
RCC-PR9-Normal_AGAGCGAGTCAAAGCG-1	B	RCC-PR9	Adjacent	FALSE
RCC-PR9-Normal_AGAGCTTAGACCTAGG-1	B	RCC-PR9	Adjacent	TRUE
RCC-PR9-Normal_AGAGCTTGTCGACTAT-1	B	RCC-PR9	Adjacent	FALSE
RCC-PR9-Normal_AGAGTGGGTTTAGCTG-1	B	RCC-PR9	Adjacent	FALSE
RCC-PR9-Normal_AGATCTGGTCATCGGC-1	B	RCC-PR9	Adjacent	FALSE
RCC-PR9-Normal_AGCATACAGTCCGTAT-1	B	RCC-PR9	Adjacent	FALSE
RCC-PR9-Normal_AGCATACCACCTCGGA-1	B	RCC-PR9	Adjacent	FALSE
RCC-PR9-Normal_AGCATACGTACACCGC-1	B	RCC-PR9	Adjacent	FALSE
RCC-PR9-Normal_AGCATACTCTTGGGTA-1	B	RCC-PR9	Adjacent	FALSE
RCC-PR9-Normal_AGCCTAATCCAATGGT-1	B	RCC-PR9	Adjacent	TRUE
RCC-PR9-Normal_AGCGTATGTAGAAAGG-1	B	RCC-PR9	Adjacent	FALSE
RCC-PR9-Normal_AGCGTCGCATTAGGCT-1	B	RCC-PR9	Adjacent	FALSE
RCC-PR9-Normal_AGCTCCTCAATCAGAA-1	B	RCC-PR9	Adjacent	FALSE
RCC-PR9-Normal_AGCTCTCAGTACGTTC-1	B	RCC-PR9	Adjacent	TRUE
RCC-PR9-Normal_AGGCCGTAGCCTTGAT-1	B	RCC-PR9	Adjacent	TRUE
RCC-PR9-Normal_AGGGATGGTGAGGCTA-1	B	RCC-PR9	Adjacent	FALSE
RCC-PR9-Normal_AGTGAGGTCCAGATCA-1	B	RCC-PR9	Adjacent	FALSE
RCC-PR9-Normal_AGTGGGAAGGTGCACA-1	B	RCC-PR9	Adjacent	FALSE
RCC-PR9-Normal_ATAACGCCACCACGTG-1	B	RCC-PR9	Adjacent	FALSE
RCC-PR9-Normal_ATAACGCCAGTCACTA-1	B	RCC-PR9	Adjacent	TRUE
RCC-PR9-Normal_ATAACGCCATCGATGT-1	B	RCC-PR9	Adjacent	FALSE
RCC-PR9-Normal_ATAACGCGTAATCGTC-1	B	RCC-PR9	Adjacent	FALSE
RCC-PR9-Normal_ATAGACCGTCTAGGTT-1	B	RCC-PR9	Adjacent	FALSE
RCC-PR9-Normal_ATCACGACAAATTGCC-1	B	RCC-PR9	Adjacent	FALSE
RCC-PR9-Normal_ATCACGAGTAATCGTC-1	B	RCC-PR9	Adjacent	TRUE
RCC-PR9-Normal_ATCATGGCATCCGCGA-1	B	RCC-PR9	Adjacent	FALSE
RCC-PR9-Normal_ATCCACCAGAAACCGC-1	B	RCC-PR9	Adjacent	FALSE
RCC-PR9-Normal_ATCCACCAGCGAAGGG-1	B	RCC-PR9	Adjacent	FALSE
RCC-PR9-Normal_ATCCACCAGGCGACAT-1	B	RCC-PR9	Adjacent	FALSE
RCC-PR9-Normal_ATCCACCGTGGACGAT-1	B	RCC-PR9	Adjacent	FALSE
RCC-PR9-Normal_ATCCGAACATTAGGCT-1	B	RCC-PR9	Adjacent	FALSE
RCC-PR9-Normal_ATCTACTGTCGTGGCT-1	B	RCC-PR9	Adjacent	FALSE
RCC-PR9-Normal_ATCTACTTCTTCCTTC-1	B	RCC-PR9	Adjacent	FALSE
RCC-PR9-Normal_ATGAGGGTCTGTCAAG-1	B	RCC-PR9	Adjacent	FALSE
RCC-PR9-Normal_ATGCGATAGTATTGGA-1	B	RCC-PR9	Adjacent	FALSE
RCC-PR9-Normal_ATGGGAGAGACGACGT-1	B	RCC-PR9	Adjacent	FALSE
RCC-PR9-Normal_ATGGGAGTCCGTAGTA-1	B	RCC-PR9	Adjacent	FALSE
RCC-PR9-Normal_ATGTGTGAGGGCATGT-1	B	RCC-PR9	Adjacent	FALSE
RCC-PR9-Normal_ATTATCCGTGTTGAGG-1	B	RCC-PR9	Adjacent	FALSE
RCC-PR9-Normal_ATTCTACCACTTAAGC-1	B	RCC-PR9	Adjacent	FALSE
RCC-PR9-Normal_ATTTCTGAGTACATGA-1	B	RCC-PR9	Adjacent	FALSE
RCC-PR9-Normal_CAACCAAGTCGCGTGT-1	B	RCC-PR9	Adjacent	TRUE
RCC-PR9-Normal_CAACTAGTCTATCCCG-1	B	RCC-PR9	Adjacent	FALSE
RCC-PR9-Normal_CAAGAAAGTCCTCTTG-1	B	RCC-PR9	Adjacent	FALSE
RCC-PR9-Normal_CAAGGCCGTTAAGATG-1	B	RCC-PR9	Adjacent	FALSE
RCC-PR9-Normal_CAAGTTGCAAACCTAC-1	B	RCC-PR9	Adjacent	FALSE
RCC-PR9-Normal_CAAGTTGTCATGGTCA-1	B	RCC-PR9	Adjacent	FALSE
RCC-PR9-Normal_CAAGTTGTCCTATTCA-1	B	RCC-PR9	Adjacent	FALSE
RCC-PR9-Normal_CACACCTGTAGCTGCC-1	B	RCC-PR9	Adjacent	FALSE
RCC-PR9-Normal_CACACCTGTCCGACGT-1	B	RCC-PR9	Adjacent	FALSE
RCC-PR9-Normal_CACACCTGTGTATGGG-1	B	RCC-PR9	Adjacent	FALSE
RCC-PR9-Normal_CACACTCTCGCACTCT-1	B	RCC-PR9	Adjacent	FALSE
RCC-PR9-Normal_CACAGGCCAATTGCTG-1	B	RCC-PR9	Adjacent	FALSE
RCC-PR9-Normal_CACCACTTCGCCTGAG-1	B	RCC-PR9	Adjacent	FALSE
RCC-PR9-Normal_CACCACTTCGCCTGTT-1	B	RCC-PR9	Adjacent	FALSE
RCC-PR9-Normal_CACCTTGAGGTGGGTT-1	B	RCC-PR9	Adjacent	FALSE
RCC-PR9-Normal_CAGAATCTCTCGTATT-1	B	RCC-PR9	Adjacent	FALSE
RCC-PR9-Normal_CAGAGAGTCGGTGTCG-1	B	RCC-PR9	Adjacent	FALSE
RCC-PR9-Normal_CAGATCAAGGACACCA-1	B	RCC-PR9	Adjacent	FALSE
RCC-PR9-Normal_CAGCCGAAGCCTCGTG-1	B	RCC-PR9	Adjacent	FALSE
RCC-PR9-Normal_CAGCTGGAGCCGATTT-1	B	RCC-PR9	Adjacent	FALSE
RCC-PR9-Normal_CAGGTGCCACACCGCA-1	B	RCC-PR9	Adjacent	FALSE
RCC-PR9-Normal_CAGTCCTCAACGCACC-1	B	RCC-PR9	Adjacent	TRUE
RCC-PR9-Normal_CATATTCTCAGCTGGC-1	B	RCC-PR9	Adjacent	FALSE
RCC-PR9-Normal_CATCCACGTTGCGTTA-1	B	RCC-PR9	Adjacent	FALSE
RCC-PR9-Normal_CATCCACTCATCGATG-1	B	RCC-PR9	Adjacent	FALSE
RCC-PR9-Normal_CATCGAAGTACAAGTA-1	B	RCC-PR9	Adjacent	FALSE
RCC-PR9-Normal_CATCGAATCAGCGACC-1	B	RCC-PR9	Adjacent	FALSE
RCC-PR9-Normal_CATCGGGCACGTTGGC-1	B	RCC-PR9	Adjacent	FALSE
RCC-PR9-Normal_CATGCCTAGGGATGGG-1	B	RCC-PR9	Adjacent	FALSE
RCC-PR9-Normal_CATGCCTCAGTCTTCC-1	B	RCC-PR9	Adjacent	FALSE
RCC-PR9-Normal_CATTCGCCAAACCCAT-1	B	RCC-PR9	Adjacent	TRUE
RCC-PR9-Normal_CATTCGCTCACCATAG-1	B	RCC-PR9	Adjacent	FALSE
RCC-PR9-Normal_CCAATCCGTCTAGCCG-1	B	RCC-PR9	Adjacent	FALSE
RCC-PR9-Normal_CCAATCCGTGCACGAA-1	B	RCC-PR9	Adjacent	FALSE
RCC-PR9-Normal_CCACGGACAATCTACG-1	B	RCC-PR9	Adjacent	FALSE
RCC-PR9-Normal_CCATTCGCAGCTGTAT-1	B	RCC-PR9	Adjacent	FALSE
RCC-PR9-Normal_CCCAGTTAGACTGGGT-1	B	RCC-PR9	Adjacent	TRUE
RCC-PR9-Normal_CCCATACGTGTGCCTG-1	B	RCC-PR9	Adjacent	FALSE
RCC-PR9-Normal_CCCTCCTCATGCCTAA-1	B	RCC-PR9	Adjacent	FALSE
RCC-PR9-Normal_CCGTGGAAGCTGAAAT-1	B	RCC-PR9	Adjacent	FALSE
RCC-PR9-Normal_CCTAAAGAGGGCACTA-1	B	RCC-PR9	Adjacent	FALSE
RCC-PR9-Normal_CCTAAAGCAGCTGGCT-1	B	RCC-PR9	Adjacent	FALSE
RCC-PR9-Normal_CCTAAAGTCGGAATCT-1	B	RCC-PR9	Adjacent	FALSE
RCC-PR9-Normal_CCTACACAGGCTCATT-1	B	RCC-PR9	Adjacent	FALSE
RCC-PR9-Normal_CCTACCAAGGGTATCG-1	B	RCC-PR9	Adjacent	FALSE
RCC-PR9-Normal_CCTACCACACTACAGT-1	B	RCC-PR9	Adjacent	FALSE
RCC-PR9-Normal_CCTAGCTCAGCTCGAC-1	B	RCC-PR9	Adjacent	FALSE
RCC-PR9-Normal_CCTAGCTGTAAGAGGA-1	B	RCC-PR9	Adjacent	FALSE
RCC-PR9-Normal_CCTATTATCTTCAACT-1	B	RCC-PR9	Adjacent	FALSE
RCC-PR9-Normal_CCTCAGTTCGAGAGCA-1	B	RCC-PR9	Adjacent	FALSE
RCC-PR9-Normal_CCTCTGAAGGGATACC-1	B	RCC-PR9	Adjacent	FALSE
RCC-PR9-Normal_CCTCTGATCTCGCATC-1	B	RCC-PR9	Adjacent	FALSE
RCC-PR9-Normal_CCTTCGAGTAGAGGAA-1	B	RCC-PR9	Adjacent	FALSE
RCC-PR9-Normal_CCTTTCTAGCACCGCT-1	B	RCC-PR9	Adjacent	FALSE
RCC-PR9-Normal_CCTTTCTCACTGCCAG-1	B	RCC-PR9	Adjacent	FALSE
RCC-PR9-Normal_CGACTTCAGTGCCATT-1	B	RCC-PR9	Adjacent	TRUE
RCC-PR9-Normal_CGACTTCCACGTAAGG-1	B	RCC-PR9	Adjacent	FALSE
RCC-PR9-Normal_CGATTGAGTTATTCTC-1	B	RCC-PR9	Adjacent	FALSE
RCC-PR9-Normal_CGCCAAGGTACAAGTA-1	B	RCC-PR9	Adjacent	FALSE
RCC-PR9-Normal_CGCTATCAGTCGATAA-1	B	RCC-PR9	Adjacent	FALSE
RCC-PR9-Normal_CGCTATCGTAATAGCA-1	B	RCC-PR9	Adjacent	FALSE
RCC-PR9-Normal_CGCTATCGTTATTCTC-1	B	RCC-PR9	Adjacent	FALSE
RCC-PR9-Normal_CGCTTCAAGCCAGTTT-1	B	RCC-PR9	Adjacent	FALSE
RCC-PR9-Normal_CGGACGTTCCGGGTGT-1	B	RCC-PR9	Adjacent	FALSE
RCC-PR9-Normal_CGGAGCTTCATGTGGT-1	B	RCC-PR9	Adjacent	FALSE
RCC-PR9-Normal_CGGCTAGAGACTGTAA-1	B	RCC-PR9	Adjacent	TRUE
RCC-PR9-Normal_CGGCTAGCACCGAAAG-1	B	RCC-PR9	Adjacent	FALSE
RCC-PR9-Normal_CGGGTCAAGCCTATGT-1	B	RCC-PR9	Adjacent	FALSE
RCC-PR9-Normal_CGGTTAAGTAAATGTG-1	B	RCC-PR9	Adjacent	TRUE
RCC-PR9-Normal_CGTAGGCTCAATCACG-1	B	RCC-PR9	Adjacent	FALSE
RCC-PR9-Normal_CGTCAGGGTGTTAAGA-1	B	RCC-PR9	Adjacent	FALSE
RCC-PR9-Normal_CGTCCATCAACTTGAC-1	B	RCC-PR9	Adjacent	FALSE
RCC-PR9-Normal_CGTCCATCATACGCTA-1	B	RCC-PR9	Adjacent	FALSE
RCC-PR9-Normal_CGTGTAAGTTTGTTTC-1	B	RCC-PR9	Adjacent	FALSE
RCC-PR9-Normal_CGTGTCTCATACCATG-1	B	RCC-PR9	Adjacent	TRUE
RCC-PR9-Normal_CGTGTCTGTCTAGTCA-1	B	RCC-PR9	Adjacent	FALSE
RCC-PR9-Normal_CGTTAGAAGTGAACAT-1	B	RCC-PR9	Adjacent	FALSE
RCC-PR9-Normal_CGTTAGAAGTTAGCGG-1	B	RCC-PR9	Adjacent	FALSE
RCC-PR9-Normal_CGTTAGACACCCTATC-1	B	RCC-PR9	Adjacent	FALSE
RCC-PR9-Normal_CGTTCTGAGGCACATG-1	B	RCC-PR9	Adjacent	FALSE
RCC-PR9-Normal_CGTTCTGGTTACGGAG-1	B	RCC-PR9	Adjacent	FALSE
RCC-PR9-Normal_CTAATGGGTACTCTCC-1	B	RCC-PR9	Adjacent	FALSE
RCC-PR9-Normal_CTACACCCATTTGCCC-1	B	RCC-PR9	Adjacent	FALSE
RCC-PR9-Normal_CTACATTAGTACACCT-1	B	RCC-PR9	Adjacent	FALSE
RCC-PR9-Normal_CTACATTCACGCGAAA-1	B	RCC-PR9	Adjacent	FALSE
RCC-PR9-Normal_CTACGTCCAAGCGAGT-1	B	RCC-PR9	Adjacent	FALSE
RCC-PR9-Normal_CTAGCCTCATGGGAAC-1	B	RCC-PR9	Adjacent	FALSE
RCC-PR9-Normal_CTCAGAATCGCACTCT-1	B	RCC-PR9	Adjacent	FALSE
RCC-PR9-Normal_CTCATTAGTACTTGAC-1	B	RCC-PR9	Adjacent	FALSE
RCC-PR9-Normal_CTCGAAACAGGCTGAA-1	B	RCC-PR9	Adjacent	FALSE
RCC-PR9-Normal_CTCGTACTCATCATTC-1	B	RCC-PR9	Adjacent	FALSE
RCC-PR9-Normal_CTCTAATAGAGCTATA-1	B	RCC-PR9	Adjacent	FALSE
RCC-PR9-Normal_CTCTAATTCTGCCAGG-1	B	RCC-PR9	Adjacent	FALSE
RCC-PR9-Normal_CTCTACGGTACAGACG-1	B	RCC-PR9	Adjacent	FALSE
RCC-PR9-Normal_CTCTACGTCTCAACTT-1	B	RCC-PR9	Adjacent	FALSE
RCC-PR9-Normal_CTCTGGTTCGTACGGC-1	B	RCC-PR9	Adjacent	FALSE
RCC-PR9-Normal_CTGATAGAGGGTTCCC-1	B	RCC-PR9	Adjacent	FALSE
RCC-PR9-Normal_CTGATCCTCCCTAATT-1	B	RCC-PR9	Adjacent	FALSE
RCC-PR9-Normal_CTGATCCTCTACTATC-1	B	RCC-PR9	Adjacent	FALSE
RCC-PR9-Normal_CTGCGGAGTGACAAAT-1	B	RCC-PR9	Adjacent	FALSE
RCC-PR9-Normal_CTGTTTAAGGAGTCTG-1	B	RCC-PR9	Adjacent	FALSE
RCC-PR9-Normal_CTGTTTACAGCTGTGC-1	B	RCC-PR9	Adjacent	FALSE
RCC-PR9-Normal_CTGTTTATCTCTAGGA-1	B	RCC-PR9	Adjacent	FALSE
RCC-PR9-Normal_CTTAACTCAGGAATGC-1	B	RCC-PR9	Adjacent	FALSE
RCC-PR9-Normal_CTTACCGCACGTTGGC-1	B	RCC-PR9	Adjacent	FALSE
RCC-PR9-Normal_CTTACCGGTACCCAAT-1	B	RCC-PR9	Adjacent	FALSE
RCC-PR9-Normal_CTTCTCTAGCTAGGCA-1	B	RCC-PR9	Adjacent	TRUE
RCC-PR9-Normal_CTTGGCTAGTGCAAGC-1	B	RCC-PR9	Adjacent	FALSE
RCC-PR9-Normal_GAAATGACATAGTAAG-1	B	RCC-PR9	Adjacent	FALSE
RCC-PR9-Normal_GAACATCCAGTAAGAT-1	B	RCC-PR9	Adjacent	FALSE
RCC-PR9-Normal_GAACCTATCTGGAGCC-1	B	RCC-PR9	Adjacent	TRUE
RCC-PR9-Normal_GAAGCAGCAGACACTT-1	B	RCC-PR9	Adjacent	FALSE
RCC-PR9-Normal_GACACGCGTAAGGATT-1	B	RCC-PR9	Adjacent	FALSE
RCC-PR9-Normal_GACCTGGTCTCAAGTG-1	B	RCC-PR9	Adjacent	FALSE
RCC-PR9-Normal_GACGCGTAGTGTTGAA-1	B	RCC-PR9	Adjacent	FALSE
RCC-PR9-Normal_GACGTTAAGGCTAGCA-1	B	RCC-PR9	Adjacent	FALSE
RCC-PR9-Normal_GACTAACCACAGCGTC-1	B	RCC-PR9	Adjacent	FALSE
RCC-PR9-Normal_GACTACAGTGAGGGTT-1	B	RCC-PR9	Adjacent	FALSE
RCC-PR9-Normal_GAGGTGAGTAAGCACG-1	B	RCC-PR9	Adjacent	FALSE
RCC-PR9-Normal_GATCAGTCAGCATACT-1	B	RCC-PR9	Adjacent	FALSE
RCC-PR9-Normal_GATCGTAGTAAAGTCA-1	B	RCC-PR9	Adjacent	FALSE
RCC-PR9-Normal_GATGAAAGTCACTGGC-1	B	RCC-PR9	Adjacent	FALSE
RCC-PR9-Normal_GATTCAGCAAGGACAC-1	B	RCC-PR9	Adjacent	FALSE
RCC-PR9-Normal_GCAAACTCAGGCAGTA-1	B	RCC-PR9	Adjacent	FALSE
RCC-PR9-Normal_GCAATCAAGAAACCAT-1	B	RCC-PR9	Adjacent	FALSE
RCC-PR9-Normal_GCACATACAGCATACT-1	B	RCC-PR9	Adjacent	FALSE
RCC-PR9-Normal_GCACTCTAGCGACGTA-1	B	RCC-PR9	Adjacent	FALSE
RCC-PR9-Normal_GCAGCCAAGTCGCCGT-1	B	RCC-PR9	Adjacent	FALSE
RCC-PR9-Normal_GCAGTTATCGTCTGCT-1	B	RCC-PR9	Adjacent	FALSE
RCC-PR9-Normal_GCATGCGGTGTCTGAT-1	B	RCC-PR9	Adjacent	FALSE
RCC-PR9-Normal_GCATGCGTCCTGTACC-1	B	RCC-PR9	Adjacent	FALSE
RCC-PR9-Normal_GCATGCGTCTCGTTTA-1	B	RCC-PR9	Adjacent	FALSE
RCC-PR9-Normal_GCATGTAGTCTCTCTG-1	B	RCC-PR9	Adjacent	FALSE
RCC-PR9-Normal_GCCAAATGTCGGCTCA-1	B	RCC-PR9	Adjacent	FALSE
RCC-PR9-Normal_GCGACCACATTGGGCC-1	B	RCC-PR9	Adjacent	FALSE
RCC-PR9-Normal_GCGAGAAAGGATTCGG-1	B	RCC-PR9	Adjacent	TRUE
RCC-PR9-Normal_GCGAGAAAGGGTTTCT-1	B	RCC-PR9	Adjacent	FALSE
RCC-PR9-Normal_GCGCAGTAGCGACGTA-1	B	RCC-PR9	Adjacent	FALSE
RCC-PR9-Normal_GCGCCAATCTTCCTTC-1	B	RCC-PR9	Adjacent	FALSE
RCC-PR9-Normal_GCGGGTTCAAACCTAC-1	B	RCC-PR9	Adjacent	FALSE
RCC-PR9-Normal_GCTCCTATCCATGAGT-1	B	RCC-PR9	Adjacent	FALSE
RCC-PR9-Normal_GCTGGGTTCATGCTCC-1	B	RCC-PR9	Adjacent	FALSE
RCC-PR9-Normal_GCTTGAAAGTGACTCT-1	B	RCC-PR9	Adjacent	TRUE
RCC-PR9-Normal_GGAAAGCAGTTGTCGT-1	B	RCC-PR9	Adjacent	TRUE
RCC-PR9-Normal_GGAAAGCGTGAAATCA-1	B	RCC-PR9	Adjacent	FALSE
RCC-PR9-Normal_GGAACTTGTATAGGGC-1	B	RCC-PR9	Adjacent	FALSE
RCC-PR9-Normal_GGAACTTTCAGTTCGA-1	B	RCC-PR9	Adjacent	FALSE
RCC-PR9-Normal_GGACAAGTCAGAAATG-1	B	RCC-PR9	Adjacent	FALSE
RCC-PR9-Normal_GGACATTCACTTACGA-1	B	RCC-PR9	Adjacent	FALSE
RCC-PR9-Normal_GGCTCGAAGGCTATCT-1	B	RCC-PR9	Adjacent	TRUE
RCC-PR9-Normal_GGCTGGTTCACCCGAG-1	B	RCC-PR9	Adjacent	FALSE
RCC-PR9-Normal_GGCTGGTTCAGTTGAC-1	B	RCC-PR9	Adjacent	FALSE
RCC-PR9-Normal_GGGCACTAGTGGCACA-1	B	RCC-PR9	Adjacent	FALSE
RCC-PR9-Normal_GGGCACTGTTACGACT-1	B	RCC-PR9	Adjacent	FALSE
RCC-PR9-Normal_GGGTTGCCATATGAGA-1	B	RCC-PR9	Adjacent	FALSE
RCC-PR9-Normal_GGGTTGCTCCTGCTTG-1	B	RCC-PR9	Adjacent	FALSE
RCC-PR9-Normal_GGGTTGCTCGCCCTTA-1	B	RCC-PR9	Adjacent	FALSE
RCC-PR9-Normal_GGTATTGCATACAGCT-1	B	RCC-PR9	Adjacent	FALSE
RCC-PR9-Normal_GGTGCGTAGCGATATA-1	B	RCC-PR9	Adjacent	FALSE
RCC-PR9-Normal_GTACGTACACGAGAGT-1	B	RCC-PR9	Adjacent	FALSE
RCC-PR9-Normal_GTACGTAGTGTAACGG-1	B	RCC-PR9	Adjacent	FALSE
RCC-PR9-Normal_GTAGGCCTCGCCATAA-1	B	RCC-PR9	Adjacent	FALSE
RCC-PR9-Normal_GTATCTTGTCGAACAG-1	B	RCC-PR9	Adjacent	FALSE
RCC-PR9-Normal_GTATTCTTCCCTCTTT-1	B	RCC-PR9	Adjacent	TRUE
RCC-PR9-Normal_GTCAAGTAGCGTTTAC-1	B	RCC-PR9	Adjacent	FALSE
RCC-PR9-Normal_GTCAAGTCAAGTAGTA-1	B	RCC-PR9	Adjacent	FALSE
RCC-PR9-Normal_GTCATTTAGAGGACGG-1	B	RCC-PR9	Adjacent	FALSE
RCC-PR9-Normal_GTCATTTCAGTATCTG-1	B	RCC-PR9	Adjacent	FALSE
RCC-PR9-Normal_GTCATTTGTATGCTTG-1	B	RCC-PR9	Adjacent	FALSE
RCC-PR9-Normal_GTCGTAACACCGGAAA-1	B	RCC-PR9	Adjacent	TRUE
RCC-PR9-Normal_GTCTTCGGTTGTTTGG-1	B	RCC-PR9	Adjacent	FALSE
RCC-PR9-Normal_GTGCATACAGCTCCGA-1	B	RCC-PR9	Adjacent	FALSE
RCC-PR9-Normal_GTGCGGTCACTTGGAT-1	B	RCC-PR9	Adjacent	FALSE
RCC-PR9-Normal_GTGCGGTGTCGGATCC-1	B	RCC-PR9	Adjacent	FALSE
RCC-PR9-Normal_GTGCTTCGTTCCCTTG-1	B	RCC-PR9	Adjacent	FALSE
RCC-PR9-Normal_GTGGGTCCAGCTGCAC-1	B	RCC-PR9	Adjacent	FALSE
RCC-PR9-Normal_GTGTGCGCATCACGAT-1	B	RCC-PR9	Adjacent	FALSE
RCC-PR9-Normal_GTGTTAGTCAAACAAG-1	B	RCC-PR9	Adjacent	FALSE
RCC-PR9-Normal_GTTACAGCACGCCAGT-1	B	RCC-PR9	Adjacent	FALSE
RCC-PR9-Normal_GTTCATTCATGCAACT-1	B	RCC-PR9	Adjacent	FALSE
RCC-PR9-Normal_GTTCATTCATGGGACA-1	B	RCC-PR9	Adjacent	TRUE
RCC-PR9-Normal_GTTCTCGCATGCCTTC-1	B	RCC-PR9	Adjacent	FALSE
RCC-PR9-Normal_GTTTCTACACTGTCGG-1	B	RCC-PR9	Adjacent	FALSE
RCC-PR9-Normal_GTTTCTACATTAACCG-1	B	RCC-PR9	Adjacent	TRUE
RCC-PR9-Normal_TAAACCGAGACAGAGA-1	B	RCC-PR9	Adjacent	FALSE
RCC-PR9-Normal_TAAGAGAAGATCGATA-1	B	RCC-PR9	Adjacent	FALSE
RCC-PR9-Normal_TAAGCGTTCACTTACT-1	B	RCC-PR9	Adjacent	TRUE
RCC-PR9-Normal_TAAGTGCGTAGTACCT-1	B	RCC-PR9	Adjacent	FALSE
RCC-PR9-Normal_TAAGTGCGTTCAGTAC-1	B	RCC-PR9	Adjacent	FALSE
RCC-PR9-Normal_TACACGACAGACGCAA-1	B	RCC-PR9	Adjacent	FALSE
RCC-PR9-Normal_TACAGTGCAAGCTGTT-1	B	RCC-PR9	Adjacent	FALSE
RCC-PR9-Normal_TACCTATGTGTCTGAT-1	B	RCC-PR9	Adjacent	FALSE
RCC-PR9-Normal_TACCTTACACAGATTC-1	B	RCC-PR9	Adjacent	FALSE
RCC-PR9-Normal_TACCTTACAGGCTCAC-1	B	RCC-PR9	Adjacent	TRUE
RCC-PR9-Normal_TACGGGCCAAGCGATG-1	B	RCC-PR9	Adjacent	FALSE
RCC-PR9-Normal_TACGGTACATGGATGG-1	B	RCC-PR9	Adjacent	FALSE
RCC-PR9-Normal_TACGGTACATGGGAAC-1	B	RCC-PR9	Adjacent	FALSE
RCC-PR9-Normal_TACTCATAGCGGCTTC-1	B	RCC-PR9	Adjacent	FALSE
RCC-PR9-Normal_TACTCATGTACATCCA-1	B	RCC-PR9	Adjacent	FALSE
RCC-PR9-Normal_TAGACCAAGTTGTCGT-1	B	RCC-PR9	Adjacent	TRUE
RCC-PR9-Normal_TAGACCATCTGAGGGA-1	B	RCC-PR9	Adjacent	FALSE
RCC-PR9-Normal_TAGAGCTTCAGGCCCA-1	B	RCC-PR9	Adjacent	FALSE
RCC-PR9-Normal_TAGCCGGCATCCTTGC-1	B	RCC-PR9	Adjacent	FALSE
RCC-PR9-Normal_TAGTGGTAGGTTACCT-1	B	RCC-PR9	Adjacent	TRUE
RCC-PR9-Normal_TAGTTGGAGAGTTGGC-1	B	RCC-PR9	Adjacent	FALSE
RCC-PR9-Normal_TAGTTGGAGCTATGCT-1	B	RCC-PR9	Adjacent	FALSE
RCC-PR9-Normal_TATCTCAAGGCAGGTT-1	B	RCC-PR9	Adjacent	FALSE
RCC-PR9-Normal_TATCTCACAAGTTGTC-1	B	RCC-PR9	Adjacent	FALSE
RCC-PR9-Normal_TATTACCGTTCGCTAA-1	B	RCC-PR9	Adjacent	FALSE
RCC-PR9-Normal_TCAACGATCCGTCATC-1	B	RCC-PR9	Adjacent	FALSE
RCC-PR9-Normal_TCACAAGAGATCCCAT-1	B	RCC-PR9	Adjacent	TRUE
RCC-PR9-Normal_TCACAAGCACCTCGGA-1	B	RCC-PR9	Adjacent	TRUE
RCC-PR9-Normal_TCACGAAGTAGCAAAT-1	B	RCC-PR9	Adjacent	FALSE
RCC-PR9-Normal_TCAGCAAAGGACCACA-1	B	RCC-PR9	Adjacent	FALSE
RCC-PR9-Normal_TCAGCAACAACTGCTA-1	B	RCC-PR9	Adjacent	FALSE
RCC-PR9-Normal_TCAGCTCCATAGTAAG-1	B	RCC-PR9	Adjacent	FALSE
RCC-PR9-Normal_TCAGGATAGGCCGAAT-1	B	RCC-PR9	Adjacent	FALSE
RCC-PR9-Normal_TCAGGATGTCAAGCGA-1	B	RCC-PR9	Adjacent	FALSE
RCC-PR9-Normal_TCAGGTACAACACGCC-1	B	RCC-PR9	Adjacent	FALSE
RCC-PR9-Normal_TCATTTGGTAGCTGCC-1	B	RCC-PR9	Adjacent	FALSE
RCC-PR9-Normal_TCCCGATAGCGTCAAG-1	B	RCC-PR9	Adjacent	FALSE
RCC-PR9-Normal_TCGAGGCTCCGCATAA-1	B	RCC-PR9	Adjacent	FALSE
RCC-PR9-Normal_TCGCGAGCAAGTAGTA-1	B	RCC-PR9	Adjacent	FALSE
RCC-PR9-Normal_TCGCGAGCACCAGATT-1	B	RCC-PR9	Adjacent	FALSE
RCC-PR9-Normal_TCGCGAGCATTTGCCC-1	B	RCC-PR9	Adjacent	FALSE
RCC-PR9-Normal_TCGGTAACAGATGGGT-1	B	RCC-PR9	Adjacent	FALSE
RCC-PR9-Normal_TCGTACCGTCTAAACC-1	B	RCC-PR9	Adjacent	FALSE
RCC-PR9-Normal_TCGTAGAAGCCAGTAG-1	B	RCC-PR9	Adjacent	FALSE
RCC-PR9-Normal_TCTATTGCAGGACCCT-1	B	RCC-PR9	Adjacent	FALSE
RCC-PR9-Normal_TCTCTAACATGTAAGA-1	B	RCC-PR9	Adjacent	FALSE
RCC-PR9-Normal_TCTGAGACATGCAATC-1	B	RCC-PR9	Adjacent	FALSE
RCC-PR9-Normal_TCTGAGATCGCTTGTC-1	B	RCC-PR9	Adjacent	FALSE
RCC-PR9-Normal_TGACGGCTCCGTCAAA-1	B	RCC-PR9	Adjacent	FALSE
RCC-PR9-Normal_TGACTAGTCAAGAAGT-1	B	RCC-PR9	Adjacent	FALSE
RCC-PR9-Normal_TGAGCATAGATTACCC-1	B	RCC-PR9	Adjacent	FALSE
RCC-PR9-Normal_TGAGGGACAGCGATCC-1	B	RCC-PR9	Adjacent	FALSE
RCC-PR9-Normal_TGCCCATAGGCAAAGA-1	B	RCC-PR9	Adjacent	TRUE
RCC-PR9-Normal_TGCGCAGGTAAACACA-1	B	RCC-PR9	Adjacent	FALSE
RCC-PR9-Normal_TGCTACCCATTATCTC-1	B	RCC-PR9	Adjacent	FALSE
RCC-PR9-Normal_TGGACGCTCCGCGTTT-1	B	RCC-PR9	Adjacent	FALSE
RCC-PR9-Normal_TGGCTGGAGCCGTCGT-1	B	RCC-PR9	Adjacent	FALSE
RCC-PR9-Normal_TGGGAAGGTTAGAACA-1	B	RCC-PR9	Adjacent	FALSE
RCC-PR9-Normal_TGGTTAGAGTTCGCGC-1	B	RCC-PR9	Adjacent	FALSE
RCC-PR9-Normal_TGGTTAGGTCTCACCT-1	B	RCC-PR9	Adjacent	FALSE
RCC-PR9-Normal_TGGTTAGTCACCTTAT-1	B	RCC-PR9	Adjacent	FALSE
RCC-PR9-Normal_TGGTTAGTCATTCACT-1	B	RCC-PR9	Adjacent	FALSE
RCC-PR9-Normal_TGTGGTACAGTATCTG-1	B	RCC-PR9	Adjacent	FALSE
RCC-PR9-Normal_TGTGGTAGTCCGAATT-1	B	RCC-PR9	Adjacent	FALSE
RCC-PR9-Normal_TGTGTTTTCTGGTATG-1	B	RCC-PR9	Adjacent	FALSE
RCC-PR9-Normal_TTAACTCAGGACAGAA-1	B	RCC-PR9	Adjacent	FALSE
RCC-PR9-Normal_TTAGGCACACAGGCCT-1	B	RCC-PR9	Adjacent	TRUE
RCC-PR9-Normal_TTCCCAGAGAACAACT-1	B	RCC-PR9	Adjacent	FALSE
RCC-PR9-Normal_TTCCCAGAGCGATAGC-1	B	RCC-PR9	Adjacent	FALSE
RCC-PR9-Normal_TTCTACAGTATGAATG-1	B	RCC-PR9	Adjacent	FALSE
RCC-PR9-Normal_TTCTTAGGTCAACTGT-1	B	RCC-PR9	Adjacent	FALSE
RCC-PR9-Normal_TTGAACGCACTTAACG-1	B	RCC-PR9	Adjacent	FALSE
RCC-PR9-Normal_TTGAACGGTTGTCTTT-1	B	RCC-PR9	Adjacent	FALSE
RCC-PR9-Normal_TTGGAACTCCCTTGTG-1	B	RCC-PR9	Adjacent	FALSE
RCC-PR9-Normal_TTGGCAATCGTTACGA-1	B	RCC-PR9	Adjacent	FALSE
RCC-PR9-Normal_TTGTAGGCAAGCCGCT-1	B	RCC-PR9	Adjacent	FALSE
RCC-PR9-Normal_TTTACTGAGAATTCCC-1	B	RCC-PR9	Adjacent	FALSE
RCC-PR9-Normal_TTTACTGTCACTGGGC-1	B	RCC-PR9	Adjacent	FALSE
RCC-PR9-Normal_TTTCCTCAGAGTACCG-1	B	RCC-PR9	Adjacent	FALSE
RCC-PR9-Normal_TTTCCTCCAGGTCTCG-1	B	RCC-PR9	Adjacent	TRUE
RCC-PR9-Normal_TTTCCTCTCCTAGGGC-1	B	RCC-PR9	Adjacent	FALSE
RCC-PR9-Normal_TTTGCGCAGCTGAAAT-1	B	RCC-PR9	Adjacent	FALSE
RCC-PR9-Normal_TTTGTCAGTCTAGTGT-1	B	RCC-PR9	Adjacent	FALSE
RCC-PR9-PTumor_AACACGTTCGAATGCT-1	B	RCC-PR9	Tumor	TRUE
RCC-PR9-PTumor_AACTGGTGTCAATACC-1	B	RCC-PR9	Tumor	FALSE
RCC-PR9-PTumor_AACTTTCCACGGTAGA-1	B	RCC-PR9	Tumor	FALSE
RCC-PR9-PTumor_AACTTTCGTGTTCTTT-1	B	RCC-PR9	Tumor	FALSE
RCC-PR9-PTumor_AAGCCGCAGAGTCGGT-1	B	RCC-PR9	Tumor	FALSE
RCC-PR9-PTumor_AAGGAGCAGAGGGCTT-1	B	RCC-PR9	Tumor	TRUE
RCC-PR9-PTumor_AAGGAGCGTTGTTTGG-1	B	RCC-PR9	Tumor	FALSE
RCC-PR9-PTumor_ACACCAAGTGACGGTA-1	B	RCC-PR9	Tumor	FALSE
RCC-PR9-PTumor_ACAGCTAAGATGAGAG-1	B	RCC-PR9	Tumor	FALSE
RCC-PR9-PTumor_ACAGCTAGTTCGCTAA-1	B	RCC-PR9	Tumor	FALSE
RCC-PR9-PTumor_ACCAGTATCAGCATGT-1	B	RCC-PR9	Tumor	FALSE
RCC-PR9-PTumor_ACGATACGTTTAGGAA-1	B	RCC-PR9	Tumor	FALSE
RCC-PR9-PTumor_ACGCCGAAGTACTTGC-1	B	RCC-PR9	Tumor	TRUE
RCC-PR9-PTumor_ACGGCCACATAAGACA-1	B	RCC-PR9	Tumor	FALSE
RCC-PR9-PTumor_ACGGCCACATGCAACT-1	B	RCC-PR9	Tumor	FALSE
RCC-PR9-PTumor_ACGGGCTAGATGCCAG-1	B	RCC-PR9	Tumor	TRUE
RCC-PR9-PTumor_ACTATCTTCTTCTGGC-1	B	RCC-PR9	Tumor	TRUE
RCC-PR9-PTumor_ACTGAACGTGTTTGTG-1	B	RCC-PR9	Tumor	FALSE
RCC-PR9-PTumor_ACTGCTCAGGGATACC-1	B	RCC-PR9	Tumor	FALSE
RCC-PR9-PTumor_AGACGTTAGCCGGTAA-1	B	RCC-PR9	Tumor	FALSE
RCC-PR9-PTumor_AGATCTGTCCTCATTA-1	B	RCC-PR9	Tumor	TRUE
RCC-PR9-PTumor_AGGCCGTCATCGGGTC-1	B	RCC-PR9	Tumor	FALSE
RCC-PR9-PTumor_AGGTCATCAGGTGCCT-1	B	RCC-PR9	Tumor	FALSE
RCC-PR9-PTumor_AGTTGGTCACCGAAAG-1	B	RCC-PR9	Tumor	FALSE
RCC-PR9-PTumor_ATCTACTCAGTACACT-1	B	RCC-PR9	Tumor	FALSE
RCC-PR9-PTumor_ATTCTACCAATAGCGG-1	B	RCC-PR9	Tumor	FALSE
RCC-PR9-PTumor_ATTGGTGAGGACGAAA-1	B	RCC-PR9	Tumor	TRUE
RCC-PR9-PTumor_ATTTCTGGTCGAGTTT-1	B	RCC-PR9	Tumor	FALSE
RCC-PR9-PTumor_CAAGATCGTGTGTGCC-1	B	RCC-PR9	Tumor	FALSE
RCC-PR9-PTumor_CAAGGCCAGATTACCC-1	B	RCC-PR9	Tumor	FALSE
RCC-PR9-PTumor_CAAGTTGTCAACTCTT-1	B	RCC-PR9	Tumor	FALSE
RCC-PR9-PTumor_CACCTTGGTAATTGGA-1	B	RCC-PR9	Tumor	FALSE
RCC-PR9-PTumor_CACCTTGTCTGCCCTA-1	B	RCC-PR9	Tumor	FALSE
RCC-PR9-PTumor_CAGCAGCAGAAGATTC-1	B	RCC-PR9	Tumor	FALSE
RCC-PR9-PTumor_CAGCGACTCAGTTCGA-1	B	RCC-PR9	Tumor	FALSE
RCC-PR9-PTumor_CAGCGACTCTGATACG-1	B	RCC-PR9	Tumor	FALSE
RCC-PR9-PTumor_CAGCTGGTCTTAGCCC-1	B	RCC-PR9	Tumor	FALSE
RCC-PR9-PTumor_CAGGTGCCAGGAACGT-1	B	RCC-PR9	Tumor	FALSE
RCC-PR9-PTumor_CATGCCTAGACACTAA-1	B	RCC-PR9	Tumor	FALSE
RCC-PR9-PTumor_CATTATCCACTCGACG-1	B	RCC-PR9	Tumor	FALSE
RCC-PR9-PTumor_CCAATCCTCAGCATGT-1	B	RCC-PR9	Tumor	FALSE
RCC-PR9-PTumor_CCCTCCTTCTAACCGA-1	B	RCC-PR9	Tumor	FALSE
RCC-PR9-PTumor_CCTACCAGTATCGCAT-1	B	RCC-PR9	Tumor	FALSE
RCC-PR9-PTumor_CCTTCCCCAATGGAGC-1	B	RCC-PR9	Tumor	FALSE
RCC-PR9-PTumor_CGATGGCGTGCTTCTC-1	B	RCC-PR9	Tumor	FALSE
RCC-PR9-PTumor_CGGACACTCACGATGT-1	B	RCC-PR9	Tumor	FALSE
RCC-PR9-PTumor_CGGACACTCTGCCCTA-1	B	RCC-PR9	Tumor	FALSE
RCC-PR9-PTumor_CGGACTGGTACTCGCG-1	B	RCC-PR9	Tumor	FALSE
RCC-PR9-PTumor_CGTAGCGCATGAACCT-1	B	RCC-PR9	Tumor	TRUE
RCC-PR9-PTumor_CGTCAGGAGGCAGTCA-1	B	RCC-PR9	Tumor	FALSE
RCC-PR9-PTumor_CGTCAGGGTCTAGTCA-1	B	RCC-PR9	Tumor	FALSE
RCC-PR9-PTumor_CGTCTACAGTAGGTGC-1	B	RCC-PR9	Tumor	FALSE
RCC-PR9-PTumor_CGTCTACTCATCATTC-1	B	RCC-PR9	Tumor	FALSE
RCC-PR9-PTumor_CGTGAGCAGTGGGCTA-1	B	RCC-PR9	Tumor	FALSE
RCC-PR9-PTumor_CGTTGGGAGATACACA-1	B	RCC-PR9	Tumor	FALSE
RCC-PR9-PTumor_CTAACTTGTCGGCATC-1	B	RCC-PR9	Tumor	FALSE
RCC-PR9-PTumor_CTAAGACCATGCAACT-1	B	RCC-PR9	Tumor	FALSE
RCC-PR9-PTumor_CTAATGGTCGTCGTTC-1	B	RCC-PR9	Tumor	FALSE
RCC-PR9-PTumor_CTAGCCTGTAGGAGTC-1	B	RCC-PR9	Tumor	FALSE
RCC-PR9-PTumor_CTCATTAAGTCCGTAT-1	B	RCC-PR9	Tumor	FALSE
RCC-PR9-PTumor_CTCCTAGAGTTCGATC-1	B	RCC-PR9	Tumor	FALSE
RCC-PR9-PTumor_CTCGTACGTTCCGTCT-1	B	RCC-PR9	Tumor	TRUE
RCC-PR9-PTumor_CTGAAACCACCATGTA-1	B	RCC-PR9	Tumor	FALSE
RCC-PR9-PTumor_CTGATAGTCAAGCCTA-1	B	RCC-PR9	Tumor	FALSE
RCC-PR9-PTumor_CTGATCCTCTGTCTCG-1	B	RCC-PR9	Tumor	TRUE
RCC-PR9-PTumor_CTGGTCTTCAGTTTGG-1	B	RCC-PR9	Tumor	FALSE
RCC-PR9-PTumor_CTTACCGAGCCCAACC-1	B	RCC-PR9	Tumor	TRUE
RCC-PR9-PTumor_CTTACCGCATGCCTAA-1	B	RCC-PR9	Tumor	FALSE
RCC-PR9-PTumor_GACACGCGTTACGTCA-1	B	RCC-PR9	Tumor	FALSE
RCC-PR9-PTumor_GACAGAGCAAGTCATC-1	B	RCC-PR9	Tumor	TRUE
RCC-PR9-PTumor_GACCTGGGTTCCCGAG-1	B	RCC-PR9	Tumor	FALSE
RCC-PR9-PTumor_GACGTGCAGCTAGTCT-1	B	RCC-PR9	Tumor	FALSE
RCC-PR9-PTumor_GACTGCGGTGCAACTT-1	B	RCC-PR9	Tumor	FALSE
RCC-PR9-PTumor_GAGCAGACACTAAGTC-1	B	RCC-PR9	Tumor	TRUE
RCC-PR9-PTumor_GAGGTGAAGCGCCTCA-1	B	RCC-PR9	Tumor	TRUE
RCC-PR9-PTumor_GAGTCCGAGCCGATTT-1	B	RCC-PR9	Tumor	FALSE
RCC-PR9-PTumor_GATCGTAGTCCCGACA-1	B	RCC-PR9	Tumor	FALSE
RCC-PR9-PTumor_GATCTAGGTAATCACC-1	B	RCC-PR9	Tumor	FALSE
RCC-PR9-PTumor_GATGAGGAGAAGGGTA-1	B	RCC-PR9	Tumor	FALSE
RCC-PR9-PTumor_GATGCTATCCTAGAAC-1	B	RCC-PR9	Tumor	FALSE
RCC-PR9-PTumor_GCAAACTGTGTAAGTA-1	B	RCC-PR9	Tumor	FALSE
RCC-PR9-PTumor_GCAATCATCACCGGGT-1	B	RCC-PR9	Tumor	TRUE
RCC-PR9-PTumor_GCACTCTAGACGCACA-1	B	RCC-PR9	Tumor	FALSE
RCC-PR9-PTumor_GCACTCTAGTGCGTGA-1	B	RCC-PR9	Tumor	FALSE
RCC-PR9-PTumor_GCCTCTACAGCTGTGC-1	B	RCC-PR9	Tumor	FALSE
RCC-PR9-PTumor_GCTCCTAAGAGTGACC-1	B	RCC-PR9	Tumor	TRUE
RCC-PR9-PTumor_GCTCTGTCACAGGAGT-1	B	RCC-PR9	Tumor	FALSE
RCC-PR9-PTumor_GCTGCAGAGCCCTAAT-1	B	RCC-PR9	Tumor	TRUE
RCC-PR9-PTumor_GCTGCGAGTTCGTGAT-1	B	RCC-PR9	Tumor	FALSE
RCC-PR9-PTumor_GCTGCGAGTTGTACAC-1	B	RCC-PR9	Tumor	FALSE
RCC-PR9-PTumor_GCTGGGTGTGGTACAG-1	B	RCC-PR9	Tumor	FALSE
RCC-PR9-PTumor_GGAAAGCGTCACAAGG-1	B	RCC-PR9	Tumor	FALSE
RCC-PR9-PTumor_GGACGTCGTCAACATC-1	B	RCC-PR9	Tumor	FALSE
RCC-PR9-PTumor_GGATGTTAGCCAACAG-1	B	RCC-PR9	Tumor	FALSE
RCC-PR9-PTumor_GGTATTGCACCGATAT-1	B	RCC-PR9	Tumor	FALSE
RCC-PR9-PTumor_GGTGCGTCAGTCACTA-1	B	RCC-PR9	Tumor	TRUE
RCC-PR9-PTumor_GTAACGTTCAACACCA-1	B	RCC-PR9	Tumor	FALSE
RCC-PR9-PTumor_GTACTTTAGGACAGCT-1	B	RCC-PR9	Tumor	FALSE
RCC-PR9-PTumor_GTATCTTTCTTTCCTC-1	B	RCC-PR9	Tumor	FALSE
RCC-PR9-PTumor_GTCACGGCAAGCTGTT-1	B	RCC-PR9	Tumor	FALSE
RCC-PR9-PTumor_GTCGGGTTCCCTAATT-1	B	RCC-PR9	Tumor	FALSE
RCC-PR9-PTumor_GTCTCGTTCGTGTAGT-1	B	RCC-PR9	Tumor	FALSE
RCC-PR9-PTumor_GTGAAGGCATTAGCCA-1	B	RCC-PR9	Tumor	TRUE
RCC-PR9-PTumor_GTGCAGCAGTGTTTGC-1	B	RCC-PR9	Tumor	FALSE
RCC-PR9-PTumor_GTGCGGTGTCAAACTC-1	B	RCC-PR9	Tumor	FALSE
RCC-PR9-PTumor_GTGCGGTTCTCAAGTG-1	B	RCC-PR9	Tumor	FALSE
RCC-PR9-PTumor_GTTCATTCATTTCAGG-1	B	RCC-PR9	Tumor	FALSE
RCC-PR9-PTumor_GTTCTCGCACCAGGTC-1	B	RCC-PR9	Tumor	FALSE
RCC-PR9-PTumor_GTTTCTAGTGTATGGG-1	B	RCC-PR9	Tumor	FALSE
RCC-PR9-PTumor_TAAACCGCAATCGAAA-1	B	RCC-PR9	Tumor	TRUE
RCC-PR9-PTumor_TACTTACCAAGAAAGG-1	B	RCC-PR9	Tumor	FALSE
RCC-PR9-PTumor_TAGCCGGTCTTGAGAC-1	B	RCC-PR9	Tumor	FALSE
RCC-PR9-PTumor_TAGTTGGAGCCGCCTA-1	B	RCC-PR9	Tumor	FALSE
RCC-PR9-PTumor_TCGCGTTTCGGTGTTA-1	B	RCC-PR9	Tumor	TRUE
RCC-PR9-PTumor_TCGTAGAGTGGGTCAA-1	B	RCC-PR9	Tumor	TRUE
RCC-PR9-PTumor_TCGTAGAGTTACCGAT-1	B	RCC-PR9	Tumor	FALSE
RCC-PR9-PTumor_TCTATTGGTCGACTGC-1	B	RCC-PR9	Tumor	TRUE
RCC-PR9-PTumor_TGACAACCACATCCGG-1	B	RCC-PR9	Tumor	TRUE
RCC-PR9-PTumor_TGACGGCCACGGTTTA-1	B	RCC-PR9	Tumor	FALSE
RCC-PR9-PTumor_TGACGGCGTAACGACG-1	B	RCC-PR9	Tumor	FALSE
RCC-PR9-PTumor_TGACTTTGTAGCTAAA-1	B	RCC-PR9	Tumor	FALSE
RCC-PR9-PTumor_TGAGAGGCACTTCTGC-1	B	RCC-PR9	Tumor	FALSE
RCC-PR9-PTumor_TGAGCATGTCTCTCTG-1	B	RCC-PR9	Tumor	TRUE
RCC-PR9-PTumor_TGAGCCGAGTACACCT-1	B	RCC-PR9	Tumor	FALSE
RCC-PR9-PTumor_TGCTGCTTCTAGAGTC-1	B	RCC-PR9	Tumor	FALSE
RCC-PR9-PTumor_TGGCGCACATTCCTGC-1	B	RCC-PR9	Tumor	FALSE
RCC-PR9-PTumor_TGGCGCAGTATAAACG-1	B	RCC-PR9	Tumor	FALSE
RCC-PR9-PTumor_TGGGAAGCATGCCTAA-1	B	RCC-PR9	Tumor	FALSE
RCC-PR9-PTumor_TGGTTCCTCAGCCTAA-1	B	RCC-PR9	Tumor	TRUE
RCC-PR9-PTumor_TGTGTTTTCTGATTCT-1	B	RCC-PR9	Tumor	FALSE
RCC-PR9-PTumor_TGTTCCGTCACGAAGG-1	B	RCC-PR9	Tumor	FALSE
RCC-PR9-PTumor_TTCCCAGAGCTCCTCT-1	B	RCC-PR9	Tumor	FALSE
RCC-PR9-PTumor_TTCGGTCAGTAGTGCG-1	B	RCC-PR9	Tumor	FALSE
RCC-PR9-PTumor_TTCTACATCCAGTAGT-1	B	RCC-PR9	Tumor	TRUE
RCC-PR9-PTumor_TTCTCAAAGTGCCAGA-1	B	RCC-PR9	Tumor	TRUE
RCC-PR9-PTumor_TTGAACGAGTTGAGAT-1	B	RCC-PR9	Tumor	FALSE
RCC-PR9-PTumor_TTGAACGCAACTGCGC-1	B	RCC-PR9	Tumor	FALSE
RCC-PR9-PTumor_TTTATGCTCCTTTCTC-1	B	RCC-PR9	Tumor	FALSE
RCC-PR9-PTumor_TTTGGTTCAAGGCTCC-1	B	RCC-PR9	Tumor	FALSE
RCC-PR9-PTumor2_AAATGCCTCGAGCCCA-1	B	RCC-PR9	Tumor	FALSE
RCC-PR9-PTumor2_AACTCTTTCAGCATGT-1	B	RCC-PR9	Tumor	FALSE
RCC-PR9-PTumor2_AACTTTCAGACTGTAA-1	B	RCC-PR9	Tumor	FALSE
RCC-PR9-PTumor2_AAGGCAGGTAGGGTAC-1	B	RCC-PR9	Tumor	FALSE
RCC-PR9-PTumor2_AATCCAGCAACTTGAC-1	B	RCC-PR9	Tumor	TRUE
RCC-PR9-PTumor2_ACACCCTAGTCGATAA-1	B	RCC-PR9	Tumor	FALSE
RCC-PR9-PTumor2_ACATGGTAGCTGTTCA-1	B	RCC-PR9	Tumor	TRUE
RCC-PR9-PTumor2_ACGATACAGAAGGGTA-1	B	RCC-PR9	Tumor	FALSE
RCC-PR9-PTumor2_ACGATGTTCCCGACTT-1	B	RCC-PR9	Tumor	TRUE
RCC-PR9-PTumor2_ACGCAGCTCAGGCGAA-1	B	RCC-PR9	Tumor	FALSE
RCC-PR9-PTumor2_ACTGATGGTCGTTGTA-1	B	RCC-PR9	Tumor	FALSE
RCC-PR9-PTumor2_ACTGTCCGTACCAGTT-1	B	RCC-PR9	Tumor	FALSE
RCC-PR9-PTumor2_ACTGTCCGTACCGAGA-1	B	RCC-PR9	Tumor	TRUE
RCC-PR9-PTumor2_ACTGTCCGTCGCGGTT-1	B	RCC-PR9	Tumor	FALSE
RCC-PR9-PTumor2_AGATCTGTCTTGCAAG-1	B	RCC-PR9	Tumor	TRUE
RCC-PR9-PTumor2_AGCGGTCAGTTTGCGT-1	B	RCC-PR9	Tumor	FALSE
RCC-PR9-PTumor2_AGCGGTCTCTTGAGAC-1	B	RCC-PR9	Tumor	FALSE
RCC-PR9-PTumor2_AGCTCTCTCTGTACGA-1	B	RCC-PR9	Tumor	TRUE
RCC-PR9-PTumor2_AGGGTGATCAGGCAAG-1	B	RCC-PR9	Tumor	FALSE
RCC-PR9-PTumor2_AGGTCCGAGTATCTCG-1	B	RCC-PR9	Tumor	TRUE
RCC-PR9-PTumor2_AGGTCCGCACCAGGCT-1	B	RCC-PR9	Tumor	FALSE
RCC-PR9-PTumor2_AGTAGTCTCACAATGC-1	B	RCC-PR9	Tumor	TRUE
RCC-PR9-PTumor2_AGTCTTTTCGGAATCT-1	B	RCC-PR9	Tumor	TRUE
RCC-PR9-PTumor2_AGTTGGTTCCTAGAAC-1	B	RCC-PR9	Tumor	TRUE
RCC-PR9-PTumor2_ATCATCTTCCAGGGCT-1	B	RCC-PR9	Tumor	FALSE
RCC-PR9-PTumor2_ATCTGCCCAAGCGAGT-1	B	RCC-PR9	Tumor	TRUE
RCC-PR9-PTumor2_ATGGGAGAGCACCGTC-1	B	RCC-PR9	Tumor	TRUE
RCC-PR9-PTumor2_ATGGGAGTCAGCATGT-1	B	RCC-PR9	Tumor	FALSE
RCC-PR9-PTumor2_CAAGAAACACTATCTT-1	B	RCC-PR9	Tumor	FALSE
RCC-PR9-PTumor2_CAAGTTGCAGCGTCCA-1	B	RCC-PR9	Tumor	FALSE
RCC-PR9-PTumor2_CACACCTCATCATCCC-1	B	RCC-PR9	Tumor	TRUE
RCC-PR9-PTumor2_CACTCCACAGTGACAG-1	B	RCC-PR9	Tumor	FALSE
RCC-PR9-PTumor2_CACTCCATCACAGGCC-1	B	RCC-PR9	Tumor	FALSE
RCC-PR9-PTumor2_CACTCCATCCAGAGGA-1	B	RCC-PR9	Tumor	TRUE
RCC-PR9-PTumor2_CAGAGAGGTGCATCTA-1	B	RCC-PR9	Tumor	TRUE
RCC-PR9-PTumor2_CAGATCAGTCTGATCA-1	B	RCC-PR9	Tumor	FALSE
RCC-PR9-PTumor2_CAGATCATCAGCTGGC-1	B	RCC-PR9	Tumor	FALSE
RCC-PR9-PTumor2_CAGCAGCTCACCTCGT-1	B	RCC-PR9	Tumor	FALSE
RCC-PR9-PTumor2_CAGCGACTCCCACTTG-1	B	RCC-PR9	Tumor	TRUE
RCC-PR9-PTumor2_CAGTCCTGTAGCGCTC-1	B	RCC-PR9	Tumor	FALSE
RCC-PR9-PTumor2_CATATGGAGGTGATAT-1	B	RCC-PR9	Tumor	FALSE
RCC-PR9-PTumor2_CATCAAGCACCTTGTC-1	B	RCC-PR9	Tumor	TRUE
RCC-PR9-PTumor2_CATCAGAAGATGGCGT-1	B	RCC-PR9	Tumor	FALSE
RCC-PR9-PTumor2_CATCAGAAGCCAGAAC-1	B	RCC-PR9	Tumor	TRUE
RCC-PR9-PTumor2_CATCAGAAGGATGCGT-1	B	RCC-PR9	Tumor	FALSE
RCC-PR9-PTumor2_CATTCGCGTACCATCA-1	B	RCC-PR9	Tumor	TRUE
RCC-PR9-PTumor2_CCAATCCAGGCATTGG-1	B	RCC-PR9	Tumor	FALSE
RCC-PR9-PTumor2_CCACCTACACCATCCT-1	B	RCC-PR9	Tumor	FALSE
RCC-PR9-PTumor2_CCCAGTTAGGCTAGAC-1	B	RCC-PR9	Tumor	FALSE
RCC-PR9-PTumor2_CCGTTCACACCTCGGA-1	B	RCC-PR9	Tumor	FALSE
RCC-PR9-PTumor2_CCTAGCTTCAGTGCAT-1	B	RCC-PR9	Tumor	FALSE
RCC-PR9-PTumor2_CCTTCGAAGTATTGGA-1	B	RCC-PR9	Tumor	TRUE
RCC-PR9-PTumor2_CCTTTCTGTTCGTGAT-1	B	RCC-PR9	Tumor	TRUE
RCC-PR9-PTumor2_CGAATGTTCCTTTCTC-1	B	RCC-PR9	Tumor	FALSE
RCC-PR9-PTumor2_CGACCTTCACCACCAG-1	B	RCC-PR9	Tumor	FALSE
RCC-PR9-PTumor2_CGAGCACGTTGTCTTT-1	B	RCC-PR9	Tumor	FALSE
RCC-PR9-PTumor2_CGAGCCATCGGCGGTT-1	B	RCC-PR9	Tumor	FALSE
RCC-PR9-PTumor2_CGATGGCTCCACTCCA-1	B	RCC-PR9	Tumor	FALSE
RCC-PR9-PTumor2_CGATGTAGTCGACTAT-1	B	RCC-PR9	Tumor	FALSE
RCC-PR9-PTumor2_CGCTTCACATGCATGT-1	B	RCC-PR9	Tumor	FALSE
RCC-PR9-PTumor2_CGGACGTTCTACCAGA-1	B	RCC-PR9	Tumor	TRUE
RCC-PR9-PTumor2_CGGAGTCCAGCTGCAC-1	B	RCC-PR9	Tumor	FALSE
RCC-PR9-PTumor2_CGTAGGCCACATCCAA-1	B	RCC-PR9	Tumor	FALSE
RCC-PR9-PTumor2_CGTCACTGTGGTACAG-1	B	RCC-PR9	Tumor	TRUE
RCC-PR9-PTumor2_CGTTCTGGTAGAAGGA-1	B	RCC-PR9	Tumor	FALSE
RCC-PR9-PTumor2_CTAACTTGTAAGGATT-1	B	RCC-PR9	Tumor	FALSE
RCC-PR9-PTumor2_CTAACTTGTTCCGTCT-1	B	RCC-PR9	Tumor	FALSE
RCC-PR9-PTumor2_CTAAGACTCCATTCTA-1	B	RCC-PR9	Tumor	FALSE
RCC-PR9-PTumor2_CTACACCTCAAACAAG-1	B	RCC-PR9	Tumor	FALSE
RCC-PR9-PTumor2_CTACCCAGTTGGTAAA-1	B	RCC-PR9	Tumor	TRUE
RCC-PR9-PTumor2_CTACGTCGTAACGTTC-1	B	RCC-PR9	Tumor	FALSE
RCC-PR9-PTumor2_CTACGTCTCATTATCC-1	B	RCC-PR9	Tumor	FALSE
RCC-PR9-PTumor2_CTCGAAAAGTTCGATC-1	B	RCC-PR9	Tumor	TRUE
RCC-PR9-PTumor2_CTCGGGAGTAGCTTGT-1	B	RCC-PR9	Tumor	FALSE
RCC-PR9-PTumor2_CTCGTACAGATCACGG-1	B	RCC-PR9	Tumor	TRUE
RCC-PR9-PTumor2_CTCGTACTCCATTCTA-1	B	RCC-PR9	Tumor	FALSE
RCC-PR9-PTumor2_CTCTGGTAGAGCAATT-1	B	RCC-PR9	Tumor	FALSE
RCC-PR9-PTumor2_CTCTGGTCAGGAACGT-1	B	RCC-PR9	Tumor	FALSE
RCC-PR9-PTumor2_CTGAAACCATGCCACG-1	B	RCC-PR9	Tumor	FALSE
RCC-PR9-PTumor2_CTGGTCTCATGTCCTC-1	B	RCC-PR9	Tumor	TRUE
RCC-PR9-PTumor2_CTGTTTATCCGTCATC-1	B	RCC-PR9	Tumor	TRUE
RCC-PR9-PTumor2_CTTAACTGTAGCCTCG-1	B	RCC-PR9	Tumor	FALSE
RCC-PR9-PTumor2_GAATGAAGTTAAAGAC-1	B	RCC-PR9	Tumor	TRUE
RCC-PR9-PTumor2_GAATGAAGTTCCACAA-1	B	RCC-PR9	Tumor	FALSE
RCC-PR9-PTumor2_GACCTGGTCTGTCAAG-1	B	RCC-PR9	Tumor	TRUE
RCC-PR9-PTumor2_GACGCGTAGACCACGA-1	B	RCC-PR9	Tumor	FALSE
RCC-PR9-PTumor2_GACGTGCGTCTAGCGC-1	B	RCC-PR9	Tumor	FALSE
RCC-PR9-PTumor2_GACTGCGCATACGCTA-1	B	RCC-PR9	Tumor	FALSE
RCC-PR9-PTumor2_GACTGCGTCGCGATCG-1	B	RCC-PR9	Tumor	FALSE
RCC-PR9-PTumor2_GAGCAGATCGCGTAGC-1	B	RCC-PR9	Tumor	FALSE
RCC-PR9-PTumor2_GATCGCGCAAGACACG-1	B	RCC-PR9	Tumor	FALSE
RCC-PR9-PTumor2_GATCGTAAGCCGCCTA-1	B	RCC-PR9	Tumor	TRUE
RCC-PR9-PTumor2_GATGCTATCCTAGAAC-1	B	RCC-PR9	Tumor	FALSE
RCC-PR9-PTumor2_GCAATCAGTCATACTG-1	B	RCC-PR9	Tumor	FALSE
RCC-PR9-PTumor2_GCACATAGTCCGCTGA-1	B	RCC-PR9	Tumor	FALSE
RCC-PR9-PTumor2_GCACTCTGTTATGCGT-1	B	RCC-PR9	Tumor	FALSE
RCC-PR9-PTumor2_GCATACAAGAAGATTC-1	B	RCC-PR9	Tumor	TRUE
RCC-PR9-PTumor2_GCATGATCAACTTGAC-1	B	RCC-PR9	Tumor	FALSE
RCC-PR9-PTumor2_GCATGATGTCACTTCC-1	B	RCC-PR9	Tumor	FALSE
RCC-PR9-PTumor2_GCATGTAAGCAGCGTA-1	B	RCC-PR9	Tumor	TRUE
RCC-PR9-PTumor2_GCATGTATCTAACTCT-1	B	RCC-PR9	Tumor	FALSE
RCC-PR9-PTumor2_GCCTCTACAGCATACT-1	B	RCC-PR9	Tumor	TRUE
RCC-PR9-PTumor2_GCGCAACAGCAATCTC-1	B	RCC-PR9	Tumor	FALSE
RCC-PR9-PTumor2_GCGCAACGTGCATCTA-1	B	RCC-PR9	Tumor	FALSE
RCC-PR9-PTumor2_GCGCGATGTCCATGAT-1	B	RCC-PR9	Tumor	FALSE
RCC-PR9-PTumor2_GCTGCGATCTTGAGGT-1	B	RCC-PR9	Tumor	TRUE
RCC-PR9-PTumor2_GCTGCTTAGAGTTGGC-1	B	RCC-PR9	Tumor	FALSE
RCC-PR9-PTumor2_GCTGCTTTCATCTGCC-1	B	RCC-PR9	Tumor	FALSE
RCC-PR9-PTumor2_GGAACTTAGGCTCTTA-1	B	RCC-PR9	Tumor	FALSE
RCC-PR9-PTumor2_GGAACTTGTTACCAGT-1	B	RCC-PR9	Tumor	FALSE
RCC-PR9-PTumor2_GGAATAATCACGACTA-1	B	RCC-PR9	Tumor	FALSE
RCC-PR9-PTumor2_GGAGCAACAAGTAGTA-1	B	RCC-PR9	Tumor	FALSE
RCC-PR9-PTumor2_GGATGTTGTTAAGTAG-1	B	RCC-PR9	Tumor	FALSE
RCC-PR9-PTumor2_GGATGTTTCGGCGCAT-1	B	RCC-PR9	Tumor	FALSE
RCC-PR9-PTumor2_GGATTACCAAGCCATT-1	B	RCC-PR9	Tumor	FALSE
RCC-PR9-PTumor2_GGGAATGCAACTGGCC-1	B	RCC-PR9	Tumor	TRUE
RCC-PR9-PTumor2_GGGCACTAGTGGAGTC-1	B	RCC-PR9	Tumor	FALSE
RCC-PR9-PTumor2_GGGCATCCATACTACG-1	B	RCC-PR9	Tumor	FALSE
RCC-PR9-PTumor2_GGTGTTAAGCTAGTCT-1	B	RCC-PR9	Tumor	TRUE
RCC-PR9-PTumor2_GTAACGTCAAATTGCC-1	B	RCC-PR9	Tumor	FALSE
RCC-PR9-PTumor2_GTACGTATCTGAGTGT-1	B	RCC-PR9	Tumor	FALSE
RCC-PR9-PTumor2_GTACTCCAGAGGGCTT-1	B	RCC-PR9	Tumor	FALSE
RCC-PR9-PTumor2_GTCAAGTCACATAACC-1	B	RCC-PR9	Tumor	FALSE
RCC-PR9-PTumor2_GTCACAACAACGATCT-1	B	RCC-PR9	Tumor	TRUE
RCC-PR9-PTumor2_GTCACGGGTCCGCTGA-1	B	RCC-PR9	Tumor	FALSE
RCC-PR9-PTumor2_GTCACGGTCTGAGGGA-1	B	RCC-PR9	Tumor	FALSE
RCC-PR9-PTumor2_GTCGGGTAGTGGGATC-1	B	RCC-PR9	Tumor	TRUE
RCC-PR9-PTumor2_GTCTCGTCAGCTCGAC-1	B	RCC-PR9	Tumor	FALSE
RCC-PR9-PTumor2_GTCTTCGAGGGAACGG-1	B	RCC-PR9	Tumor	FALSE
RCC-PR9-PTumor2_GTGCGGTTCAACGGCC-1	B	RCC-PR9	Tumor	FALSE
RCC-PR9-PTumor2_GTGTGCGAGAGGACGG-1	B	RCC-PR9	Tumor	TRUE
RCC-PR9-PTumor2_GTTCGGGAGACTAGAT-1	B	RCC-PR9	Tumor	TRUE
RCC-PR9-PTumor2_TAAGCGTGTACGCTGC-1	B	RCC-PR9	Tumor	FALSE
RCC-PR9-PTumor2_TACAGTGAGTGCGATG-1	B	RCC-PR9	Tumor	TRUE
RCC-PR9-PTumor2_TACCTATTCTGTCTCG-1	B	RCC-PR9	Tumor	FALSE
RCC-PR9-PTumor2_TACCTTAAGTACGACG-1	B	RCC-PR9	Tumor	FALSE
RCC-PR9-PTumor2_TACGGATTCGACAGCC-1	B	RCC-PR9	Tumor	FALSE
RCC-PR9-PTumor2_TACGGGCTCTCTTGAT-1	B	RCC-PR9	Tumor	FALSE
RCC-PR9-PTumor2_TACTTACGTGTTTGTG-1	B	RCC-PR9	Tumor	FALSE
RCC-PR9-PTumor2_TAGACCAGTCAGTGGA-1	B	RCC-PR9	Tumor	FALSE
RCC-PR9-PTumor2_TATTACCAGTGGAGTC-1	B	RCC-PR9	Tumor	FALSE
RCC-PR9-PTumor2_TCAATCTAGATATGGT-1	B	RCC-PR9	Tumor	TRUE
RCC-PR9-PTumor2_TCGAGGCTCGAACGGA-1	B	RCC-PR9	Tumor	FALSE
RCC-PR9-PTumor2_TCGCGAGCACAGGCCT-1	B	RCC-PR9	Tumor	TRUE
RCC-PR9-PTumor2_TCGCGTTTCGGTTCGG-1	B	RCC-PR9	Tumor	TRUE
RCC-PR9-PTumor2_TCGGTAAAGAGATGAG-1	B	RCC-PR9	Tumor	TRUE
RCC-PR9-PTumor2_TCGGTAACACTAAGTC-1	B	RCC-PR9	Tumor	FALSE
RCC-PR9-PTumor2_TCTATTGGTACATGTC-1	B	RCC-PR9	Tumor	TRUE
RCC-PR9-PTumor2_TCTCTAACACAACTGT-1	B	RCC-PR9	Tumor	TRUE
RCC-PR9-PTumor2_TCTGAGAGTAGGGTAC-1	B	RCC-PR9	Tumor	FALSE
RCC-PR9-PTumor2_TCTGAGATCCCTAATT-1	B	RCC-PR9	Tumor	FALSE
RCC-PR9-PTumor2_TCTTTCCAGAGCTATA-1	B	RCC-PR9	Tumor	FALSE
RCC-PR9-PTumor2_TCTTTCCTCTCCCTGA-1	B	RCC-PR9	Tumor	FALSE
RCC-PR9-PTumor2_TGACAACAGTAGCCGA-1	B	RCC-PR9	Tumor	TRUE
RCC-PR9-PTumor2_TGACAACCAGGCAGTA-1	B	RCC-PR9	Tumor	FALSE
RCC-PR9-PTumor2_TGACAACCATCCTTGC-1	B	RCC-PR9	Tumor	TRUE
RCC-PR9-PTumor2_TGACGGCCACGACGAA-1	B	RCC-PR9	Tumor	TRUE
RCC-PR9-PTumor2_TGAGAGGCACCACGTG-1	B	RCC-PR9	Tumor	FALSE
RCC-PR9-PTumor2_TGAGCCGTCGCCAAAT-1	B	RCC-PR9	Tumor	TRUE
RCC-PR9-PTumor2_TGCCCATAGAAAGTGG-1	B	RCC-PR9	Tumor	FALSE
RCC-PR9-PTumor2_TGCTACCCACAACTGT-1	B	RCC-PR9	Tumor	TRUE
RCC-PR9-PTumor2_TGCTGCTGTTAGTGGG-1	B	RCC-PR9	Tumor	TRUE
RCC-PR9-PTumor2_TGGACGCAGGGTTTCT-1	B	RCC-PR9	Tumor	FALSE
RCC-PR9-PTumor2_TGGACGCGTCATATGC-1	B	RCC-PR9	Tumor	FALSE
RCC-PR9-PTumor2_TGGACGCGTCCGTTAA-1	B	RCC-PR9	Tumor	TRUE
RCC-PR9-PTumor2_TGGCCAGAGCAGGTCA-1	B	RCC-PR9	Tumor	FALSE
RCC-PR9-PTumor2_TGGCCAGTCTCTTATG-1	B	RCC-PR9	Tumor	FALSE
RCC-PR9-PTumor2_TGGCTGGTCCGTAGTA-1	B	RCC-PR9	Tumor	TRUE
RCC-PR9-PTumor2_TGGTTAGTCTGTCCGT-1	B	RCC-PR9	Tumor	FALSE
RCC-PR9-PTumor2_TGTGTTTCAATCGAAA-1	B	RCC-PR9	Tumor	FALSE
RCC-PR9-PTumor2_TGTTCCGGTAGCCTCG-1	B	RCC-PR9	Tumor	FALSE
RCC-PR9-PTumor2_TTAACTCGTCAGCTAT-1	B	RCC-PR9	Tumor	FALSE
RCC-PR9-PTumor2_TTAGGACCACGTCAGC-1	B	RCC-PR9	Tumor	TRUE
RCC-PR9-PTumor2_TTCGGTCGTCCGTTAA-1	B	RCC-PR9	Tumor	FALSE
RCC-PR9-PTumor2_TTCTACATCATGTCTT-1	B	RCC-PR9	Tumor	TRUE
RCC-PR9-PTumor2_TTGGCAATCCCTAATT-1	B	RCC-PR9	Tumor	FALSE
RCC-PR9-PTumor2_TTTGCGCTCTTGAGAC-1	B	RCC-PR9	Tumor	FALSE
RCC-PR9-PTumor2_TTTGTCAGTATATGGA-1	B	RCC-PR9	Tumor	FALSE
RCC-PR5-Normal_AAATGCCTCACTCTTA-1	B	RCC-PR5	Adjacent	FALSE
RCC-PR5-Normal_AAGGCAGTCCTCGCAT-1	B	RCC-PR5	Adjacent	FALSE
RCC-PR5-Normal_ACACCAACAAATTGCC-1	B	RCC-PR5	Adjacent	FALSE
RCC-PR5-Normal_ACACTGATCGGGAGTA-1	B	RCC-PR5	Adjacent	FALSE
RCC-PR5-Normal_ACAGCCGGTTGTCTTT-1	B	RCC-PR5	Adjacent	FALSE
RCC-PR5-Normal_ACCGTAAGTCCAGTGC-1	B	RCC-PR5	Adjacent	TRUE
RCC-PR5-Normal_ACGCCAGAGCTGTCTA-1	B	RCC-PR5	Adjacent	FALSE
RCC-PR5-Normal_ACGCCGATCGCCAGCA-1	B	RCC-PR5	Adjacent	FALSE
RCC-PR5-Normal_ACGGAGAAGAGAACAG-1	B	RCC-PR5	Adjacent	FALSE
RCC-PR5-Normal_ACGGAGAAGTTTGCGT-1	B	RCC-PR5	Adjacent	FALSE
RCC-PR5-Normal_ACGGCCAAGGTTCCTA-1	B	RCC-PR5	Adjacent	FALSE
RCC-PR5-Normal_ACGGCCAGTTCTGAAC-1	B	RCC-PR5	Adjacent	FALSE
RCC-PR5-Normal_ACGGGCTAGAAACCGC-1	B	RCC-PR5	Adjacent	FALSE
RCC-PR5-Normal_ACTGATGGTTCCACGG-1	B	RCC-PR5	Adjacent	FALSE
RCC-PR5-Normal_AGCATACTCCAAACTG-1	B	RCC-PR5	Adjacent	FALSE
RCC-PR5-Normal_AGCTTGATCACCTTAT-1	B	RCC-PR5	Adjacent	FALSE
RCC-PR5-Normal_AGGGTGACAGCGATCC-1	B	RCC-PR5	Adjacent	FALSE
RCC-PR5-Normal_AGTAGTCTCTGATTCT-1	B	RCC-PR5	Adjacent	FALSE
RCC-PR5-Normal_AGTCTTTTCACTTATC-1	B	RCC-PR5	Adjacent	FALSE
RCC-PR5-Normal_AGTGAGGTCAAAGACA-1	B	RCC-PR5	Adjacent	FALSE
RCC-PR5-Normal_AGTTGGTAGTGAACGC-1	B	RCC-PR5	Adjacent	FALSE
RCC-PR5-Normal_ATAACGCTCTCCGGTT-1	B	RCC-PR5	Adjacent	FALSE
RCC-PR5-Normal_ATAGACCGTGCTAGCC-1	B	RCC-PR5	Adjacent	FALSE
RCC-PR5-Normal_ATCACGAAGTGCGTGA-1	B	RCC-PR5	Adjacent	FALSE
RCC-PR5-Normal_ATCACGATCAGCATGT-1	B	RCC-PR5	Adjacent	FALSE
RCC-PR5-Normal_ATGAGGGCATGCCTTC-1	B	RCC-PR5	Adjacent	FALSE
RCC-PR5-Normal_ATTGGACCAGGGATTG-1	B	RCC-PR5	Adjacent	FALSE
RCC-PR5-Normal_CACACCTGTGGCCCTA-1	B	RCC-PR5	Adjacent	FALSE
RCC-PR5-Normal_CACACTCAGACAGACC-1	B	RCC-PR5	Adjacent	FALSE
RCC-PR5-Normal_CACATTTGTCGATTGT-1	B	RCC-PR5	Adjacent	FALSE
RCC-PR5-Normal_CACCTTGGTTCGCTAA-1	B	RCC-PR5	Adjacent	FALSE
RCC-PR5-Normal_CAGCCGAGTGTAATGA-1	B	RCC-PR5	Adjacent	FALSE
RCC-PR5-Normal_CATATGGGTCGCGTGT-1	B	RCC-PR5	Adjacent	FALSE
RCC-PR5-Normal_CATGGCGCACATCCGG-1	B	RCC-PR5	Adjacent	FALSE
RCC-PR5-Normal_CCAATCCCAAGGTTCT-1	B	RCC-PR5	Adjacent	FALSE
RCC-PR5-Normal_CCAGCGATCAGCGACC-1	B	RCC-PR5	Adjacent	FALSE
RCC-PR5-Normal_CCCAGTTAGGGTGTGT-1	B	RCC-PR5	Adjacent	FALSE
RCC-PR5-Normal_CCCTCCTAGTATTGGA-1	B	RCC-PR5	Adjacent	FALSE
RCC-PR5-Normal_CCCTCCTGTTATCGGT-1	B	RCC-PR5	Adjacent	FALSE
RCC-PR5-Normal_CCGGTAGGTTTGACAC-1	B	RCC-PR5	Adjacent	FALSE
RCC-PR5-Normal_CCTACACGTCATATGC-1	B	RCC-PR5	Adjacent	FALSE
RCC-PR5-Normal_CCTACCAGTGACTACT-1	B	RCC-PR5	Adjacent	FALSE
RCC-PR5-Normal_CCTAGCTTCTCAACTT-1	B	RCC-PR5	Adjacent	FALSE
RCC-PR5-Normal_CCTATTAAGCCTCGTG-1	B	RCC-PR5	Adjacent	FALSE
RCC-PR5-Normal_CCTCTGAAGTCTCGGC-1	B	RCC-PR5	Adjacent	FALSE
RCC-PR5-Normal_CCTCTGAGTGGACGAT-1	B	RCC-PR5	Adjacent	FALSE
RCC-PR5-Normal_CCTTCGAGTCTTCTCG-1	B	RCC-PR5	Adjacent	FALSE
RCC-PR5-Normal_CCTTTCTAGTCGTACT-1	B	RCC-PR5	Adjacent	FALSE
RCC-PR5-Normal_CGACTTCTCACTCTTA-1	B	RCC-PR5	Adjacent	FALSE
RCC-PR5-Normal_CGGGTCACACACGCTG-1	B	RCC-PR5	Adjacent	FALSE
RCC-PR5-Normal_CTCAGAACAGGTCCAC-1	B	RCC-PR5	Adjacent	FALSE
RCC-PR5-Normal_CTCGGAGGTCGGCTCA-1	B	RCC-PR5	Adjacent	FALSE
RCC-PR5-Normal_CTGAAACAGACGCAAC-1	B	RCC-PR5	Adjacent	FALSE
RCC-PR5-Normal_CTGATCCTCCCAGGTG-1	B	RCC-PR5	Adjacent	FALSE
RCC-PR5-Normal_GAACATCAGAGACTTA-1	B	RCC-PR5	Adjacent	FALSE
RCC-PR5-Normal_GAATGAAGTAGCCTCG-1	B	RCC-PR5	Adjacent	FALSE
RCC-PR5-Normal_GACACGCGTGCCTGTG-1	B	RCC-PR5	Adjacent	FALSE
RCC-PR5-Normal_GAGTCCGCATGTCTCC-1	B	RCC-PR5	Adjacent	FALSE
RCC-PR5-Normal_GATCGATGTAGCGTCC-1	B	RCC-PR5	Adjacent	FALSE
RCC-PR5-Normal_GATCGCGAGCAGATCG-1	B	RCC-PR5	Adjacent	FALSE
RCC-PR5-Normal_GATCTAGGTCAAAGCG-1	B	RCC-PR5	Adjacent	FALSE
RCC-PR5-Normal_GATTCAGCAAACGTGG-1	B	RCC-PR5	Adjacent	FALSE
RCC-PR5-Normal_GCAATCATCTCGATGA-1	B	RCC-PR5	Adjacent	TRUE
RCC-PR5-Normal_GCTCTGTTCCTATTCA-1	B	RCC-PR5	Adjacent	FALSE
RCC-PR5-Normal_GGATTACGTGTTGAGG-1	B	RCC-PR5	Adjacent	FALSE
RCC-PR5-Normal_GGCGTGTCACATCTTT-1	B	RCC-PR5	Adjacent	TRUE
RCC-PR5-Normal_GGGATGAAGTGCTGCC-1	B	RCC-PR5	Adjacent	FALSE
RCC-PR5-Normal_GGGTCTGCATTTCACT-1	B	RCC-PR5	Adjacent	FALSE
RCC-PR5-Normal_GGTGCGTAGCCCTAAT-1	B	RCC-PR5	Adjacent	FALSE
RCC-PR5-Normal_GTACGTAAGAACAATC-1	B	RCC-PR5	Adjacent	FALSE
RCC-PR5-Normal_GTCACAAAGTGGGATC-1	B	RCC-PR5	Adjacent	FALSE
RCC-PR5-Normal_GTCGTAACAGTAGAGC-1	B	RCC-PR5	Adjacent	FALSE
RCC-PR5-Normal_GTGCATAGTCCCTACT-1	B	RCC-PR5	Adjacent	FALSE
RCC-PR5-Normal_GTGCTTCAGTCGTTTG-1	B	RCC-PR5	Adjacent	FALSE
RCC-PR5-Normal_GTGTTAGCAAAGGCGT-1	B	RCC-PR5	Adjacent	FALSE
RCC-PR5-Normal_TACGGTATCAACGAAA-1	B	RCC-PR5	Adjacent	FALSE
RCC-PR5-Normal_TCAGCTCAGCAGGTCA-1	B	RCC-PR5	Adjacent	FALSE
RCC-PR5-Normal_TCAGGATGTATATGGA-1	B	RCC-PR5	Adjacent	FALSE
RCC-PR5-Normal_TCAGGATTCTTACCGC-1	B	RCC-PR5	Adjacent	FALSE
RCC-PR5-Normal_TCAGGTATCATATCGG-1	B	RCC-PR5	Adjacent	FALSE
RCC-PR5-Normal_TCATTACAGCGATAGC-1	B	RCC-PR5	Adjacent	FALSE
RCC-PR5-Normal_TCTTCGGCACCAGGCT-1	B	RCC-PR5	Adjacent	FALSE
RCC-PR5-Normal_TGACGGCGTTTAGCTG-1	B	RCC-PR5	Adjacent	FALSE
RCC-PR5-Normal_TGAGCCGCATATACGC-1	B	RCC-PR5	Adjacent	FALSE
RCC-PR5-Normal_TGAGCCGCATCGGTTA-1	B	RCC-PR5	Adjacent	FALSE
RCC-PR5-Normal_TGCGCAGGTTGGACCC-1	B	RCC-PR5	Adjacent	TRUE
RCC-PR5-Normal_TGGCCAGAGCATGGCA-1	B	RCC-PR5	Adjacent	FALSE
RCC-PR5-Normal_TGGTTAGAGGTAAACT-1	B	RCC-PR5	Adjacent	FALSE
RCC-PR5-Normal_TTAACTCGTCATATCG-1	B	RCC-PR5	Adjacent	FALSE
RCC-PR5-Normal_TTAGGCAGTCGCTTCT-1	B	RCC-PR5	Adjacent	FALSE
RCC-PR5-Normal_TTAGGCATCGTACCGG-1	B	RCC-PR5	Adjacent	FALSE
RCC-PR5-Normal_TTCGGTCGTCAAGCGA-1	B	RCC-PR5	Adjacent	FALSE
RCC-PR5-Normal_TTCTACACAGACTCGC-1	B	RCC-PR5	Adjacent	FALSE
RCC-PR5-Normal_TTCTCAACATCTGGTA-1	B	RCC-PR5	Adjacent	FALSE
RCC-PR5-Normal_TTGGCAAAGAACAATC-1	B	RCC-PR5	Adjacent	FALSE
RCC-PR5-PTumor1_AACCATGAGTACCGGA-1	B	RCC-PR5	Tumor	FALSE
RCC-PR5-PTumor1_AACCGCGCACAAGTAA-1	B	RCC-PR5	Tumor	FALSE
RCC-PR5-PTumor1_AACGTTGTCAAGATCC-1	B	RCC-PR5	Tumor	FALSE
RCC-PR5-PTumor1_AACTCAGAGAGGTTGC-1	B	RCC-PR5	Tumor	FALSE
RCC-PR5-PTumor1_AACTCTTGTTCCACTC-1	B	RCC-PR5	Tumor	TRUE
RCC-PR5-PTumor1_AAGTCTGCACGCCAGT-1	B	RCC-PR5	Tumor	FALSE
RCC-PR5-PTumor1_ACACCCTGTTTGCATG-1	B	RCC-PR5	Tumor	FALSE
RCC-PR5-PTumor1_ACACTGATCATCGATG-1	B	RCC-PR5	Tumor	FALSE
RCC-PR5-PTumor1_ACACTGATCCGCAAGC-1	B	RCC-PR5	Tumor	TRUE
RCC-PR5-PTumor1_ACAGCCGAGAGTACAT-1	B	RCC-PR5	Tumor	FALSE
RCC-PR5-PTumor1_ACCAGTATCGCATGGC-1	B	RCC-PR5	Tumor	FALSE
RCC-PR5-PTumor1_ACCAGTATCGTGTAGT-1	B	RCC-PR5	Tumor	FALSE
RCC-PR5-PTumor1_ACGATACAGAGTGACC-1	B	RCC-PR5	Tumor	FALSE
RCC-PR5-PTumor1_ACGCAGCTCTTGCCGT-1	B	RCC-PR5	Tumor	TRUE
RCC-PR5-PTumor1_ACGCCGACATCCCATC-1	B	RCC-PR5	Tumor	FALSE
RCC-PR5-PTumor1_ACGGGTCTCATCTGTT-1	B	RCC-PR5	Tumor	FALSE
RCC-PR5-PTumor1_ACGTCAAAGATATGCA-1	B	RCC-PR5	Tumor	FALSE
RCC-PR5-PTumor1_ACGTCAATCTGCGGCA-1	B	RCC-PR5	Tumor	FALSE
RCC-PR5-PTumor1_ACTGAGTTCCGCTGTT-1	B	RCC-PR5	Tumor	FALSE
RCC-PR5-PTumor1_ACTGCTCGTCTGCAAT-1	B	RCC-PR5	Tumor	FALSE
RCC-PR5-PTumor1_ACTTGTTTCTCCGGTT-1	B	RCC-PR5	Tumor	FALSE
RCC-PR5-PTumor1_ACTTTCATCTGCGGCA-1	B	RCC-PR5	Tumor	TRUE
RCC-PR5-PTumor1_AGAGCGAGTCTAGGTT-1	B	RCC-PR5	Tumor	FALSE
RCC-PR5-PTumor1_AGAGCGAGTTAAGAAC-1	B	RCC-PR5	Tumor	FALSE
RCC-PR5-PTumor1_AGAGCGAGTTCTCATT-1	B	RCC-PR5	Tumor	FALSE
RCC-PR5-PTumor1_AGAGCTTCATGAACCT-1	B	RCC-PR5	Tumor	FALSE
RCC-PR5-PTumor1_AGCATACGTCAAAGAT-1	B	RCC-PR5	Tumor	FALSE
RCC-PR5-PTumor1_AGCATACTCTGCTGCT-1	B	RCC-PR5	Tumor	FALSE
RCC-PR5-PTumor1_AGCGTCGAGATCGGGT-1	B	RCC-PR5	Tumor	FALSE
RCC-PR5-PTumor1_AGGTCATGTCCCTTGT-1	B	RCC-PR5	Tumor	FALSE
RCC-PR5-PTumor1_AGTCTTTCAATGGTCT-1	B	RCC-PR5	Tumor	FALSE
RCC-PR5-PTumor1_AGTGAGGCAATGGAGC-1	B	RCC-PR5	Tumor	FALSE
RCC-PR5-PTumor1_AGTGAGGGTTCATGGT-1	B	RCC-PR5	Tumor	TRUE
RCC-PR5-PTumor1_AGTGTCAGTTCCCGAG-1	B	RCC-PR5	Tumor	FALSE
RCC-PR5-PTumor1_ATAGACCAGGTGTGGT-1	B	RCC-PR5	Tumor	TRUE
RCC-PR5-PTumor1_ATCACGATCCAAACTG-1	B	RCC-PR5	Tumor	FALSE
RCC-PR5-PTumor1_ATCCGAACAATGGAGC-1	B	RCC-PR5	Tumor	TRUE
RCC-PR5-PTumor1_ATCGAGTAGAGAGCTC-1	B	RCC-PR5	Tumor	FALSE
RCC-PR5-PTumor1_ATCGAGTTCGGCGCTA-1	B	RCC-PR5	Tumor	TRUE
RCC-PR5-PTumor1_ATGAGGGCACGAAACG-1	B	RCC-PR5	Tumor	FALSE
RCC-PR5-PTumor1_ATTATCCTCCATGCTC-1	B	RCC-PR5	Tumor	FALSE
RCC-PR5-PTumor1_ATTCTACAGATGTGTA-1	B	RCC-PR5	Tumor	FALSE
RCC-PR5-PTumor1_ATTCTACTCGGTTAAC-1	B	RCC-PR5	Tumor	FALSE
RCC-PR5-PTumor1_ATTTCTGTCAACGAAA-1	B	RCC-PR5	Tumor	FALSE
RCC-PR5-PTumor1_CAACCAACACAGAGGT-1	B	RCC-PR5	Tumor	FALSE
RCC-PR5-PTumor1_CAACCTCTCAACTCTT-1	B	RCC-PR5	Tumor	TRUE
RCC-PR5-PTumor1_CAAGAAATCCTTGACC-1	B	RCC-PR5	Tumor	FALSE
RCC-PR5-PTumor1_CAAGTTGCATACGCCG-1	B	RCC-PR5	Tumor	FALSE
RCC-PR5-PTumor1_CACAGTAGTCCATGAT-1	B	RCC-PR5	Tumor	FALSE
RCC-PR5-PTumor1_CACATAGGTCGCTTTC-1	B	RCC-PR5	Tumor	TRUE
RCC-PR5-PTumor1_CACATTTAGTAGCGGT-1	B	RCC-PR5	Tumor	FALSE
RCC-PR5-PTumor1_CACCACTTCAGAAATG-1	B	RCC-PR5	Tumor	FALSE
RCC-PR5-PTumor1_CACCAGGGTCTCCCTA-1	B	RCC-PR5	Tumor	FALSE
RCC-PR5-PTumor1_CACTCCATCCACTGGG-1	B	RCC-PR5	Tumor	TRUE
RCC-PR5-PTumor1_CAGAATCGTGCTCTTC-1	B	RCC-PR5	Tumor	TRUE
RCC-PR5-PTumor1_CAGCATAAGATACACA-1	B	RCC-PR5	Tumor	FALSE
RCC-PR5-PTumor1_CAGCCGAGTAAATGTG-1	B	RCC-PR5	Tumor	FALSE
RCC-PR5-PTumor1_CATCAAGAGCTGAAAT-1	B	RCC-PR5	Tumor	FALSE
RCC-PR5-PTumor1_CATCAAGGTCCTCCAT-1	B	RCC-PR5	Tumor	FALSE
RCC-PR5-PTumor1_CATCAGACAAGCTGGA-1	B	RCC-PR5	Tumor	TRUE
RCC-PR5-PTumor1_CATCCACCATAGACTC-1	B	RCC-PR5	Tumor	FALSE
RCC-PR5-PTumor1_CATGCCTTCTTGTTTG-1	B	RCC-PR5	Tumor	FALSE
RCC-PR5-PTumor1_CATGGCGCACATCCGG-1	B	RCC-PR5	Tumor	FALSE
RCC-PR5-PTumor1_CATTATCAGGGCTCTC-1	B	RCC-PR5	Tumor	TRUE
RCC-PR5-PTumor1_CCACGGAAGTTGTAGA-1	B	RCC-PR5	Tumor	FALSE
RCC-PR5-PTumor1_CCACTACCACCAGTTA-1	B	RCC-PR5	Tumor	TRUE
RCC-PR5-PTumor1_CCATTCGAGCTACCGC-1	B	RCC-PR5	Tumor	FALSE
RCC-PR5-PTumor1_CCCAATCGTCCGAATT-1	B	RCC-PR5	Tumor	FALSE
RCC-PR5-PTumor1_CCCAATCTCACTTACT-1	B	RCC-PR5	Tumor	FALSE
RCC-PR5-PTumor1_CCCAGTTAGTGGAGAA-1	B	RCC-PR5	Tumor	TRUE
RCC-PR5-PTumor1_CCCTCCTAGTGTCCCG-1	B	RCC-PR5	Tumor	TRUE
RCC-PR5-PTumor1_CCCTCCTTCCCGACTT-1	B	RCC-PR5	Tumor	FALSE
RCC-PR5-PTumor1_CCGTGGAAGTACATGA-1	B	RCC-PR5	Tumor	FALSE
RCC-PR5-PTumor1_CCGTTCATCGACAGCC-1	B	RCC-PR5	Tumor	FALSE
RCC-PR5-PTumor1_CCTACACAGTTGTCGT-1	B	RCC-PR5	Tumor	FALSE
RCC-PR5-PTumor1_CCTATTAAGTTCCACA-1	B	RCC-PR5	Tumor	FALSE
RCC-PR5-PTumor1_CCTTACGTCTGCGACG-1	B	RCC-PR5	Tumor	FALSE
RCC-PR5-PTumor1_CCTTCCCAGAATTCCC-1	B	RCC-PR5	Tumor	FALSE
RCC-PR5-PTumor1_CCTTCCCAGTCAATAG-1	B	RCC-PR5	Tumor	TRUE
RCC-PR5-PTumor1_CGACCTTGTGTTGGGA-1	B	RCC-PR5	Tumor	TRUE
RCC-PR5-PTumor1_CGAGCACGTCAGGACA-1	B	RCC-PR5	Tumor	FALSE
RCC-PR5-PTumor1_CGATCGGGTTCCAACA-1	B	RCC-PR5	Tumor	FALSE
RCC-PR5-PTumor1_CGATGTACAAAGCAAT-1	B	RCC-PR5	Tumor	FALSE
RCC-PR5-PTumor1_CGCGGTAAGTTAGCGG-1	B	RCC-PR5	Tumor	FALSE
RCC-PR5-PTumor1_CGCTATCAGATCCTGT-1	B	RCC-PR5	Tumor	FALSE
RCC-PR5-PTumor1_CGCTGGACATGAGCGA-1	B	RCC-PR5	Tumor	FALSE
RCC-PR5-PTumor1_CGGACGTGTATGAAAC-1	B	RCC-PR5	Tumor	TRUE
RCC-PR5-PTumor1_CGGAGTCGTTCGAATC-1	B	RCC-PR5	Tumor	FALSE
RCC-PR5-PTumor1_CGGCTAGCATGCTAGT-1	B	RCC-PR5	Tumor	FALSE
RCC-PR5-PTumor1_CGGTTAATCCCTGACT-1	B	RCC-PR5	Tumor	FALSE
RCC-PR5-PTumor1_CGTCACTGTAGGCATG-1	B	RCC-PR5	Tumor	FALSE
RCC-PR5-PTumor1_CGTCAGGAGCTCCTCT-1	B	RCC-PR5	Tumor	FALSE
RCC-PR5-PTumor1_CGTCCATAGAGTGACC-1	B	RCC-PR5	Tumor	TRUE
RCC-PR5-PTumor1_CGTCTACCAAGAGTCG-1	B	RCC-PR5	Tumor	TRUE
RCC-PR5-PTumor1_CGTCTACGTTGGGACA-1	B	RCC-PR5	Tumor	FALSE
RCC-PR5-PTumor1_CTAGTGATCGTGGGAA-1	B	RCC-PR5	Tumor	TRUE
RCC-PR5-PTumor1_CTCACACGTTTGGGCC-1	B	RCC-PR5	Tumor	FALSE
RCC-PR5-PTumor1_CTCAGAAGTCTTGTCC-1	B	RCC-PR5	Tumor	FALSE
RCC-PR5-PTumor1_CTCGTACGTTCCACTC-1	B	RCC-PR5	Tumor	FALSE
RCC-PR5-PTumor1_CTCTACGTCCGTCATC-1	B	RCC-PR5	Tumor	FALSE
RCC-PR5-PTumor1_CTGAAACCATCTATGG-1	B	RCC-PR5	Tumor	FALSE
RCC-PR5-PTumor1_CTGAAGTGTCTAGCCG-1	B	RCC-PR5	Tumor	TRUE
RCC-PR5-PTumor1_CTTACCGTCAGCTTAG-1	B	RCC-PR5	Tumor	FALSE
RCC-PR5-PTumor1_CTTAGGACATTTGCCC-1	B	RCC-PR5	Tumor	TRUE
RCC-PR5-PTumor1_CTTGGCTAGAGTGAGA-1	B	RCC-PR5	Tumor	FALSE
RCC-PR5-PTumor1_GAAATGAAGCCACCTG-1	B	RCC-PR5	Tumor	FALSE
RCC-PR5-PTumor1_GAAATGAGTACGCTGC-1	B	RCC-PR5	Tumor	TRUE
RCC-PR5-PTumor1_GAACATCCAATGAATG-1	B	RCC-PR5	Tumor	FALSE
RCC-PR5-PTumor1_GAACCTAGTACAGTTC-1	B	RCC-PR5	Tumor	FALSE
RCC-PR5-PTumor1_GAATAAGCAGTTTACG-1	B	RCC-PR5	Tumor	TRUE
RCC-PR5-PTumor1_GAATGAACACCATCCT-1	B	RCC-PR5	Tumor	FALSE
RCC-PR5-PTumor1_GACCAATGTCAGGACA-1	B	RCC-PR5	Tumor	FALSE
RCC-PR5-PTumor1_GACGCGTCATACGCTA-1	B	RCC-PR5	Tumor	TRUE
RCC-PR5-PTumor1_GACGTGCTCTTGGGTA-1	B	RCC-PR5	Tumor	FALSE
RCC-PR5-PTumor1_GACGTTACAAGGACAC-1	B	RCC-PR5	Tumor	FALSE
RCC-PR5-PTumor1_GACTAACAGTCTCAAC-1	B	RCC-PR5	Tumor	FALSE
RCC-PR5-PTumor1_GACTACACAATAACGA-1	B	RCC-PR5	Tumor	TRUE
RCC-PR5-PTumor1_GAGCAGAGTCCATCCT-1	B	RCC-PR5	Tumor	FALSE
RCC-PR5-PTumor1_GATCGCGGTCAATGTC-1	B	RCC-PR5	Tumor	FALSE
RCC-PR5-PTumor1_GATGAGGGTAGTACCT-1	B	RCC-PR5	Tumor	TRUE
RCC-PR5-PTumor1_GATTCAGCAGCCTTGG-1	B	RCC-PR5	Tumor	FALSE
RCC-PR5-PTumor1_GCAAACTCAGCCTTTC-1	B	RCC-PR5	Tumor	TRUE
RCC-PR5-PTumor1_GCATACATCCGAAGAG-1	B	RCC-PR5	Tumor	FALSE
RCC-PR5-PTumor1_GCATGCGTCCTAGTGA-1	B	RCC-PR5	Tumor	FALSE
RCC-PR5-PTumor1_GCGACCAGTCTCGTTC-1	B	RCC-PR5	Tumor	FALSE
RCC-PR5-PTumor1_GCGCAACGTTGTTTGG-1	B	RCC-PR5	Tumor	FALSE
RCC-PR5-PTumor1_GCGCAACTCAAGAAGT-1	B	RCC-PR5	Tumor	FALSE
RCC-PR5-PTumor1_GCGCAGTAGGATGTAT-1	B	RCC-PR5	Tumor	TRUE
RCC-PR5-PTumor1_GCGCGATCAGCTGTAT-1	B	RCC-PR5	Tumor	FALSE
RCC-PR5-PTumor1_GCTGCTTCACAGCCCA-1	B	RCC-PR5	Tumor	FALSE
RCC-PR5-PTumor1_GCTGGGTAGTTAGCGG-1	B	RCC-PR5	Tumor	FALSE
RCC-PR5-PTumor1_GCTGGGTCAAGGCTCC-1	B	RCC-PR5	Tumor	FALSE
RCC-PR5-PTumor1_GGACGTCTCGAGAACG-1	B	RCC-PR5	Tumor	FALSE
RCC-PR5-PTumor1_GGAGCAATCGCCATAA-1	B	RCC-PR5	Tumor	TRUE
RCC-PR5-PTumor1_GGCAATTGTTCCACAA-1	B	RCC-PR5	Tumor	FALSE
RCC-PR5-PTumor1_GGCCGATGTTTGTTTC-1	B	RCC-PR5	Tumor	FALSE
RCC-PR5-PTumor1_GGCTCGACACTAAGTC-1	B	RCC-PR5	Tumor	TRUE
RCC-PR5-PTumor1_GGCTCGATCATACGGT-1	B	RCC-PR5	Tumor	TRUE
RCC-PR5-PTumor1_GGGAATGGTAAGCACG-1	B	RCC-PR5	Tumor	TRUE
RCC-PR5-PTumor1_GGGACCTGTGCACCAC-1	B	RCC-PR5	Tumor	FALSE
RCC-PR5-PTumor1_GGGCATCTCTCGTATT-1	B	RCC-PR5	Tumor	FALSE
RCC-PR5-PTumor1_GTAACGTGTAATTGGA-1	B	RCC-PR5	Tumor	TRUE
RCC-PR5-PTumor1_GTATTCTAGGATGTAT-1	B	RCC-PR5	Tumor	FALSE
RCC-PR5-PTumor1_GTCATTTCATCGGAAG-1	B	RCC-PR5	Tumor	FALSE
RCC-PR5-PTumor1_GTGAAGGGTGGCGAAT-1	B	RCC-PR5	Tumor	FALSE
RCC-PR5-PTumor1_GTGCATATCACCGTAA-1	B	RCC-PR5	Tumor	FALSE
RCC-PR5-PTumor1_GTGCTTCCAATAAGCA-1	B	RCC-PR5	Tumor	FALSE
RCC-PR5-PTumor1_GTGGGTCAGCTGTTCA-1	B	RCC-PR5	Tumor	FALSE
RCC-PR5-PTumor1_GTGTGCGGTCTTGTCC-1	B	RCC-PR5	Tumor	FALSE
RCC-PR5-PTumor1_GTGTTAGCAACTGCTA-1	B	RCC-PR5	Tumor	FALSE
RCC-PR5-PTumor1_GTGTTAGGTATATGGA-1	B	RCC-PR5	Tumor	FALSE
RCC-PR5-PTumor1_GTTACAGGTTCGGGCT-1	B	RCC-PR5	Tumor	FALSE
RCC-PR5-PTumor1_GTTCATTAGTGAAGAG-1	B	RCC-PR5	Tumor	FALSE
RCC-PR5-PTumor1_TAAGAGACATTGGGCC-1	B	RCC-PR5	Tumor	TRUE
RCC-PR5-PTumor1_TAAGAGATCTACGAGT-1	B	RCC-PR5	Tumor	FALSE
RCC-PR5-PTumor1_TACCTTAAGTGAATTG-1	B	RCC-PR5	Tumor	FALSE
RCC-PR5-PTumor1_TACGGGCGTCGACTGC-1	B	RCC-PR5	Tumor	TRUE
RCC-PR5-PTumor1_TAGCCGGTCACAATGC-1	B	RCC-PR5	Tumor	FALSE
RCC-PR5-PTumor1_TATCTCATCACTATTC-1	B	RCC-PR5	Tumor	FALSE
RCC-PR5-PTumor1_TCACAAGGTACCGGCT-1	B	RCC-PR5	Tumor	FALSE
RCC-PR5-PTumor1_TCACGAATCGGTCTAA-1	B	RCC-PR5	Tumor	FALSE
RCC-PR5-PTumor1_TCAGCAATCAGGTTCA-1	B	RCC-PR5	Tumor	TRUE
RCC-PR5-PTumor1_TCAGCTCCACACCGCA-1	B	RCC-PR5	Tumor	FALSE
RCC-PR5-PTumor1_TCAGGATTCGTGGTCG-1	B	RCC-PR5	Tumor	TRUE
RCC-PR5-PTumor1_TCAGGATTCGTTTATC-1	B	RCC-PR5	Tumor	TRUE
RCC-PR5-PTumor1_TCAGGTATCGGTCCGA-1	B	RCC-PR5	Tumor	FALSE
RCC-PR5-PTumor1_TCCACACAGGGTGTGT-1	B	RCC-PR5	Tumor	TRUE
RCC-PR5-PTumor1_TCCACACGTCGCGTGT-1	B	RCC-PR5	Tumor	FALSE
RCC-PR5-PTumor1_TCGCGAGGTGAGGCTA-1	B	RCC-PR5	Tumor	FALSE
RCC-PR5-PTumor1_TCGCGTTCAATCTGCA-1	B	RCC-PR5	Tumor	TRUE
RCC-PR5-PTumor1_TCTATTGAGGATGTAT-1	B	RCC-PR5	Tumor	FALSE
RCC-PR5-PTumor1_TCTGGAACATGGAATA-1	B	RCC-PR5	Tumor	TRUE
RCC-PR5-PTumor1_TGACAACGTAGTACCT-1	B	RCC-PR5	Tumor	TRUE
RCC-PR5-PTumor1_TGAGCCGTCGTTGACA-1	B	RCC-PR5	Tumor	FALSE
RCC-PR5-PTumor1_TGCCCATCACCGTTGG-1	B	RCC-PR5	Tumor	TRUE
RCC-PR5-PTumor1_TTAGGCAGTGGGTATG-1	B	RCC-PR5	Tumor	FALSE
RCC-PR5-PTumor1_TTCTCAAGTTGAGTTC-1	B	RCC-PR5	Tumor	TRUE
RCC-PR5-PTumor1_TTCTCCTAGCCACCTG-1	B	RCC-PR5	Tumor	FALSE
RCC-PR5-PTumor1_TTCTCCTAGTACGCCC-1	B	RCC-PR5	Tumor	FALSE
RCC-PR5-PTumor1_TTGTAGGGTCCCTTGT-1	B	RCC-PR5	Tumor	FALSE
RCC-PR5-PTumor1_TTTGCGCAGACAGGCT-1	B	RCC-PR5	Tumor	FALSE
RCC-PR5-PTumor1_TTTGCGCAGGGTATCG-1	B	RCC-PR5	Tumor	FALSE
RCC-PR5-PTumor2_AAACCTGGTGTGACCC-1	B	RCC-PR5	Tumor	FALSE
RCC-PR5-PTumor2_AAAGATGGTTCTGTTT-1	B	RCC-PR5	Tumor	FALSE
RCC-PR5-PTumor2_AAAGCAAGTACCGGCT-1	B	RCC-PR5	Tumor	FALSE
RCC-PR5-PTumor2_AAATGCCGTGGTAACG-1	B	RCC-PR5	Tumor	FALSE
RCC-PR5-PTumor2_AACCGCGAGGATGCGT-1	B	RCC-PR5	Tumor	FALSE
RCC-PR5-PTumor2_AACGTTGGTAGCGCAA-1	B	RCC-PR5	Tumor	FALSE
RCC-PR5-PTumor2_AACTCAGGTTCCGGCA-1	B	RCC-PR5	Tumor	FALSE
RCC-PR5-PTumor2_AACTGGTAGTCACGCC-1	B	RCC-PR5	Tumor	FALSE
RCC-PR5-PTumor2_AACTTTCCACAGTCGC-1	B	RCC-PR5	Tumor	TRUE
RCC-PR5-PTumor2_AACTTTCGTTTACTCT-1	B	RCC-PR5	Tumor	FALSE
RCC-PR5-PTumor2_AAGACCTTCACAACGT-1	B	RCC-PR5	Tumor	FALSE
RCC-PR5-PTumor2_AAGCCGCTCGTGGGAA-1	B	RCC-PR5	Tumor	TRUE
RCC-PR5-PTumor2_AAGGAGCTCCCAACGG-1	B	RCC-PR5	Tumor	FALSE
RCC-PR5-PTumor2_AATCCAGCAGCCACCA-1	B	RCC-PR5	Tumor	FALSE
RCC-PR5-PTumor2_AATCGGTCACCATCCT-1	B	RCC-PR5	Tumor	TRUE
RCC-PR5-PTumor2_ACCCACTCAAACTGCT-1	B	RCC-PR5	Tumor	FALSE
RCC-PR5-PTumor2_ACGCCAGGTTCGGCAC-1	B	RCC-PR5	Tumor	FALSE
RCC-PR5-PTumor2_ACGCCAGTCATCTGCC-1	B	RCC-PR5	Tumor	FALSE
RCC-PR5-PTumor2_ACGCCGAGTGTTCTTT-1	B	RCC-PR5	Tumor	FALSE
RCC-PR5-PTumor2_ACGGCCAAGACCTTTG-1	B	RCC-PR5	Tumor	FALSE
RCC-PR5-PTumor2_ACGGCCAGTTCGGGCT-1	B	RCC-PR5	Tumor	FALSE
RCC-PR5-PTumor2_ACGGGTCAGCAGCCTC-1	B	RCC-PR5	Tumor	FALSE
RCC-PR5-PTumor2_ACGTCAAAGGTGACCA-1	B	RCC-PR5	Tumor	FALSE
RCC-PR5-PTumor2_ACGTCAACATGGAATA-1	B	RCC-PR5	Tumor	FALSE
RCC-PR5-PTumor2_ACTGAGTGTTGTTTGG-1	B	RCC-PR5	Tumor	FALSE
RCC-PR5-PTumor2_ACTGCTCAGAGTAAGG-1	B	RCC-PR5	Tumor	FALSE
RCC-PR5-PTumor2_ACTTACTCAATCCGAT-1	B	RCC-PR5	Tumor	FALSE
RCC-PR5-PTumor2_ACTTTCACAAGGTTTC-1	B	RCC-PR5	Tumor	FALSE
RCC-PR5-PTumor2_AGAATAGTCCTTTCTC-1	B	RCC-PR5	Tumor	TRUE
RCC-PR5-PTumor2_AGAGCGACAACCGCCA-1	B	RCC-PR5	Tumor	FALSE
RCC-PR5-PTumor2_AGAGTGGCACATCTTT-1	B	RCC-PR5	Tumor	TRUE
RCC-PR5-PTumor2_AGATTGCTCTGCTTGC-1	B	RCC-PR5	Tumor	FALSE
RCC-PR5-PTumor2_AGCAGCCAGAAGGGTA-1	B	RCC-PR5	Tumor	FALSE
RCC-PR5-PTumor2_AGCAGCCTCACATGCA-1	B	RCC-PR5	Tumor	FALSE
RCC-PR5-PTumor2_AGCTCTCCATGGAATA-1	B	RCC-PR5	Tumor	FALSE
RCC-PR5-PTumor2_AGCTCTCTCCATGAAC-1	B	RCC-PR5	Tumor	FALSE
RCC-PR5-PTumor2_AGCTTGACATGAACCT-1	B	RCC-PR5	Tumor	FALSE
RCC-PR5-PTumor2_AGGCCGTTCTTAGAGC-1	B	RCC-PR5	Tumor	FALSE
RCC-PR5-PTumor2_AGGGTGATCATGTAGC-1	B	RCC-PR5	Tumor	FALSE
RCC-PR5-PTumor2_AGGTCCGCAGTTCATG-1	B	RCC-PR5	Tumor	FALSE
RCC-PR5-PTumor2_AGTGAGGCACGGCTAC-1	B	RCC-PR5	Tumor	FALSE
RCC-PR5-PTumor2_AGTGGGAAGAGGGCTT-1	B	RCC-PR5	Tumor	TRUE
RCC-PR5-PTumor2_AGTGTCACAAGGTGTG-1	B	RCC-PR5	Tumor	FALSE
RCC-PR5-PTumor2_AGTGTCAGTGTTTGGT-1	B	RCC-PR5	Tumor	FALSE
RCC-PR5-PTumor2_ATAACGCCATACTCTT-1	B	RCC-PR5	Tumor	FALSE
RCC-PR5-PTumor2_ATCACGAGTCGCTTTC-1	B	RCC-PR5	Tumor	FALSE
RCC-PR5-PTumor2_ATGGGAGCAGGTCTCG-1	B	RCC-PR5	Tumor	FALSE
RCC-PR5-PTumor2_ATTACTCTCTTGAGAC-1	B	RCC-PR5	Tumor	FALSE
RCC-PR5-PTumor2_ATTATCCCACACGCTG-1	B	RCC-PR5	Tumor	FALSE
RCC-PR5-PTumor2_ATTGGACAGCTAAACA-1	B	RCC-PR5	Tumor	FALSE
RCC-PR5-PTumor2_ATTGGTGGTACCATCA-1	B	RCC-PR5	Tumor	FALSE
RCC-PR5-PTumor2_CAACTAGAGACAGGCT-1	B	RCC-PR5	Tumor	FALSE
RCC-PR5-PTumor2_CAAGTTGCACGGATAG-1	B	RCC-PR5	Tumor	FALSE
RCC-PR5-PTumor2_CAAGTTGCATGCTGGC-1	B	RCC-PR5	Tumor	FALSE
RCC-PR5-PTumor2_CAAGTTGCATTCACTT-1	B	RCC-PR5	Tumor	TRUE
RCC-PR5-PTumor2_CACACAACATGTTGAC-1	B	RCC-PR5	Tumor	FALSE
RCC-PR5-PTumor2_CACACCTCACAGACTT-1	B	RCC-PR5	Tumor	FALSE
RCC-PR5-PTumor2_CACACCTTCACTTACT-1	B	RCC-PR5	Tumor	FALSE
RCC-PR5-PTumor2_CACACTCAGCACGCCT-1	B	RCC-PR5	Tumor	FALSE
RCC-PR5-PTumor2_CACACTCAGGGTATCG-1	B	RCC-PR5	Tumor	FALSE
RCC-PR5-PTumor2_CACAGTACATAGACTC-1	B	RCC-PR5	Tumor	FALSE
RCC-PR5-PTumor2_CACATAGTCGGGAGTA-1	B	RCC-PR5	Tumor	FALSE
RCC-PR5-PTumor2_CACATTTTCCTATTCA-1	B	RCC-PR5	Tumor	TRUE
RCC-PR5-PTumor2_CAGAGAGCATAGAAAC-1	B	RCC-PR5	Tumor	TRUE
RCC-PR5-PTumor2_CAGATCACACCGAAAG-1	B	RCC-PR5	Tumor	FALSE
RCC-PR5-PTumor2_CAGCAGCTCTCGTTTA-1	B	RCC-PR5	Tumor	FALSE
RCC-PR5-PTumor2_CAGCGACAGCCCAACC-1	B	RCC-PR5	Tumor	FALSE
RCC-PR5-PTumor2_CATCAGACAACACCCG-1	B	RCC-PR5	Tumor	FALSE
RCC-PR5-PTumor2_CATCCACTCATCTGTT-1	B	RCC-PR5	Tumor	FALSE
RCC-PR5-PTumor2_CATCGGGCACGGCGTT-1	B	RCC-PR5	Tumor	FALSE
RCC-PR5-PTumor2_CATCGGGCATGACGGA-1	B	RCC-PR5	Tumor	TRUE
RCC-PR5-PTumor2_CATTATCGTCCAAGTT-1	B	RCC-PR5	Tumor	FALSE
RCC-PR5-PTumor2_CATTATCGTTGCGTTA-1	B	RCC-PR5	Tumor	FALSE
RCC-PR5-PTumor2_CCAATCCGTACAGTTC-1	B	RCC-PR5	Tumor	FALSE
RCC-PR5-PTumor2_CCACGGAAGCACCGCT-1	B	RCC-PR5	Tumor	TRUE
RCC-PR5-PTumor2_CCACGGATCCCGGATG-1	B	RCC-PR5	Tumor	FALSE
RCC-PR5-PTumor2_CCATGTCCACGAGAGT-1	B	RCC-PR5	Tumor	TRUE
RCC-PR5-PTumor2_CCATTCGCAAGGTTTC-1	B	RCC-PR5	Tumor	TRUE
RCC-PR5-PTumor2_CCATTCGGTCTGGTCG-1	B	RCC-PR5	Tumor	FALSE
RCC-PR5-PTumor2_CCCAGTTGTTCCGTCT-1	B	RCC-PR5	Tumor	FALSE
RCC-PR5-PTumor2_CCCATACAGCGTGAGT-1	B	RCC-PR5	Tumor	FALSE
RCC-PR5-PTumor2_CCGGGATCATTCACTT-1	B	RCC-PR5	Tumor	FALSE
RCC-PR5-PTumor2_CCGTTCAGTCTCCCTA-1	B	RCC-PR5	Tumor	FALSE
RCC-PR5-PTumor2_CCTAAAGCAGGGTATG-1	B	RCC-PR5	Tumor	FALSE
RCC-PR5-PTumor2_CCTACCACAGGGAGAG-1	B	RCC-PR5	Tumor	FALSE
RCC-PR5-PTumor2_CCTATTATCTTGGGTA-1	B	RCC-PR5	Tumor	FALSE
RCC-PR5-PTumor2_CCTCAGTAGCCCGAAA-1	B	RCC-PR5	Tumor	FALSE
RCC-PR5-PTumor2_CCTCAGTAGTGACATA-1	B	RCC-PR5	Tumor	FALSE
RCC-PR5-PTumor2_CCTTCCCCAGATCTGT-1	B	RCC-PR5	Tumor	FALSE
RCC-PR5-PTumor2_CCTTCCCGTTACCGAT-1	B	RCC-PR5	Tumor	FALSE
RCC-PR5-PTumor2_CGAACATCAACTGCTA-1	B	RCC-PR5	Tumor	FALSE
RCC-PR5-PTumor2_CGACCTTCAAGGCTCC-1	B	RCC-PR5	Tumor	TRUE
RCC-PR5-PTumor2_CGATGGCGTCTAGGTT-1	B	RCC-PR5	Tumor	FALSE
RCC-PR5-PTumor2_CGATTGACACACCGCA-1	B	RCC-PR5	Tumor	FALSE
RCC-PR5-PTumor2_CGCCAAGAGTGGGATC-1	B	RCC-PR5	Tumor	FALSE
RCC-PR5-PTumor2_CGCGTTTCATCGGGTC-1	B	RCC-PR5	Tumor	FALSE
RCC-PR5-PTumor2_CGCTATCAGAAACGAG-1	B	RCC-PR5	Tumor	FALSE
RCC-PR5-PTumor2_CGGACGTCATACGCTA-1	B	RCC-PR5	Tumor	FALSE
RCC-PR5-PTumor2_CGGACTGAGACTAAGT-1	B	RCC-PR5	Tumor	FALSE
RCC-PR5-PTumor2_CGGGTCATCTCGCTTG-1	B	RCC-PR5	Tumor	FALSE
RCC-PR5-PTumor2_CGGTTAACATGTCCTC-1	B	RCC-PR5	Tumor	FALSE
RCC-PR5-PTumor2_CGTAGCGTCACCCTCA-1	B	RCC-PR5	Tumor	FALSE
RCC-PR5-PTumor2_CGTCTACCAGACGCAA-1	B	RCC-PR5	Tumor	FALSE
RCC-PR5-PTumor2_CGTCTACTCTTGTATC-1	B	RCC-PR5	Tumor	FALSE
RCC-PR5-PTumor2_CGTGTCTTCTTGGGTA-1	B	RCC-PR5	Tumor	FALSE
RCC-PR5-PTumor2_CTAAGACAGCACGCCT-1	B	RCC-PR5	Tumor	FALSE
RCC-PR5-PTumor2_CTAAGACAGCTAGGCA-1	B	RCC-PR5	Tumor	FALSE
RCC-PR5-PTumor2_CTAAGACGTCTCACCT-1	B	RCC-PR5	Tumor	FALSE
RCC-PR5-PTumor2_CTAAGACTCGCATGGC-1	B	RCC-PR5	Tumor	FALSE
RCC-PR5-PTumor2_CTACATTGTATTACCG-1	B	RCC-PR5	Tumor	FALSE
RCC-PR5-PTumor2_CTACATTTCCGTTGTC-1	B	RCC-PR5	Tumor	FALSE
RCC-PR5-PTumor2_CTACCCAAGTGGGTTG-1	B	RCC-PR5	Tumor	FALSE
RCC-PR5-PTumor2_CTACCCAAGTTCGCAT-1	B	RCC-PR5	Tumor	FALSE
RCC-PR5-PTumor2_CTACGTCGTGGGTCAA-1	B	RCC-PR5	Tumor	FALSE
RCC-PR5-PTumor2_CTAGAGTCAATCGGTT-1	B	RCC-PR5	Tumor	FALSE
RCC-PR5-PTumor2_CTAGAGTTCGGATGTT-1	B	RCC-PR5	Tumor	FALSE
RCC-PR5-PTumor2_CTCGGAGGTCAGAAGC-1	B	RCC-PR5	Tumor	FALSE
RCC-PR5-PTumor2_CTCGGAGGTTCGCTAA-1	B	RCC-PR5	Tumor	FALSE
RCC-PR5-PTumor2_CTCGGGACAGCGTCCA-1	B	RCC-PR5	Tumor	FALSE
RCC-PR5-PTumor2_CTCGTCACAGCTGTTA-1	B	RCC-PR5	Tumor	FALSE
RCC-PR5-PTumor2_CTCGTCATCTGGAGCC-1	B	RCC-PR5	Tumor	FALSE
RCC-PR5-PTumor2_CTCTACGTCGGCTACG-1	B	RCC-PR5	Tumor	FALSE
RCC-PR5-PTumor2_CTGAAACGTACAGACG-1	B	RCC-PR5	Tumor	FALSE
RCC-PR5-PTumor2_CTGAAGTTCGTCCGTT-1	B	RCC-PR5	Tumor	FALSE
RCC-PR5-PTumor2_CTGATCCAGCTAGTCT-1	B	RCC-PR5	Tumor	FALSE
RCC-PR5-PTumor2_CTGCGGAAGCCAGAAC-1	B	RCC-PR5	Tumor	FALSE
RCC-PR5-PTumor2_CTGCTGTGTAAGTGTA-1	B	RCC-PR5	Tumor	FALSE
RCC-PR5-PTumor2_GAACATCAGTCCATAC-1	B	RCC-PR5	Tumor	FALSE
RCC-PR5-PTumor2_GAACATCCACGCTTTC-1	B	RCC-PR5	Tumor	TRUE
RCC-PR5-PTumor2_GAACCTACACAGTCGC-1	B	RCC-PR5	Tumor	FALSE
RCC-PR5-PTumor2_GAACCTACACGAAATA-1	B	RCC-PR5	Tumor	FALSE
RCC-PR5-PTumor2_GAAGCAGTCGAGCCCA-1	B	RCC-PR5	Tumor	FALSE
RCC-PR5-PTumor2_GAATAAGCACCGGAAA-1	B	RCC-PR5	Tumor	FALSE
RCC-PR5-PTumor2_GAATGAACACCTGGTG-1	B	RCC-PR5	Tumor	FALSE
RCC-PR5-PTumor2_GACCAATGTTCCCTTG-1	B	RCC-PR5	Tumor	FALSE
RCC-PR5-PTumor2_GACGTTATCAGTACGT-1	B	RCC-PR5	Tumor	FALSE
RCC-PR5-PTumor2_GACTAACTCATGTGGT-1	B	RCC-PR5	Tumor	FALSE
RCC-PR5-PTumor2_GACTACACACAAGACG-1	B	RCC-PR5	Tumor	FALSE
RCC-PR5-PTumor2_GACTACATCCCTAACC-1	B	RCC-PR5	Tumor	FALSE
RCC-PR5-PTumor2_GAGCAGACATCGATGT-1	B	RCC-PR5	Tumor	FALSE
RCC-PR5-PTumor2_GAGGTGATCATGCTCC-1	B	RCC-PR5	Tumor	FALSE
RCC-PR5-PTumor2_GATCTAGCAAGTACCT-1	B	RCC-PR5	Tumor	FALSE
RCC-PR5-PTumor2_GATGCTACAGACGCCT-1	B	RCC-PR5	Tumor	FALSE
RCC-PR5-PTumor2_GCCAAATTCCTTGGTC-1	B	RCC-PR5	Tumor	FALSE
RCC-PR5-PTumor2_GCGCGATTCATCATTC-1	B	RCC-PR5	Tumor	FALSE
RCC-PR5-PTumor2_GCTGCGACACGAGAGT-1	B	RCC-PR5	Tumor	FALSE
RCC-PR5-PTumor2_GCTGCTTGTAGCCTCG-1	B	RCC-PR5	Tumor	TRUE
RCC-PR5-PTumor2_GCTTCCACACGCCAGT-1	B	RCC-PR5	Tumor	FALSE
RCC-PR5-PTumor2_GCTTCCAGTCCAGTAT-1	B	RCC-PR5	Tumor	FALSE
RCC-PR5-PTumor2_GCTTGAAAGGCTAGGT-1	B	RCC-PR5	Tumor	FALSE
RCC-PR5-PTumor2_GGAACTTAGAAAGTGG-1	B	RCC-PR5	Tumor	FALSE
RCC-PR5-PTumor2_GGACAAGAGTCCGTAT-1	B	RCC-PR5	Tumor	FALSE
RCC-PR5-PTumor2_GGACAGACATAGTAAG-1	B	RCC-PR5	Tumor	FALSE
RCC-PR5-PTumor2_GGAGCAAGTAAGTAGT-1	B	RCC-PR5	Tumor	FALSE
RCC-PR5-PTumor2_GGAGCAATCACCAGGC-1	B	RCC-PR5	Tumor	FALSE
RCC-PR5-PTumor2_GGCAATTCACACAGAG-1	B	RCC-PR5	Tumor	FALSE
RCC-PR5-PTumor2_GGCCGATCAAACAACA-1	B	RCC-PR5	Tumor	FALSE
RCC-PR5-PTumor2_GGCGACTAGTGACTCT-1	B	RCC-PR5	Tumor	FALSE
RCC-PR5-PTumor2_GGCTGGTAGTTTAGGA-1	B	RCC-PR5	Tumor	FALSE
RCC-PR5-PTumor2_GGGACCTCAGCTGTTA-1	B	RCC-PR5	Tumor	FALSE
RCC-PR5-PTumor2_GGGATGACAGGACCCT-1	B	RCC-PR5	Tumor	FALSE
RCC-PR5-PTumor2_GGGCATCCAGTAACGG-1	B	RCC-PR5	Tumor	FALSE
RCC-PR5-PTumor2_GGGTTGCTCTGCAAGT-1	B	RCC-PR5	Tumor	FALSE
RCC-PR5-PTumor2_GGTGTTAGTCTGCCAG-1	B	RCC-PR5	Tumor	FALSE
RCC-PR5-PTumor2_GTAACGTGTATAGTAG-1	B	RCC-PR5	Tumor	FALSE
RCC-PR5-PTumor2_GTACTCCAGGGTATCG-1	B	RCC-PR5	Tumor	FALSE
RCC-PR5-PTumor2_GTACTCCTCACTTATC-1	B	RCC-PR5	Tumor	FALSE
RCC-PR5-PTumor2_GTATCTTTCACTTCAT-1	B	RCC-PR5	Tumor	FALSE
RCC-PR5-PTumor2_GTCACAAGTAAGAGAG-1	B	RCC-PR5	Tumor	FALSE
RCC-PR5-PTumor2_GTCCTCAAGTGGAGAA-1	B	RCC-PR5	Tumor	FALSE
RCC-PR5-PTumor2_GTCTTCGGTCTCCACT-1	B	RCC-PR5	Tumor	FALSE
RCC-PR5-PTumor2_GTGCATACACGGTTTA-1	B	RCC-PR5	Tumor	TRUE
RCC-PR5-PTumor2_GTGCTTCAGCACGCCT-1	B	RCC-PR5	Tumor	FALSE
RCC-PR5-PTumor2_GTTACAGCAAGTAATG-1	B	RCC-PR5	Tumor	FALSE
RCC-PR5-PTumor2_GTTCATTCATGAAGTA-1	B	RCC-PR5	Tumor	FALSE
RCC-PR5-PTumor2_TAAACCGCAGATGGCA-1	B	RCC-PR5	Tumor	FALSE
RCC-PR5-PTumor2_TAAGAGATCGGGAGTA-1	B	RCC-PR5	Tumor	FALSE
RCC-PR5-PTumor2_TACACGATCCGTTGTC-1	B	RCC-PR5	Tumor	FALSE
RCC-PR5-PTumor2_TACAGTGTCTGGTATG-1	B	RCC-PR5	Tumor	FALSE
RCC-PR5-PTumor2_TACGGATAGGCTCATT-1	B	RCC-PR5	Tumor	FALSE
RCC-PR5-PTumor2_TACGGATTCAGCTCTC-1	B	RCC-PR5	Tumor	FALSE
RCC-PR5-PTumor2_TACGGGCAGGGTTCCC-1	B	RCC-PR5	Tumor	FALSE
RCC-PR5-PTumor2_TACGGGCAGTTGCAGG-1	B	RCC-PR5	Tumor	FALSE
RCC-PR5-PTumor2_TACGGTATCAGGCCCA-1	B	RCC-PR5	Tumor	FALSE
RCC-PR5-PTumor2_TACTCGCAGAATGTGT-1	B	RCC-PR5	Tumor	TRUE
RCC-PR5-PTumor2_TAGACCAAGCGCCTCA-1	B	RCC-PR5	Tumor	TRUE
RCC-PR5-PTumor2_TAGAGCTCAAAGTGCG-1	B	RCC-PR5	Tumor	TRUE
RCC-PR5-PTumor2_TAGGCATAGGACATTA-1	B	RCC-PR5	Tumor	FALSE
RCC-PR5-PTumor2_TAGTTGGAGGACTGGT-1	B	RCC-PR5	Tumor	FALSE
RCC-PR5-PTumor2_TATCTCACAATCTGCA-1	B	RCC-PR5	Tumor	FALSE
RCC-PR5-PTumor2_TCACAAGCAGACGCAA-1	B	RCC-PR5	Tumor	FALSE
RCC-PR5-PTumor2_TCAGCAACAAGCTGAG-1	B	RCC-PR5	Tumor	FALSE
RCC-PR5-PTumor2_TCAGGATAGGGCATGT-1	B	RCC-PR5	Tumor	FALSE
RCC-PR5-PTumor2_TCATTTGTCCAGAGGA-1	B	RCC-PR5	Tumor	FALSE
RCC-PR5-PTumor2_TCCCGATCAAGCGTAG-1	B	RCC-PR5	Tumor	TRUE
RCC-PR5-PTumor2_TCCCGATGTGACAAAT-1	B	RCC-PR5	Tumor	TRUE
RCC-PR5-PTumor2_TCGAGGCGTCTCACCT-1	B	RCC-PR5	Tumor	FALSE
RCC-PR5-PTumor2_TCTATTGAGCGAGAAA-1	B	RCC-PR5	Tumor	FALSE
RCC-PR5-PTumor2_TCTATTGTCCTTTCGG-1	B	RCC-PR5	Tumor	TRUE
RCC-PR5-PTumor2_TCTCATAAGCCAGAAC-1	B	RCC-PR5	Tumor	FALSE
RCC-PR5-PTumor2_TGAAAGATCCTGCTTG-1	B	RCC-PR5	Tumor	FALSE
RCC-PR5-PTumor2_TGACTAGAGCAGCCTC-1	B	RCC-PR5	Tumor	TRUE
RCC-PR5-PTumor2_TGACTAGCAAGGACAC-1	B	RCC-PR5	Tumor	FALSE
RCC-PR5-PTumor2_TGACTAGTCCGCATAA-1	B	RCC-PR5	Tumor	TRUE
RCC-PR5-PTumor2_TGAGCATTCACTGGGC-1	B	RCC-PR5	Tumor	FALSE
RCC-PR5-PTumor2_TGCCAAATCTTGAGAC-1	B	RCC-PR5	Tumor	TRUE
RCC-PR5-PTumor2_TGCTGCTGTAATAGCA-1	B	RCC-PR5	Tumor	FALSE
RCC-PR5-PTumor2_TGCTGCTGTCCGAATT-1	B	RCC-PR5	Tumor	FALSE
RCC-PR5-PTumor2_TGGCCAGAGTGGTCCC-1	B	RCC-PR5	Tumor	FALSE
RCC-PR5-PTumor2_TGGCGCAAGCGTCAAG-1	B	RCC-PR5	Tumor	FALSE
RCC-PR5-PTumor2_TGGCGCAAGCGTGTCC-1	B	RCC-PR5	Tumor	FALSE
RCC-PR5-PTumor2_TGGCGCACAGCCAATT-1	B	RCC-PR5	Tumor	FALSE
RCC-PR5-PTumor2_TGGGCGTCAGCTCGCA-1	B	RCC-PR5	Tumor	FALSE
RCC-PR5-PTumor2_TGGTTCCCAGTAGAGC-1	B	RCC-PR5	Tumor	FALSE
RCC-PR5-PTumor2_TGTCCCAAGCCAGTAG-1	B	RCC-PR5	Tumor	FALSE
RCC-PR5-PTumor2_TGTGGTATCCGGCACA-1	B	RCC-PR5	Tumor	FALSE
RCC-PR5-PTumor2_TGTTCCGAGATCGGGT-1	B	RCC-PR5	Tumor	FALSE
RCC-PR5-PTumor2_TTAACTCTCGACCAGC-1	B	RCC-PR5	Tumor	FALSE
RCC-PR5-PTumor2_TTCGAAGAGCGAGAAA-1	B	RCC-PR5	Tumor	TRUE
RCC-PR5-PTumor2_TTCGGTCTCTATGTGG-1	B	RCC-PR5	Tumor	FALSE
RCC-PR5-PTumor2_TTGCCGTGTTGTGGCC-1	B	RCC-PR5	Tumor	FALSE
RCC-PR5-PTumor2_TTGCGTCCACGTAAGG-1	B	RCC-PR5	Tumor	FALSE
RCC-PR5-PTumor2_TTGGCAACATAGTAAG-1	B	RCC-PR5	Tumor	FALSE
RCC-PR5-PTumor2_TTGTAGGGTCCTCCAT-1	B	RCC-PR5	Tumor	FALSE
RCC-PR5-PTumor2_TTTATGCGTTGTGGAG-1	B	RCC-PR5	Tumor	FALSE
RCC-PR5-PTumor2_TTTCCTCCACCCATGG-1	B	RCC-PR5	Tumor	FALSE
RCC-PR5-PTumor3_AAACCTGAGGAATTAC-1	B	RCC-PR5	Tumor	FALSE
RCC-PR5-PTumor3_AACCATGTCCGAAGAG-1	B	RCC-PR5	Tumor	FALSE
RCC-PR5-PTumor3_AACCGCGCACGTGAGA-1	B	RCC-PR5	Tumor	TRUE
RCC-PR5-PTumor3_AACCGCGTCCCACTTG-1	B	RCC-PR5	Tumor	FALSE
RCC-PR5-PTumor3_AACGTTGCACCAGATT-1	B	RCC-PR5	Tumor	FALSE
RCC-PR5-PTumor3_AACTCAGGTCGGCACT-1	B	RCC-PR5	Tumor	FALSE
RCC-PR5-PTumor3_AACTCCCGTGAACCTT-1	B	RCC-PR5	Tumor	FALSE
RCC-PR5-PTumor3_AACTGGTTCTAACTTC-1	B	RCC-PR5	Tumor	TRUE
RCC-PR5-PTumor3_AACTTTCAGACAGGCT-1	B	RCC-PR5	Tumor	FALSE
RCC-PR5-PTumor3_AACTTTCAGAGGACGG-1	B	RCC-PR5	Tumor	FALSE
RCC-PR5-PTumor3_AACTTTCGTGGGTATG-1	B	RCC-PR5	Tumor	FALSE
RCC-PR5-PTumor3_AACTTTCTCCACGTGG-1	B	RCC-PR5	Tumor	TRUE
RCC-PR5-PTumor3_AAGCCGCTCCAGAAGG-1	B	RCC-PR5	Tumor	TRUE
RCC-PR5-PTumor3_AAGGAGCTCGAACGGA-1	B	RCC-PR5	Tumor	FALSE
RCC-PR5-PTumor3_AAGGTTCCAGTATGCT-1	B	RCC-PR5	Tumor	FALSE
RCC-PR5-PTumor3_AAGGTTCGTTAAGAAC-1	B	RCC-PR5	Tumor	FALSE
RCC-PR5-PTumor3_AATCCAGGTCTCAACA-1	B	RCC-PR5	Tumor	FALSE
RCC-PR5-PTumor3_AATCCAGTCTGGCGAC-1	B	RCC-PR5	Tumor	TRUE
RCC-PR5-PTumor3_ACACCGGCAATGGTCT-1	B	RCC-PR5	Tumor	FALSE
RCC-PR5-PTumor3_ACACCGGGTAGCTCCG-1	B	RCC-PR5	Tumor	TRUE
RCC-PR5-PTumor3_ACAGCCGGTACTTAGC-1	B	RCC-PR5	Tumor	TRUE
RCC-PR5-PTumor3_ACATCAGTCTTTAGGG-1	B	RCC-PR5	Tumor	FALSE
RCC-PR5-PTumor3_ACCAGTAGTGCCTGTG-1	B	RCC-PR5	Tumor	FALSE
RCC-PR5-PTumor3_ACCTTTAAGGATTCGG-1	B	RCC-PR5	Tumor	FALSE
RCC-PR5-PTumor3_ACGCCGAAGTTAGGTA-1	B	RCC-PR5	Tumor	FALSE
RCC-PR5-PTumor3_ACGCCGATCGGCGGTT-1	B	RCC-PR5	Tumor	FALSE
RCC-PR5-PTumor3_ACGGAGACACTATCTT-1	B	RCC-PR5	Tumor	FALSE
RCC-PR5-PTumor3_ACGGCCAGTCGCATCG-1	B	RCC-PR5	Tumor	TRUE
RCC-PR5-PTumor3_ACGGGTCTCGGATGGA-1	B	RCC-PR5	Tumor	FALSE
RCC-PR5-PTumor3_ACTGATGTCGCCGTGA-1	B	RCC-PR5	Tumor	FALSE
RCC-PR5-PTumor3_ACTTACTAGCCCAATT-1	B	RCC-PR5	Tumor	FALSE
RCC-PR5-PTumor3_ACTTGTTAGAAACCTA-1	B	RCC-PR5	Tumor	FALSE
RCC-PR5-PTumor3_ACTTGTTGTCTCCCTA-1	B	RCC-PR5	Tumor	TRUE
RCC-PR5-PTumor3_ACTTTCAAGCAGACTG-1	B	RCC-PR5	Tumor	FALSE
RCC-PR5-PTumor3_AGATCTGGTCTAGTCA-1	B	RCC-PR5	Tumor	TRUE
RCC-PR5-PTumor3_AGATCTGGTTCCTCCA-1	B	RCC-PR5	Tumor	FALSE
RCC-PR5-PTumor3_AGATTGCAGAAAGTGG-1	B	RCC-PR5	Tumor	FALSE
RCC-PR5-PTumor3_AGCCTAAGTCTGCCAG-1	B	RCC-PR5	Tumor	FALSE
RCC-PR5-PTumor3_AGCGGTCGTCTGCAAT-1	B	RCC-PR5	Tumor	TRUE
RCC-PR5-PTumor3_AGCTCCTAGGAATGGA-1	B	RCC-PR5	Tumor	FALSE
RCC-PR5-PTumor3_AGCTCCTGTTAAAGTG-1	B	RCC-PR5	Tumor	FALSE
RCC-PR5-PTumor3_AGCTTGACAGTATGCT-1	B	RCC-PR5	Tumor	TRUE
RCC-PR5-PTumor3_AGGGATGGTACGCACC-1	B	RCC-PR5	Tumor	FALSE
RCC-PR5-PTumor3_AGGGATGGTCTTGCGG-1	B	RCC-PR5	Tumor	FALSE
RCC-PR5-PTumor3_AGGGTGACAGCCTATA-1	B	RCC-PR5	Tumor	FALSE
RCC-PR5-PTumor3_AGTGAGGCACGGCCAT-1	B	RCC-PR5	Tumor	FALSE
RCC-PR5-PTumor3_AGTGAGGGTCTAAACC-1	B	RCC-PR5	Tumor	FALSE
RCC-PR5-PTumor3_AGTGGGACAGCCTTTC-1	B	RCC-PR5	Tumor	TRUE
RCC-PR5-PTumor3_AGTGGGAGTGACCAAG-1	B	RCC-PR5	Tumor	TRUE
RCC-PR5-PTumor3_AGTGGGAGTGCCTTGG-1	B	RCC-PR5	Tumor	FALSE
RCC-PR5-PTumor3_AGTGTCATCACCACCT-1	B	RCC-PR5	Tumor	FALSE
RCC-PR5-PTumor3_AGTTGGTAGACTTTCG-1	B	RCC-PR5	Tumor	FALSE
RCC-PR5-PTumor3_AGTTGGTAGCTTATCG-1	B	RCC-PR5	Tumor	TRUE
RCC-PR5-PTumor3_AGTTGGTGTGTCAATC-1	B	RCC-PR5	Tumor	FALSE
RCC-PR5-PTumor3_ATAACGCAGGTAAACT-1	B	RCC-PR5	Tumor	FALSE
RCC-PR5-PTumor3_ATCACGAGTTCACGGC-1	B	RCC-PR5	Tumor	TRUE
RCC-PR5-PTumor3_ATCATCTCAAGGGTCA-1	B	RCC-PR5	Tumor	FALSE
RCC-PR5-PTumor3_ATCATGGAGCCCGAAA-1	B	RCC-PR5	Tumor	FALSE
RCC-PR5-PTumor3_ATCCACCTCAAAGTAG-1	B	RCC-PR5	Tumor	TRUE
RCC-PR5-PTumor3_ATCCGAAAGACAGAGA-1	B	RCC-PR5	Tumor	TRUE
RCC-PR5-PTumor3_ATCGAGTTCCCAAGTA-1	B	RCC-PR5	Tumor	FALSE
RCC-PR5-PTumor3_ATCTACTAGATACACA-1	B	RCC-PR5	Tumor	FALSE
RCC-PR5-PTumor3_ATCTACTAGCGTGAAC-1	B	RCC-PR5	Tumor	FALSE
RCC-PR5-PTumor3_ATCTGCCTCAGCGATT-1	B	RCC-PR5	Tumor	FALSE
RCC-PR5-PTumor3_ATCTGCCTCATACGGT-1	B	RCC-PR5	Tumor	FALSE
RCC-PR5-PTumor3_ATGAGGGCAATGGAGC-1	B	RCC-PR5	Tumor	FALSE
RCC-PR5-PTumor3_ATGAGGGGTTACGCGC-1	B	RCC-PR5	Tumor	FALSE
RCC-PR5-PTumor3_ATGAGGGGTTATGCGT-1	B	RCC-PR5	Tumor	FALSE
RCC-PR5-PTumor3_ATTCTACCAGGAATGC-1	B	RCC-PR5	Tumor	FALSE
RCC-PR5-PTumor3_CAACTAGAGTAGATGT-1	B	RCC-PR5	Tumor	FALSE
RCC-PR5-PTumor3_CAACTAGTCGGAATCT-1	B	RCC-PR5	Tumor	TRUE
RCC-PR5-PTumor3_CAAGATCCATTTGCCC-1	B	RCC-PR5	Tumor	FALSE
RCC-PR5-PTumor3_CAAGATCGTATATCCG-1	B	RCC-PR5	Tumor	FALSE
RCC-PR5-PTumor3_CAAGTTGTCAGGTAAA-1	B	RCC-PR5	Tumor	FALSE
RCC-PR5-PTumor3_CACACAAGTTCACCTC-1	B	RCC-PR5	Tumor	FALSE
RCC-PR5-PTumor3_CACAGTAAGTCATGCT-1	B	RCC-PR5	Tumor	FALSE
RCC-PR5-PTumor3_CAGAATCAGATGTGTA-1	B	RCC-PR5	Tumor	FALSE
RCC-PR5-PTumor3_CAGAATCTCCAAGTAC-1	B	RCC-PR5	Tumor	FALSE
RCC-PR5-PTumor3_CAGCGACCAGCTGTAT-1	B	RCC-PR5	Tumor	FALSE
RCC-PR5-PTumor3_CAGCTAAGTGCCTGCA-1	B	RCC-PR5	Tumor	FALSE
RCC-PR5-PTumor3_CAGCTGGAGTCGTACT-1	B	RCC-PR5	Tumor	FALSE
RCC-PR5-PTumor3_CAGGTGCTCCATTCTA-1	B	RCC-PR5	Tumor	FALSE
RCC-PR5-PTumor3_CATCAAGGTCGCGAAA-1	B	RCC-PR5	Tumor	FALSE
RCC-PR5-PTumor3_CATCCACAGGGTATCG-1	B	RCC-PR5	Tumor	FALSE
RCC-PR5-PTumor3_CATCGGGCAGCTGCAC-1	B	RCC-PR5	Tumor	FALSE
RCC-PR5-PTumor3_CATCGGGGTAAGAGGA-1	B	RCC-PR5	Tumor	FALSE
RCC-PR5-PTumor3_CATCGGGGTTCCACAA-1	B	RCC-PR5	Tumor	FALSE
RCC-PR5-PTumor3_CATTCGCAGAAACGAG-1	B	RCC-PR5	Tumor	FALSE
RCC-PR5-PTumor3_CCAATCCCACGACTCG-1	B	RCC-PR5	Tumor	FALSE
RCC-PR5-PTumor3_CCACCTATCTGGGCCA-1	B	RCC-PR5	Tumor	FALSE
RCC-PR5-PTumor3_CCACGGATCAGGTAAA-1	B	RCC-PR5	Tumor	TRUE
RCC-PR5-PTumor3_CCACTACAGGCGTACA-1	B	RCC-PR5	Tumor	TRUE
RCC-PR5-PTumor3_CCACTACTCAAAGTAG-1	B	RCC-PR5	Tumor	FALSE
RCC-PR5-PTumor3_CCACTACTCTCGGACG-1	B	RCC-PR5	Tumor	FALSE
RCC-PR5-PTumor3_CCATGTCCACCGGAAA-1	B	RCC-PR5	Tumor	FALSE
RCC-PR5-PTumor3_CCCAGTTGTTAAGAAC-1	B	RCC-PR5	Tumor	FALSE
RCC-PR5-PTumor3_CCCTCCTCAGATAATG-1	B	RCC-PR5	Tumor	FALSE
RCC-PR5-PTumor3_CCCTCCTCAGCGTTCG-1	B	RCC-PR5	Tumor	FALSE
RCC-PR5-PTumor3_CCGGGATAGCCCAACC-1	B	RCC-PR5	Tumor	FALSE
RCC-PR5-PTumor3_CCGGGATTCAATCTCT-1	B	RCC-PR5	Tumor	FALSE
RCC-PR5-PTumor3_CCTACACTCATGTCCC-1	B	RCC-PR5	Tumor	TRUE
RCC-PR5-PTumor3_CCTAGCTGTACTTAGC-1	B	RCC-PR5	Tumor	FALSE
RCC-PR5-PTumor3_CCTTACGAGATGGGTC-1	B	RCC-PR5	Tumor	FALSE
RCC-PR5-PTumor3_CCTTCGATCACCACCT-1	B	RCC-PR5	Tumor	TRUE
RCC-PR5-PTumor3_CCTTTCTCACATGTGT-1	B	RCC-PR5	Tumor	FALSE
RCC-PR5-PTumor3_CGAACATAGAGCTTCT-1	B	RCC-PR5	Tumor	FALSE
RCC-PR5-PTumor3_CGACCTTGTAGAGTGC-1	B	RCC-PR5	Tumor	FALSE
RCC-PR5-PTumor3_CGAGCACGTCCAGTTA-1	B	RCC-PR5	Tumor	FALSE
RCC-PR5-PTumor3_CGAGCCAAGTGGGTTG-1	B	RCC-PR5	Tumor	TRUE
RCC-PR5-PTumor3_CGATGTATCCAGGGCT-1	B	RCC-PR5	Tumor	FALSE
RCC-PR5-PTumor3_CGCCAAGTCAGGCAAG-1	B	RCC-PR5	Tumor	FALSE
RCC-PR5-PTumor3_CGCGGTACATCGGTTA-1	B	RCC-PR5	Tumor	FALSE
RCC-PR5-PTumor3_CGCGGTATCTGATACG-1	B	RCC-PR5	Tumor	FALSE
RCC-PR5-PTumor3_CGGACACAGGCGACAT-1	B	RCC-PR5	Tumor	FALSE
RCC-PR5-PTumor3_CGGAGTCGTAATTGGA-1	B	RCC-PR5	Tumor	FALSE
RCC-PR5-PTumor3_CGGCTAGCACCGAAAG-1	B	RCC-PR5	Tumor	FALSE
RCC-PR5-PTumor3_CGTGAGCCAGATCTGT-1	B	RCC-PR5	Tumor	FALSE
RCC-PR5-PTumor3_CGTTGGGCACTGTTAG-1	B	RCC-PR5	Tumor	FALSE
RCC-PR5-PTumor3_CGTTGGGTCAGTACGT-1	B	RCC-PR5	Tumor	FALSE
RCC-PR5-PTumor3_CGTTGGGTCTACTATC-1	B	RCC-PR5	Tumor	FALSE
RCC-PR5-PTumor3_CTAACTTAGGGCTTGA-1	B	RCC-PR5	Tumor	TRUE
RCC-PR5-PTumor3_CTAACTTGTCACTGGC-1	B	RCC-PR5	Tumor	FALSE
RCC-PR5-PTumor3_CTAAGACAGACATAAC-1	B	RCC-PR5	Tumor	FALSE
RCC-PR5-PTumor3_CTAATGGGTAGGCTGA-1	B	RCC-PR5	Tumor	FALSE
RCC-PR5-PTumor3_CTAATGGTCAGTCCCT-1	B	RCC-PR5	Tumor	TRUE
RCC-PR5-PTumor3_CTCAGAAAGGTGCACA-1	B	RCC-PR5	Tumor	FALSE
RCC-PR5-PTumor3_CTCAGAATCATCGCTC-1	B	RCC-PR5	Tumor	FALSE
RCC-PR5-PTumor3_CTCCTAGCAGGCAGTA-1	B	RCC-PR5	Tumor	FALSE
RCC-PR5-PTumor3_CTCGAAATCTGGAGCC-1	B	RCC-PR5	Tumor	TRUE
RCC-PR5-PTumor3_CTCGGAGAGATCCCAT-1	B	RCC-PR5	Tumor	FALSE
RCC-PR5-PTumor3_CTCGGGAAGCTGGAAC-1	B	RCC-PR5	Tumor	FALSE
RCC-PR5-PTumor3_CTCGGGACACCGCTAG-1	B	RCC-PR5	Tumor	FALSE
RCC-PR5-PTumor3_CTCGTCAAGCCTATGT-1	B	RCC-PR5	Tumor	FALSE
RCC-PR5-PTumor3_CTCTAATAGCTGGAAC-1	B	RCC-PR5	Tumor	FALSE
RCC-PR5-PTumor3_CTCTAATGTCTAACGT-1	B	RCC-PR5	Tumor	FALSE
RCC-PR5-PTumor3_CTCTGGTTCCGCTGTT-1	B	RCC-PR5	Tumor	FALSE
RCC-PR5-PTumor3_CTGAAACTCGTAGATC-1	B	RCC-PR5	Tumor	FALSE
RCC-PR5-PTumor3_CTGCGGAGTAGAGGAA-1	B	RCC-PR5	Tumor	TRUE
RCC-PR5-PTumor3_CTGCGGATCACCACCT-1	B	RCC-PR5	Tumor	FALSE
RCC-PR5-PTumor3_CTGCTGTAGCCACCTG-1	B	RCC-PR5	Tumor	FALSE
RCC-PR5-PTumor3_CTGCTGTTCCTTTCTC-1	B	RCC-PR5	Tumor	FALSE
RCC-PR5-PTumor3_CTGTGCTCACATGTGT-1	B	RCC-PR5	Tumor	FALSE
RCC-PR5-PTumor3_CTTACCGTCACCTCGT-1	B	RCC-PR5	Tumor	TRUE
RCC-PR5-PTumor3_GAAACTCCAGCCAGAA-1	B	RCC-PR5	Tumor	FALSE
RCC-PR5-PTumor3_GAAATGACAACACCCG-1	B	RCC-PR5	Tumor	FALSE
RCC-PR5-PTumor3_GAACATCAGGCGCTCT-1	B	RCC-PR5	Tumor	FALSE
RCC-PR5-PTumor3_GAACATCGTGCCTGTG-1	B	RCC-PR5	Tumor	FALSE
RCC-PR5-PTumor3_GAACGGAAGTCCATAC-1	B	RCC-PR5	Tumor	FALSE
RCC-PR5-PTumor3_GAACGGATCACTGGGC-1	B	RCC-PR5	Tumor	FALSE
RCC-PR5-PTumor3_GAAGCAGGTTGTCTTT-1	B	RCC-PR5	Tumor	FALSE
RCC-PR5-PTumor3_GAATAAGAGCGTAATA-1	B	RCC-PR5	Tumor	FALSE
RCC-PR5-PTumor3_GAATGAAAGAAGGTTT-1	B	RCC-PR5	Tumor	TRUE
RCC-PR5-PTumor3_GAATGAATCTCTAGGA-1	B	RCC-PR5	Tumor	TRUE
RCC-PR5-PTumor3_GACACGCTCCCACTTG-1	B	RCC-PR5	Tumor	TRUE
RCC-PR5-PTumor3_GACAGAGTCCTCGCAT-1	B	RCC-PR5	Tumor	FALSE
RCC-PR5-PTumor3_GACAGAGTCGCAAACT-1	B	RCC-PR5	Tumor	TRUE
RCC-PR5-PTumor3_GACGCGTAGCCGCCTA-1	B	RCC-PR5	Tumor	TRUE
RCC-PR5-PTumor3_GACGCGTCACTACAGT-1	B	RCC-PR5	Tumor	FALSE
RCC-PR5-PTumor3_GACGGCTGTGGTAACG-1	B	RCC-PR5	Tumor	FALSE
RCC-PR5-PTumor3_GACGTTACATACAGCT-1	B	RCC-PR5	Tumor	FALSE
RCC-PR5-PTumor3_GACGTTATCTCCAACC-1	B	RCC-PR5	Tumor	FALSE
RCC-PR5-PTumor3_GACTAACTCCCAACGG-1	B	RCC-PR5	Tumor	TRUE
RCC-PR5-PTumor3_GACTACATCGGCTACG-1	B	RCC-PR5	Tumor	TRUE
RCC-PR5-PTumor3_GAGTCCGAGTTACGGG-1	B	RCC-PR5	Tumor	FALSE
RCC-PR5-PTumor3_GATCGCGAGTTACCCA-1	B	RCC-PR5	Tumor	FALSE
RCC-PR5-PTumor3_GATCGCGCACATCCAA-1	B	RCC-PR5	Tumor	FALSE
RCC-PR5-PTumor3_GATCGCGTCCGCTGTT-1	B	RCC-PR5	Tumor	FALSE
RCC-PR5-PTumor3_GATCTAGAGTGCCAGA-1	B	RCC-PR5	Tumor	FALSE
RCC-PR5-PTumor3_GATGAGGGTCTAGAGG-1	B	RCC-PR5	Tumor	FALSE
RCC-PR5-PTumor3_GATGCTAGTTGGTAAA-1	B	RCC-PR5	Tumor	FALSE
RCC-PR5-PTumor3_GCAAACTTCCTCATTA-1	B	RCC-PR5	Tumor	TRUE
RCC-PR5-PTumor3_GCAATCATCTGCAAGT-1	B	RCC-PR5	Tumor	FALSE
RCC-PR5-PTumor3_GCACTCTTCAGAAATG-1	B	RCC-PR5	Tumor	FALSE
RCC-PR5-PTumor3_GCATGATTCTATCCCG-1	B	RCC-PR5	Tumor	FALSE
RCC-PR5-PTumor3_GCATGTATCAGTCAGT-1	B	RCC-PR5	Tumor	FALSE
RCC-PR5-PTumor3_GCGAGAAGTCGGCTCA-1	B	RCC-PR5	Tumor	FALSE
RCC-PR5-PTumor3_GCGCAACAGGATTCGG-1	B	RCC-PR5	Tumor	FALSE
RCC-PR5-PTumor3_GCGCAGTAGCTAGTGG-1	B	RCC-PR5	Tumor	FALSE
RCC-PR5-PTumor3_GCGCAGTTCGAGAACG-1	B	RCC-PR5	Tumor	TRUE
RCC-PR5-PTumor3_GCGGGTTAGTGTACGG-1	B	RCC-PR5	Tumor	TRUE
RCC-PR5-PTumor3_GCTCTGTGTTGTGGCC-1	B	RCC-PR5	Tumor	FALSE
RCC-PR5-PTumor3_GCTGCTTGTCTAGCGC-1	B	RCC-PR5	Tumor	FALSE
RCC-PR5-PTumor3_GCTTGAAAGGTACTCT-1	B	RCC-PR5	Tumor	FALSE
RCC-PR5-PTumor3_GGAAAGCCAATAACGA-1	B	RCC-PR5	Tumor	FALSE
RCC-PR5-PTumor3_GGAAAGCTCTGGGCCA-1	B	RCC-PR5	Tumor	TRUE
RCC-PR5-PTumor3_GGAACTTTCTGCTGCT-1	B	RCC-PR5	Tumor	TRUE
RCC-PR5-PTumor3_GGACAAGAGGCCCGTT-1	B	RCC-PR5	Tumor	FALSE
RCC-PR5-PTumor3_GGACAAGGTTCGGCAC-1	B	RCC-PR5	Tumor	TRUE
RCC-PR5-PTumor3_GGACAGAAGAGCTTCT-1	B	RCC-PR5	Tumor	TRUE
RCC-PR5-PTumor3_GGATTACGTCAGGACA-1	B	RCC-PR5	Tumor	FALSE
RCC-PR5-PTumor3_GGCCGATGTTCCTCCA-1	B	RCC-PR5	Tumor	FALSE
RCC-PR5-PTumor3_GGCGACTAGGGCATGT-1	B	RCC-PR5	Tumor	TRUE
RCC-PR5-PTumor3_GGGTCTGCACGTCTCT-1	B	RCC-PR5	Tumor	FALSE
RCC-PR5-PTumor3_GGGTCTGTCCGAGCCA-1	B	RCC-PR5	Tumor	FALSE
RCC-PR5-PTumor3_GGTATTGCAAACTGCT-1	B	RCC-PR5	Tumor	FALSE
RCC-PR5-PTumor3_GGTGCGTGTCTACCTC-1	B	RCC-PR5	Tumor	FALSE
RCC-PR5-PTumor3_GGTGTTACACTTACGA-1	B	RCC-PR5	Tumor	FALSE
RCC-PR5-PTumor3_GTAACGTCAGCGTCCA-1	B	RCC-PR5	Tumor	FALSE
RCC-PR5-PTumor3_GTACTCCTCGCCCTTA-1	B	RCC-PR5	Tumor	FALSE
RCC-PR5-PTumor3_GTAGGCCGTCTCACCT-1	B	RCC-PR5	Tumor	FALSE
RCC-PR5-PTumor3_GTCGGGTAGGATGTAT-1	B	RCC-PR5	Tumor	FALSE
RCC-PR5-PTumor3_GTCGGGTTCCTCCTAG-1	B	RCC-PR5	Tumor	FALSE
RCC-PR5-PTumor3_GTCGTAAAGAAGCCCA-1	B	RCC-PR5	Tumor	TRUE
RCC-PR5-PTumor3_GTCGTAATCGTGACAT-1	B	RCC-PR5	Tumor	FALSE
RCC-PR5-PTumor3_GTCTCGTAGCTACCTA-1	B	RCC-PR5	Tumor	FALSE
RCC-PR5-PTumor3_GTGCATATCAGCGATT-1	B	RCC-PR5	Tumor	FALSE
RCC-PR5-PTumor3_GTGTGCGTCGCCCTTA-1	B	RCC-PR5	Tumor	FALSE
RCC-PR5-PTumor3_GTTAAGCTCGGAAATA-1	B	RCC-PR5	Tumor	FALSE
RCC-PR5-PTumor3_GTTACAGCATCCGCGA-1	B	RCC-PR5	Tumor	FALSE
RCC-PR5-PTumor3_GTTACAGTCCTGTACC-1	B	RCC-PR5	Tumor	FALSE
RCC-PR5-PTumor3_GTTTCTACATGCAACT-1	B	RCC-PR5	Tumor	FALSE
RCC-PR5-PTumor3_TAAGAGAAGTGGACGT-1	B	RCC-PR5	Tumor	TRUE
RCC-PR5-PTumor3_TAAGAGACAGGTGGAT-1	B	RCC-PR5	Tumor	FALSE
RCC-PR5-PTumor3_TAAGCGTAGGACCACA-1	B	RCC-PR5	Tumor	FALSE
RCC-PR5-PTumor3_TAAGTGCGTAATAGCA-1	B	RCC-PR5	Tumor	FALSE
RCC-PR5-PTumor3_TACAGTGAGTGCCATT-1	B	RCC-PR5	Tumor	TRUE
RCC-PR5-PTumor3_TACAGTGGTTCGTCTC-1	B	RCC-PR5	Tumor	FALSE
RCC-PR5-PTumor3_TACCTATGTTCCCTTG-1	B	RCC-PR5	Tumor	FALSE
RCC-PR5-PTumor3_TACGGGCAGGCTAGCA-1	B	RCC-PR5	Tumor	FALSE
RCC-PR5-PTumor3_TACGGGCGTAAGTGTA-1	B	RCC-PR5	Tumor	FALSE
RCC-PR5-PTumor3_TACGGTAAGATGAGAG-1	B	RCC-PR5	Tumor	FALSE
RCC-PR5-PTumor3_TACGGTAGTTCAACCA-1	B	RCC-PR5	Tumor	FALSE
RCC-PR5-PTumor3_TACGGTAGTTGTGGAG-1	B	RCC-PR5	Tumor	FALSE
RCC-PR5-PTumor3_TAGACCAAGTCAAGCG-1	B	RCC-PR5	Tumor	FALSE
RCC-PR5-PTumor3_TAGACCATCTGTTTGT-1	B	RCC-PR5	Tumor	FALSE
RCC-PR5-PTumor3_TAGCCGGCATCCGCGA-1	B	RCC-PR5	Tumor	TRUE
RCC-PR5-PTumor3_TAGCCGGTCAGTGCAT-1	B	RCC-PR5	Tumor	TRUE
RCC-PR5-PTumor3_TAGTTGGAGCCACTAT-1	B	RCC-PR5	Tumor	TRUE
RCC-PR5-PTumor3_TAGTTGGAGGTAGCCA-1	B	RCC-PR5	Tumor	FALSE
RCC-PR5-PTumor3_TAGTTGGCACAGCGTC-1	B	RCC-PR5	Tumor	FALSE
RCC-PR5-PTumor3_TAGTTGGGTTCGTGAT-1	B	RCC-PR5	Tumor	FALSE
RCC-PR5-PTumor3_TATCAGGCATGACGGA-1	B	RCC-PR5	Tumor	FALSE
RCC-PR5-PTumor3_TATGCCCAGAGTGACC-1	B	RCC-PR5	Tumor	FALSE
RCC-PR5-PTumor3_TCAATCTCAGGTGGAT-1	B	RCC-PR5	Tumor	FALSE
RCC-PR5-PTumor3_TCAATCTGTAGGGACT-1	B	RCC-PR5	Tumor	FALSE
RCC-PR5-PTumor3_TCACAAGCATCTATGG-1	B	RCC-PR5	Tumor	FALSE
RCC-PR5-PTumor3_TCACGAATCTTGAGAC-1	B	RCC-PR5	Tumor	FALSE
RCC-PR5-PTumor3_TCAGATGCAGTGGAGT-1	B	RCC-PR5	Tumor	FALSE
RCC-PR5-PTumor3_TCAGATGGTGAAATCA-1	B	RCC-PR5	Tumor	TRUE
RCC-PR5-PTumor3_TCAGCAAGTGCATCTA-1	B	RCC-PR5	Tumor	TRUE
RCC-PR5-PTumor3_TCAGGATTCCTGTAGA-1	B	RCC-PR5	Tumor	FALSE
RCC-PR5-PTumor3_TCAGGTAGTGACGGTA-1	B	RCC-PR5	Tumor	FALSE
RCC-PR5-PTumor3_TCATTACTCTCTTATG-1	B	RCC-PR5	Tumor	FALSE
RCC-PR5-PTumor3_TCCCGATAGCTGAACG-1	B	RCC-PR5	Tumor	TRUE
RCC-PR5-PTumor3_TCGCGTTAGCTAGCCC-1	B	RCC-PR5	Tumor	TRUE
RCC-PR5-PTumor3_TCGCGTTGTCTGGTCG-1	B	RCC-PR5	Tumor	FALSE
RCC-PR5-PTumor3_TCGGTAACACACGCTG-1	B	RCC-PR5	Tumor	FALSE
RCC-PR5-PTumor3_TCGGTAACATCACGTA-1	B	RCC-PR5	Tumor	FALSE
RCC-PR5-PTumor3_TCGGTAAGTAGAAAGG-1	B	RCC-PR5	Tumor	FALSE
RCC-PR5-PTumor3_TCGTACCCACGCATCG-1	B	RCC-PR5	Tumor	FALSE
RCC-PR5-PTumor3_TCGTAGAGTCTAGAGG-1	B	RCC-PR5	Tumor	FALSE
RCC-PR5-PTumor3_TCTATTGAGGGCATGT-1	B	RCC-PR5	Tumor	FALSE
RCC-PR5-PTumor3_TCTATTGCACATTTCT-1	B	RCC-PR5	Tumor	FALSE
RCC-PR5-PTumor3_TCTATTGCATGCAACT-1	B	RCC-PR5	Tumor	TRUE
RCC-PR5-PTumor3_TCTATTGTCCCTTGTG-1	B	RCC-PR5	Tumor	FALSE
RCC-PR5-PTumor3_TCTGAGACAAGGTTTC-1	B	RCC-PR5	Tumor	FALSE
RCC-PR5-PTumor3_TCTGGAAAGCTGCCCA-1	B	RCC-PR5	Tumor	FALSE
RCC-PR5-PTumor3_TCTGGAATCATAACCG-1	B	RCC-PR5	Tumor	FALSE
RCC-PR5-PTumor3_TCTTCGGAGAATTGTG-1	B	RCC-PR5	Tumor	FALSE
RCC-PR5-PTumor3_TGACTAGCATATGCTG-1	B	RCC-PR5	Tumor	FALSE
RCC-PR5-PTumor3_TGAGAGGCACTACAGT-1	B	RCC-PR5	Tumor	FALSE
RCC-PR5-PTumor3_TGAGAGGTCTATCGCC-1	B	RCC-PR5	Tumor	TRUE
RCC-PR5-PTumor3_TGAGCCGGTTCCGTCT-1	B	RCC-PR5	Tumor	FALSE
RCC-PR5-PTumor3_TGCCCATTCCATGCTC-1	B	RCC-PR5	Tumor	FALSE
RCC-PR5-PTumor3_TGCGCAGTCATAGCAC-1	B	RCC-PR5	Tumor	FALSE
RCC-PR5-PTumor3_TGCGGGTAGTCTTGCA-1	B	RCC-PR5	Tumor	FALSE
RCC-PR5-PTumor3_TGCGGGTCATTACCTT-1	B	RCC-PR5	Tumor	FALSE
RCC-PR5-PTumor3_TGCGGGTTCGCAAACT-1	B	RCC-PR5	Tumor	TRUE
RCC-PR5-PTumor3_TGCTACCAGCTCCTCT-1	B	RCC-PR5	Tumor	FALSE
RCC-PR5-PTumor3_TGCTACCAGGAATGGA-1	B	RCC-PR5	Tumor	TRUE
RCC-PR5-PTumor3_TGCTACCAGTCAAGGC-1	B	RCC-PR5	Tumor	FALSE
RCC-PR5-PTumor3_TGCTACCGTATGCTTG-1	B	RCC-PR5	Tumor	TRUE
RCC-PR5-PTumor3_TGGACGCTCGAATGGG-1	B	RCC-PR5	Tumor	FALSE
RCC-PR5-PTumor3_TGGCCAGCACACAGAG-1	B	RCC-PR5	Tumor	FALSE
RCC-PR5-PTumor3_TGGCTGGAGTACGCGA-1	B	RCC-PR5	Tumor	FALSE
RCC-PR5-PTumor3_TGGCTGGCAAGCTGAG-1	B	RCC-PR5	Tumor	FALSE
RCC-PR5-PTumor3_TGGCTGGTCAGAGACG-1	B	RCC-PR5	Tumor	TRUE
RCC-PR5-PTumor3_TGGGAAGGTTACGCGC-1	B	RCC-PR5	Tumor	TRUE
RCC-PR5-PTumor3_TGGGCGTGTTTCCACC-1	B	RCC-PR5	Tumor	FALSE
RCC-PR5-PTumor3_TGTCCCATCTATCCTA-1	B	RCC-PR5	Tumor	FALSE
RCC-PR5-PTumor3_TGTGGTAAGAATGTGT-1	B	RCC-PR5	Tumor	TRUE
RCC-PR5-PTumor3_TGTGGTAAGTACGATA-1	B	RCC-PR5	Tumor	FALSE
RCC-PR5-PTumor3_TGTGGTACAGGGATTG-1	B	RCC-PR5	Tumor	FALSE
RCC-PR5-PTumor3_TGTGTTTGTCGCATCG-1	B	RCC-PR5	Tumor	FALSE
RCC-PR5-PTumor3_TGTTCCGAGTTTGCGT-1	B	RCC-PR5	Tumor	TRUE
RCC-PR5-PTumor3_TTAGGACCAACCGCCA-1	B	RCC-PR5	Tumor	FALSE
RCC-PR5-PTumor3_TTAGGACGTCTAGCCG-1	B	RCC-PR5	Tumor	FALSE
RCC-PR5-PTumor3_TTAGGCACAGTCACTA-1	B	RCC-PR5	Tumor	FALSE
RCC-PR5-PTumor3_TTCCCAGGTGTATGGG-1	B	RCC-PR5	Tumor	FALSE
RCC-PR5-PTumor3_TTCGGTCTCTTACCTA-1	B	RCC-PR5	Tumor	FALSE
RCC-PR5-PTumor3_TTCTACACATTGAGCT-1	B	RCC-PR5	Tumor	TRUE
RCC-PR5-PTumor3_TTCTCAATCCGAATGT-1	B	RCC-PR5	Tumor	FALSE
RCC-PR5-PTumor3_TTCTCCTAGATCCCAT-1	B	RCC-PR5	Tumor	TRUE
RCC-PR5-PTumor3_TTCTTAGAGGTAGCTG-1	B	RCC-PR5	Tumor	FALSE
RCC-PR5-PTumor3_TTCTTAGGTGTCAATC-1	B	RCC-PR5	Tumor	FALSE
RCC-PR5-PTumor3_TTGACTTAGAGGGCTT-1	B	RCC-PR5	Tumor	TRUE
RCC-PR5-PTumor3_TTGACTTCAAGCCTAT-1	B	RCC-PR5	Tumor	FALSE
RCC-PR5-PTumor3_TTGCCGTGTCTAGAGG-1	B	RCC-PR5	Tumor	TRUE
RCC-PR5-PTumor3_TTGCGTCTCGTGGACC-1	B	RCC-PR5	Tumor	FALSE
RCC-PR5-PTumor3_TTGGAACAGTTGTCGT-1	B	RCC-PR5	Tumor	FALSE
RCC-PR5-PTumor3_TTGGCAAAGGAGTCTG-1	B	RCC-PR5	Tumor	TRUE
RCC-PR5-PTumor3_TTGTAGGAGACAATAC-1	B	RCC-PR5	Tumor	TRUE
RCC-PR5-PTumor3_TTGTAGGTCCCATTTA-1	B	RCC-PR5	Tumor	TRUE
RCC-PR5-PTumor3_TTTATGCTCCTCGCAT-1	B	RCC-PR5	Tumor	FALSE
RCC-PR5-PTumor3_TTTATGCTCTTGCATT-1	B	RCC-PR5	Tumor	FALSE
RCC-PR5-PTumor3_TTTCCTCCACCAGTTA-1	B	RCC-PR5	Tumor	FALSE
RCC-PR5-PTumor3_TTTCCTCCAGAAGCAC-1	B	RCC-PR5	Tumor	FALSE
RCC-PR5-PTumor3_TTTCCTCCATCCGCGA-1	B	RCC-PR5	Tumor	FALSE
RCC-BM1-PTumor_AAAGATGTCCATGAAC-1	B	RCC-BM1	Tumor	FALSE
RCC-BM1-PTumor_AAATGCCAGCATCATC-1	B	RCC-BM1	Tumor	FALSE
RCC-BM1-PTumor_ACAGCTAGTCATATGC-1	B	RCC-BM1	Tumor	FALSE
RCC-BM1-PTumor_AGATTGCGTCTTTCAT-1	B	RCC-BM1	Tumor	FALSE
RCC-BM1-PTumor_AGCGTATTCGCGTTTC-1	B	RCC-BM1	Tumor	FALSE
RCC-BM1-PTumor_AGTCTTTTCAACACGT-1	B	RCC-BM1	Tumor	FALSE
RCC-BM1-PTumor_AGTGGGATCATTGCCC-1	B	RCC-BM1	Tumor	FALSE
RCC-BM1-PTumor_ATCACGAAGGGCATGT-1	B	RCC-BM1	Tumor	FALSE
RCC-BM1-PTumor_ATCACGACAATGGAAT-1	B	RCC-BM1	Tumor	FALSE
RCC-BM1-PTumor_ATCATCTCAACGATGG-1	B	RCC-BM1	Tumor	FALSE
RCC-BM1-PTumor_ATCCGAAAGTGGCACA-1	B	RCC-BM1	Tumor	FALSE
RCC-BM1-PTumor_ATTACTCCAACAACCT-1	B	RCC-BM1	Tumor	FALSE
RCC-BM1-PTumor_ATTACTCTCTGGTATG-1	B	RCC-BM1	Tumor	FALSE
RCC-BM1-PTumor_CAAGGCCCATGCTAGT-1	B	RCC-BM1	Tumor	FALSE
RCC-BM1-PTumor_CACACTCCATGACATC-1	B	RCC-BM1	Tumor	FALSE
RCC-BM1-PTumor_CACCTTGGTCAATACC-1	B	RCC-BM1	Tumor	FALSE
RCC-BM1-PTumor_CAGAGAGCAAGTCATC-1	B	RCC-BM1	Tumor	FALSE
RCC-BM1-PTumor_CAGCAGCAGCTAGCCC-1	B	RCC-BM1	Tumor	FALSE
RCC-BM1-PTumor_CAGTAACAGGCAATTA-1	B	RCC-BM1	Tumor	FALSE
RCC-BM1-PTumor_CCCTCCTAGACCTAGG-1	B	RCC-BM1	Tumor	FALSE
RCC-BM1-PTumor_CCTTTCTGTTCGCTAA-1	B	RCC-BM1	Tumor	FALSE
RCC-BM1-PTumor_CGCCAAGAGAACTCGG-1	B	RCC-BM1	Tumor	FALSE
RCC-BM1-PTumor_CGGACTGCATTACGAC-1	B	RCC-BM1	Tumor	FALSE
RCC-BM1-PTumor_CGGAGTCAGCTTCGCG-1	B	RCC-BM1	Tumor	TRUE
RCC-BM1-PTumor_CTCGTCAGTCCGTCAG-1	B	RCC-BM1	Tumor	FALSE
RCC-BM1-PTumor_CTCTGGTCATGTTGAC-1	B	RCC-BM1	Tumor	FALSE
RCC-BM1-PTumor_GACCTGGCATCGGACC-1	B	RCC-BM1	Tumor	FALSE
RCC-BM1-PTumor_GACGCGTTCACAGTAC-1	B	RCC-BM1	Tumor	FALSE
RCC-BM1-PTumor_GAGTCCGAGGTTACCT-1	B	RCC-BM1	Tumor	FALSE
RCC-BM1-PTumor_GATCGATTCCCGACTT-1	B	RCC-BM1	Tumor	FALSE
RCC-BM1-PTumor_GATGAGGAGTTCCACA-1	B	RCC-BM1	Tumor	FALSE
RCC-BM1-PTumor_GCATGTAGTACAAGTA-1	B	RCC-BM1	Tumor	FALSE
RCC-BM1-PTumor_GGGAATGTCCTAGTGA-1	B	RCC-BM1	Tumor	FALSE
RCC-BM1-PTumor_GGGATGACATGCCTAA-1	B	RCC-BM1	Tumor	FALSE
RCC-BM1-PTumor_GTAGTCATCCCTGACT-1	B	RCC-BM1	Tumor	FALSE
RCC-BM1-PTumor_TACTCATGTTCCACTC-1	B	RCC-BM1	Tumor	FALSE
RCC-BM1-PTumor_TACTCGCCAGCTGGCT-1	B	RCC-BM1	Tumor	FALSE
RCC-BM1-PTumor_TAGAGCTGTTCACCTC-1	B	RCC-BM1	Tumor	FALSE
RCC-BM1-PTumor_TATGCCCGTCCATGAT-1	B	RCC-BM1	Tumor	FALSE
RCC-BM1-PTumor_TCGTACCTCAGGTAAA-1	B	RCC-BM1	Tumor	FALSE
RCC-BM1-PTumor_TCGTAGACAGAGCCAA-1	B	RCC-BM1	Tumor	FALSE
RCC-BM1-PTumor_TCTGAGACAACGATCT-1	B	RCC-BM1	Tumor	FALSE
RCC-BM1-PTumor_TCTGAGACAAGCCGTC-1	B	RCC-BM1	Tumor	FALSE
RCC-BM1-PTumor_TTATGCTAGAGTAAGG-1	B	RCC-BM1	Tumor	FALSE
RCC-BM1-PTumor_TTCCCAGGTGTTGAGG-1	B	RCC-BM1	Tumor	FALSE
RCC-BM1-PTumor_TTGTAGGAGAGTGACC-1	B	RCC-BM1	Tumor	FALSE
RCC-BM1-PTumor_TTTGGTTAGTCCGTAT-1	B	RCC-BM1	Tumor	TRUE
RCC-BM1-PTumor_TTTGGTTCACGCCAGT-1	B	RCC-BM1	Tumor	FALSE
RCC-BM1-Normal_AAACCTGAGTGGGTTG-1	B	RCC-BM1	Adjacent	FALSE
RCC-BM1-Normal_AAACCTGGTAGGAGTC-1	B	RCC-BM1	Adjacent	FALSE
RCC-BM1-Normal_AAACCTGTCAGAGGTG-1	B	RCC-BM1	Adjacent	FALSE
RCC-BM1-Normal_AAACCTGTCATAGCAC-1	B	RCC-BM1	Adjacent	FALSE
RCC-BM1-Normal_AAACCTGTCTACGAGT-1	B	RCC-BM1	Adjacent	FALSE
RCC-BM1-Normal_AAAGATGCAGGCTCAC-1	B	RCC-BM1	Adjacent	TRUE
RCC-BM1-Normal_AAAGATGCATCACGTA-1	B	RCC-BM1	Adjacent	FALSE
RCC-BM1-Normal_AAAGATGTCACTGGGC-1	B	RCC-BM1	Adjacent	FALSE
RCC-BM1-Normal_AAAGCAAGTATTCGTG-1	B	RCC-BM1	Adjacent	FALSE
RCC-BM1-Normal_AAATGCCCAACTTGAC-1	B	RCC-BM1	Adjacent	FALSE
RCC-BM1-Normal_AAATGCCGTAATCACC-1	B	RCC-BM1	Adjacent	FALSE
RCC-BM1-Normal_AAATGCCTCAGTCAGT-1	B	RCC-BM1	Adjacent	FALSE
RCC-BM1-Normal_AACACGTCAACACGCC-1	B	RCC-BM1	Adjacent	FALSE
RCC-BM1-Normal_AACACGTGTTGTCTTT-1	B	RCC-BM1	Adjacent	FALSE
RCC-BM1-Normal_AACACGTTCGTTTAGG-1	B	RCC-BM1	Adjacent	FALSE
RCC-BM1-Normal_AACCATGAGTCAATAG-1	B	RCC-BM1	Adjacent	FALSE
RCC-BM1-Normal_AACCATGGTCTAACGT-1	B	RCC-BM1	Adjacent	FALSE
RCC-BM1-Normal_AACCATGTCGAGCCCA-1	B	RCC-BM1	Adjacent	FALSE
RCC-BM1-Normal_AACGTTGAGAAACCTA-1	B	RCC-BM1	Adjacent	FALSE
RCC-BM1-Normal_AACTCAGCACGTTGGC-1	B	RCC-BM1	Adjacent	FALSE
RCC-BM1-Normal_AACTCCCAGCTAGTCT-1	B	RCC-BM1	Adjacent	FALSE
RCC-BM1-Normal_AACTCCCGTAATTGGA-1	B	RCC-BM1	Adjacent	FALSE
RCC-BM1-Normal_AACTCCCTCAGTTTGG-1	B	RCC-BM1	Adjacent	TRUE
RCC-BM1-Normal_AACTCTTCATGCTGGC-1	B	RCC-BM1	Adjacent	FALSE
RCC-BM1-Normal_AACTCTTGTGGCTCCA-1	B	RCC-BM1	Adjacent	FALSE
RCC-BM1-Normal_AACTCTTTCCTGCTTG-1	B	RCC-BM1	Adjacent	FALSE
RCC-BM1-Normal_AACTGGTCAAGGTGTG-1	B	RCC-BM1	Adjacent	FALSE
RCC-BM1-Normal_AACTGGTTCTACCTGC-1	B	RCC-BM1	Adjacent	FALSE
RCC-BM1-Normal_AACTTTCAGCGGATCA-1	B	RCC-BM1	Adjacent	FALSE
RCC-BM1-Normal_AAGACCTCATTTGCTT-1	B	RCC-BM1	Adjacent	TRUE
RCC-BM1-Normal_AAGCCGCAGTGACATA-1	B	RCC-BM1	Adjacent	FALSE
RCC-BM1-Normal_AAGCCGCCAGCTCGAC-1	B	RCC-BM1	Adjacent	FALSE
RCC-BM1-Normal_AAGCCGCGTCTGCCAG-1	B	RCC-BM1	Adjacent	TRUE
RCC-BM1-Normal_AAGCCGCTCGGTCTAA-1	B	RCC-BM1	Adjacent	FALSE
RCC-BM1-Normal_AAGGAGCCAAGTCTAC-1	B	RCC-BM1	Adjacent	FALSE
RCC-BM1-Normal_AAGGAGCCACCCTATC-1	B	RCC-BM1	Adjacent	FALSE
RCC-BM1-Normal_AAGGAGCTCAACACCA-1	B	RCC-BM1	Adjacent	FALSE
RCC-BM1-Normal_AAGGAGCTCAGGTAAA-1	B	RCC-BM1	Adjacent	FALSE
RCC-BM1-Normal_AAGGCAGAGATACACA-1	B	RCC-BM1	Adjacent	FALSE
RCC-BM1-Normal_AAGGCAGAGCTAGCCC-1	B	RCC-BM1	Adjacent	FALSE
RCC-BM1-Normal_AAGGCAGCAGGTGGAT-1	B	RCC-BM1	Adjacent	FALSE
RCC-BM1-Normal_AAGGTTCGTGCCTTGG-1	B	RCC-BM1	Adjacent	FALSE
RCC-BM1-Normal_AAGTCTGAGACTGGGT-1	B	RCC-BM1	Adjacent	FALSE
RCC-BM1-Normal_AATCCAGAGCAGCGTA-1	B	RCC-BM1	Adjacent	FALSE
RCC-BM1-Normal_AATCGGTCATCCCATC-1	B	RCC-BM1	Adjacent	FALSE
RCC-BM1-Normal_AATCGGTTCCGCATCT-1	B	RCC-BM1	Adjacent	FALSE
RCC-BM1-Normal_ACACCAAAGGACAGAA-1	B	RCC-BM1	Adjacent	FALSE
RCC-BM1-Normal_ACACCGGCATGTCGAT-1	B	RCC-BM1	Adjacent	FALSE
RCC-BM1-Normal_ACACCGGGTACTTGAC-1	B	RCC-BM1	Adjacent	FALSE
RCC-BM1-Normal_ACACTGAAGTCCATAC-1	B	RCC-BM1	Adjacent	TRUE
RCC-BM1-Normal_ACAGCCGAGAACAATC-1	B	RCC-BM1	Adjacent	FALSE
RCC-BM1-Normal_ACAGCCGGTCTGCCAG-1	B	RCC-BM1	Adjacent	TRUE
RCC-BM1-Normal_ACAGCCGGTGAGTGAC-1	B	RCC-BM1	Adjacent	FALSE
RCC-BM1-Normal_ACAGCTAAGCGATGAC-1	B	RCC-BM1	Adjacent	FALSE
RCC-BM1-Normal_ACAGCTACATCCGTGG-1	B	RCC-BM1	Adjacent	FALSE
RCC-BM1-Normal_ACATACGCAAGCTGGA-1	B	RCC-BM1	Adjacent	FALSE
RCC-BM1-Normal_ACATACGGTGCAGACA-1	B	RCC-BM1	Adjacent	FALSE
RCC-BM1-Normal_ACATACGGTGTGCGTC-1	B	RCC-BM1	Adjacent	FALSE
RCC-BM1-Normal_ACCAGTAAGGTGCAAC-1	B	RCC-BM1	Adjacent	FALSE
RCC-BM1-Normal_ACCAGTACATCACGAT-1	B	RCC-BM1	Adjacent	FALSE
RCC-BM1-Normal_ACCAGTAGTAGCGATG-1	B	RCC-BM1	Adjacent	FALSE
RCC-BM1-Normal_ACCAGTATCTCATTCA-1	B	RCC-BM1	Adjacent	FALSE
RCC-BM1-Normal_ACCCACTTCGCCTGAG-1	B	RCC-BM1	Adjacent	FALSE
RCC-BM1-Normal_ACCCACTTCGGCGCAT-1	B	RCC-BM1	Adjacent	FALSE
RCC-BM1-Normal_ACCTTTACAAACCTAC-1	B	RCC-BM1	Adjacent	FALSE
RCC-BM1-Normal_ACCTTTACAGTTCATG-1	B	RCC-BM1	Adjacent	FALSE
RCC-BM1-Normal_ACCTTTAGTCAGGACA-1	B	RCC-BM1	Adjacent	FALSE
RCC-BM1-Normal_ACCTTTATCCAAGTAC-1	B	RCC-BM1	Adjacent	FALSE
RCC-BM1-Normal_ACCTTTATCGCAGGCT-1	B	RCC-BM1	Adjacent	FALSE
RCC-BM1-Normal_ACGAGCCAGCGACGTA-1	B	RCC-BM1	Adjacent	FALSE
RCC-BM1-Normal_ACGAGCCCATCAGTCA-1	B	RCC-BM1	Adjacent	FALSE
RCC-BM1-Normal_ACGAGGAAGCTGGAAC-1	B	RCC-BM1	Adjacent	FALSE
RCC-BM1-Normal_ACGAGGAAGGCGATAC-1	B	RCC-BM1	Adjacent	FALSE
RCC-BM1-Normal_ACGAGGATCAGCACAT-1	B	RCC-BM1	Adjacent	FALSE
RCC-BM1-Normal_ACGAGGATCCGCATCT-1	B	RCC-BM1	Adjacent	FALSE
RCC-BM1-Normal_ACGATACCAATCTACG-1	B	RCC-BM1	Adjacent	FALSE
RCC-BM1-Normal_ACGATACCAGCTCCGA-1	B	RCC-BM1	Adjacent	FALSE
RCC-BM1-Normal_ACGATACGTTGGGACA-1	B	RCC-BM1	Adjacent	FALSE
RCC-BM1-Normal_ACGATGTAGCTCCTTC-1	B	RCC-BM1	Adjacent	FALSE
RCC-BM1-Normal_ACGCAGCAGATATACG-1	B	RCC-BM1	Adjacent	FALSE
RCC-BM1-Normal_ACGCAGCCAGGCTGAA-1	B	RCC-BM1	Adjacent	TRUE
RCC-BM1-Normal_ACGCCAGAGCGATCCC-1	B	RCC-BM1	Adjacent	FALSE
RCC-BM1-Normal_ACGCCAGCATAGAAAC-1	B	RCC-BM1	Adjacent	FALSE
RCC-BM1-Normal_ACGCCGAAGCGCTCCA-1	B	RCC-BM1	Adjacent	FALSE
RCC-BM1-Normal_ACGCCGACAACACGCC-1	B	RCC-BM1	Adjacent	FALSE
RCC-BM1-Normal_ACGCCGACATCTACGA-1	B	RCC-BM1	Adjacent	TRUE
RCC-BM1-Normal_ACGCCGAGTCTAGCCG-1	B	RCC-BM1	Adjacent	FALSE
RCC-BM1-Normal_ACGCCGAGTGTATGGG-1	B	RCC-BM1	Adjacent	FALSE
RCC-BM1-Normal_ACGGAGAAGAAGATTC-1	B	RCC-BM1	Adjacent	FALSE
RCC-BM1-Normal_ACGGAGACACATGTGT-1	B	RCC-BM1	Adjacent	FALSE
RCC-BM1-Normal_ACGGAGAGTACTCGCG-1	B	RCC-BM1	Adjacent	FALSE
RCC-BM1-Normal_ACGGAGATCTAACCGA-1	B	RCC-BM1	Adjacent	FALSE
RCC-BM1-Normal_ACGGCCAGTCGTTGTA-1	B	RCC-BM1	Adjacent	FALSE
RCC-BM1-Normal_ACGGCCAGTTCCACAA-1	B	RCC-BM1	Adjacent	FALSE
RCC-BM1-Normal_ACGGGCTCAGCTCGCA-1	B	RCC-BM1	Adjacent	FALSE
RCC-BM1-Normal_ACGGGCTTCTAGCACA-1	B	RCC-BM1	Adjacent	FALSE
RCC-BM1-Normal_ACGGGTCGTTAAGAAC-1	B	RCC-BM1	Adjacent	FALSE
RCC-BM1-Normal_ACGTCAAAGGCGTACA-1	B	RCC-BM1	Adjacent	FALSE
RCC-BM1-Normal_ACGTCAACAGCATGAG-1	B	RCC-BM1	Adjacent	FALSE
RCC-BM1-Normal_ACGTCAAGTAGGCTGA-1	B	RCC-BM1	Adjacent	FALSE
RCC-BM1-Normal_ACGTCAAGTGCCTTGG-1	B	RCC-BM1	Adjacent	FALSE
RCC-BM1-Normal_ACTGAACAGACAGACC-1	B	RCC-BM1	Adjacent	FALSE
RCC-BM1-Normal_ACTGAACCAGTACACT-1	B	RCC-BM1	Adjacent	FALSE
RCC-BM1-Normal_ACTGAACTCAGCAACT-1	B	RCC-BM1	Adjacent	FALSE
RCC-BM1-Normal_ACTGAGTAGTGTCCAT-1	B	RCC-BM1	Adjacent	FALSE
RCC-BM1-Normal_ACTGAGTCATGGTTGT-1	B	RCC-BM1	Adjacent	FALSE
RCC-BM1-Normal_ACTGAGTTCGACAGCC-1	B	RCC-BM1	Adjacent	FALSE
RCC-BM1-Normal_ACTGAGTTCGATGAGG-1	B	RCC-BM1	Adjacent	FALSE
RCC-BM1-Normal_ACTGATGCATGCATGT-1	B	RCC-BM1	Adjacent	FALSE
RCC-BM1-Normal_ACTGCTCGTCAAACTC-1	B	RCC-BM1	Adjacent	FALSE
RCC-BM1-Normal_ACTTACTAGCATGGCA-1	B	RCC-BM1	Adjacent	FALSE
RCC-BM1-Normal_ACTTACTGTAAGCACG-1	B	RCC-BM1	Adjacent	FALSE
RCC-BM1-Normal_AGAATAGAGCCGTCGT-1	B	RCC-BM1	Adjacent	FALSE
RCC-BM1-Normal_AGAATAGGTAAAGGAG-1	B	RCC-BM1	Adjacent	FALSE
RCC-BM1-Normal_AGACGTTCAACACCTA-1	B	RCC-BM1	Adjacent	FALSE
RCC-BM1-Normal_AGACGTTGTAGCAAAT-1	B	RCC-BM1	Adjacent	TRUE
RCC-BM1-Normal_AGACGTTTCGGCTTGG-1	B	RCC-BM1	Adjacent	FALSE
RCC-BM1-Normal_AGAGCGACAAGTTCTG-1	B	RCC-BM1	Adjacent	FALSE
RCC-BM1-Normal_AGAGCGACATGAGCGA-1	B	RCC-BM1	Adjacent	FALSE
RCC-BM1-Normal_AGAGCGATCTGCCAGG-1	B	RCC-BM1	Adjacent	FALSE
RCC-BM1-Normal_AGAGCTTAGATCCTGT-1	B	RCC-BM1	Adjacent	FALSE
RCC-BM1-Normal_AGAGCTTAGCACACAG-1	B	RCC-BM1	Adjacent	TRUE
RCC-BM1-Normal_AGAGCTTGTAGAGTGC-1	B	RCC-BM1	Adjacent	FALSE
RCC-BM1-Normal_AGAGTGGAGAGTCTGG-1	B	RCC-BM1	Adjacent	FALSE
RCC-BM1-Normal_AGAGTGGAGATGGGTC-1	B	RCC-BM1	Adjacent	FALSE
RCC-BM1-Normal_AGATTGCCACGAAATA-1	B	RCC-BM1	Adjacent	FALSE
RCC-BM1-Normal_AGATTGCCAGTCGTGC-1	B	RCC-BM1	Adjacent	FALSE
RCC-BM1-Normal_AGCAGCCTCGTAGATC-1	B	RCC-BM1	Adjacent	FALSE
RCC-BM1-Normal_AGCATACCATTGGCGC-1	B	RCC-BM1	Adjacent	FALSE
RCC-BM1-Normal_AGCATACGTGCAACTT-1	B	RCC-BM1	Adjacent	FALSE
RCC-BM1-Normal_AGCATACTCATCGGAT-1	B	RCC-BM1	Adjacent	FALSE
RCC-BM1-Normal_AGCATACTCTGCGTAA-1	B	RCC-BM1	Adjacent	FALSE
RCC-BM1-Normal_AGCCTAAAGCGTGAAC-1	B	RCC-BM1	Adjacent	FALSE
RCC-BM1-Normal_AGCCTAAGTAGTAGTA-1	B	RCC-BM1	Adjacent	FALSE
RCC-BM1-Normal_AGCGGTCCAAAGAATC-1	B	RCC-BM1	Adjacent	FALSE
RCC-BM1-Normal_AGCGGTCTCCGAATGT-1	B	RCC-BM1	Adjacent	FALSE
RCC-BM1-Normal_AGCGTATCACGCTTTC-1	B	RCC-BM1	Adjacent	FALSE
RCC-BM1-Normal_AGCGTATCAGGTGCCT-1	B	RCC-BM1	Adjacent	FALSE
RCC-BM1-Normal_AGCGTCGCACCAGATT-1	B	RCC-BM1	Adjacent	FALSE
RCC-BM1-Normal_AGCTCCTGTGACGCCT-1	B	RCC-BM1	Adjacent	FALSE
RCC-BM1-Normal_AGCTCCTTCTCGAGTA-1	B	RCC-BM1	Adjacent	FALSE
RCC-BM1-Normal_AGCTCTCGTTAAGGGC-1	B	RCC-BM1	Adjacent	FALSE
RCC-BM1-Normal_AGGCCACGTGAACCTT-1	B	RCC-BM1	Adjacent	FALSE
RCC-BM1-Normal_AGGCCGTCAATGAATG-1	B	RCC-BM1	Adjacent	FALSE
RCC-BM1-Normal_AGGCCGTGTACTCGCG-1	B	RCC-BM1	Adjacent	FALSE
RCC-BM1-Normal_AGGGTGATCCAAAGTC-1	B	RCC-BM1	Adjacent	FALSE
RCC-BM1-Normal_AGGTCATAGCACCGTC-1	B	RCC-BM1	Adjacent	FALSE
RCC-BM1-Normal_AGGTCATTCAGTTTGG-1	B	RCC-BM1	Adjacent	FALSE
RCC-BM1-Normal_AGGTCCGTCCGTAGTA-1	B	RCC-BM1	Adjacent	FALSE
RCC-BM1-Normal_AGGTCCGTCGATGAGG-1	B	RCC-BM1	Adjacent	FALSE
RCC-BM1-Normal_AGTAGTCGTTCTCATT-1	B	RCC-BM1	Adjacent	FALSE
RCC-BM1-Normal_AGTAGTCGTTTGCATG-1	B	RCC-BM1	Adjacent	FALSE
RCC-BM1-Normal_AGTCTTTAGACTGTAA-1	B	RCC-BM1	Adjacent	TRUE
RCC-BM1-Normal_AGTGAGGCAATGTTGC-1	B	RCC-BM1	Adjacent	FALSE
RCC-BM1-Normal_AGTGAGGGTGCAGTAG-1	B	RCC-BM1	Adjacent	FALSE
RCC-BM1-Normal_AGTGAGGTCCTACAGA-1	B	RCC-BM1	Adjacent	FALSE
RCC-BM1-Normal_AGTGGGAAGTGAAGAG-1	B	RCC-BM1	Adjacent	FALSE
RCC-BM1-Normal_AGTGTCAGTAGCTCCG-1	B	RCC-BM1	Adjacent	FALSE
RCC-BM1-Normal_AGTGTCATCGCTAGCG-1	B	RCC-BM1	Adjacent	FALSE
RCC-BM1-Normal_ATAACGCGTTCGGCAC-1	B	RCC-BM1	Adjacent	FALSE
RCC-BM1-Normal_ATAACGCTCCAGTATG-1	B	RCC-BM1	Adjacent	FALSE
RCC-BM1-Normal_ATAACGCTCCCTAACC-1	B	RCC-BM1	Adjacent	FALSE
RCC-BM1-Normal_ATAGACCAGCGGCTTC-1	B	RCC-BM1	Adjacent	FALSE
RCC-BM1-Normal_ATCACGACAGCTGTGC-1	B	RCC-BM1	Adjacent	FALSE
RCC-BM1-Normal_ATCACGACATGCTGGC-1	B	RCC-BM1	Adjacent	FALSE
RCC-BM1-Normal_ATCACGATCGTCGTTC-1	B	RCC-BM1	Adjacent	FALSE
RCC-BM1-Normal_ATCATCTCACAGGTTT-1	B	RCC-BM1	Adjacent	FALSE
RCC-BM1-Normal_ATCATGGAGCTGCCCA-1	B	RCC-BM1	Adjacent	FALSE
RCC-BM1-Normal_ATCATGGCATGCCTTC-1	B	RCC-BM1	Adjacent	FALSE
RCC-BM1-Normal_ATCATGGTCAGGCCCA-1	B	RCC-BM1	Adjacent	FALSE
RCC-BM1-Normal_ATCATGGTCCTAGGGC-1	B	RCC-BM1	Adjacent	FALSE
RCC-BM1-Normal_ATCCACCAGCGCCTTG-1	B	RCC-BM1	Adjacent	FALSE
RCC-BM1-Normal_ATCCGAATCGTGGACC-1	B	RCC-BM1	Adjacent	FALSE
RCC-BM1-Normal_ATCGAGTAGTGTGGCA-1	B	RCC-BM1	Adjacent	FALSE
RCC-BM1-Normal_ATCGAGTCAAGGACTG-1	B	RCC-BM1	Adjacent	FALSE
RCC-BM1-Normal_ATCGAGTGTAGAGTGC-1	B	RCC-BM1	Adjacent	FALSE
RCC-BM1-Normal_ATCGAGTTCGCAAGCC-1	B	RCC-BM1	Adjacent	FALSE
RCC-BM1-Normal_ATCTACTAGATCCCGC-1	B	RCC-BM1	Adjacent	FALSE
RCC-BM1-Normal_ATCTACTCAGCCTGTG-1	B	RCC-BM1	Adjacent	FALSE
RCC-BM1-Normal_ATCTACTTCCTGTAGA-1	B	RCC-BM1	Adjacent	FALSE
RCC-BM1-Normal_ATCTGCCTCCTAGTGA-1	B	RCC-BM1	Adjacent	TRUE
RCC-BM1-Normal_ATCTGCCTCTCCTATA-1	B	RCC-BM1	Adjacent	FALSE
RCC-BM1-Normal_ATGAGGGAGAAACCTA-1	B	RCC-BM1	Adjacent	FALSE
RCC-BM1-Normal_ATGAGGGCAGGTCTCG-1	B	RCC-BM1	Adjacent	TRUE
RCC-BM1-Normal_ATGAGGGGTGACTCAT-1	B	RCC-BM1	Adjacent	FALSE
RCC-BM1-Normal_ATGAGGGTCGGAATCT-1	B	RCC-BM1	Adjacent	TRUE
RCC-BM1-Normal_ATGCGATAGCGGATCA-1	B	RCC-BM1	Adjacent	FALSE
RCC-BM1-Normal_ATGCGATAGGGAACGG-1	B	RCC-BM1	Adjacent	FALSE
RCC-BM1-Normal_ATGCGATGTAGCGTCC-1	B	RCC-BM1	Adjacent	FALSE
RCC-BM1-Normal_ATGCGATGTCCGTCAG-1	B	RCC-BM1	Adjacent	TRUE
RCC-BM1-Normal_ATGCGATTCAGTTCGA-1	B	RCC-BM1	Adjacent	FALSE
RCC-BM1-Normal_ATGGGAGCAAGTCTGT-1	B	RCC-BM1	Adjacent	TRUE
RCC-BM1-Normal_ATGGGAGCACTCAGGC-1	B	RCC-BM1	Adjacent	TRUE
RCC-BM1-Normal_ATGTGTGTCAGCTCTC-1	B	RCC-BM1	Adjacent	FALSE
RCC-BM1-Normal_ATTACTCAGCTCCCAG-1	B	RCC-BM1	Adjacent	TRUE
RCC-BM1-Normal_ATTACTCGTCGGATCC-1	B	RCC-BM1	Adjacent	FALSE
RCC-BM1-Normal_ATTATCCGTACAGTGG-1	B	RCC-BM1	Adjacent	FALSE
RCC-BM1-Normal_ATTATCCGTCGGCACT-1	B	RCC-BM1	Adjacent	TRUE
RCC-BM1-Normal_ATTCTACAGTTACGGG-1	B	RCC-BM1	Adjacent	FALSE
RCC-BM1-Normal_ATTGGACAGGTACTCT-1	B	RCC-BM1	Adjacent	FALSE
RCC-BM1-Normal_ATTGGACCAGCCAATT-1	B	RCC-BM1	Adjacent	FALSE
RCC-BM1-Normal_ATTGGTGAGGACGAAA-1	B	RCC-BM1	Adjacent	FALSE
RCC-BM1-Normal_ATTGGTGTCAGCTGGC-1	B	RCC-BM1	Adjacent	FALSE
RCC-BM1-Normal_ATTTCTGCAATAGAGT-1	B	RCC-BM1	Adjacent	FALSE
RCC-BM1-Normal_ATTTCTGCATTTGCCC-1	B	RCC-BM1	Adjacent	FALSE
RCC-BM1-Normal_ATTTCTGTCGCTTGTC-1	B	RCC-BM1	Adjacent	FALSE
RCC-BM1-Normal_CAACCAAAGCGTGAGT-1	B	RCC-BM1	Adjacent	FALSE
RCC-BM1-Normal_CAACCAATCCGAATGT-1	B	RCC-BM1	Adjacent	FALSE
RCC-BM1-Normal_CAACCTCCAGTCAGAG-1	B	RCC-BM1	Adjacent	FALSE
RCC-BM1-Normal_CAACTAGCACATGGGA-1	B	RCC-BM1	Adjacent	FALSE
RCC-BM1-Normal_CAACTAGCACTCTGTC-1	B	RCC-BM1	Adjacent	TRUE
RCC-BM1-Normal_CAACTAGTCAGCTCGG-1	B	RCC-BM1	Adjacent	FALSE
RCC-BM1-Normal_CAACTAGTCGAATGCT-1	B	RCC-BM1	Adjacent	FALSE
RCC-BM1-Normal_CAACTAGTCGCCCTTA-1	B	RCC-BM1	Adjacent	FALSE
RCC-BM1-Normal_CAAGAAAAGTACGTAA-1	B	RCC-BM1	Adjacent	FALSE
RCC-BM1-Normal_CAAGAAAGTGATGATA-1	B	RCC-BM1	Adjacent	FALSE
RCC-BM1-Normal_CAAGATCCAATAGCGG-1	B	RCC-BM1	Adjacent	FALSE
RCC-BM1-Normal_CAAGATCCACTACAGT-1	B	RCC-BM1	Adjacent	FALSE
RCC-BM1-Normal_CAAGATCTCCAACCAA-1	B	RCC-BM1	Adjacent	FALSE
RCC-BM1-Normal_CAAGGCCCAGCGTTCG-1	B	RCC-BM1	Adjacent	FALSE
RCC-BM1-Normal_CAAGGCCGTCTCTTAT-1	B	RCC-BM1	Adjacent	FALSE
RCC-BM1-Normal_CAAGTTGCAAACGTGG-1	B	RCC-BM1	Adjacent	FALSE
RCC-BM1-Normal_CAAGTTGCAGGAACGT-1	B	RCC-BM1	Adjacent	FALSE
RCC-BM1-Normal_CACAAACAGCGTTTAC-1	B	RCC-BM1	Adjacent	FALSE
RCC-BM1-Normal_CACAAACCAGCTGTTA-1	B	RCC-BM1	Adjacent	FALSE
RCC-BM1-Normal_CACAAACCAGTACACT-1	B	RCC-BM1	Adjacent	TRUE
RCC-BM1-Normal_CACACAACAGTCAGCC-1	B	RCC-BM1	Adjacent	TRUE
RCC-BM1-Normal_CACACAACATGGGAAC-1	B	RCC-BM1	Adjacent	FALSE
RCC-BM1-Normal_CACACAAGTCTTTCAT-1	B	RCC-BM1	Adjacent	FALSE
RCC-BM1-Normal_CACACAATCATGCTCC-1	B	RCC-BM1	Adjacent	FALSE
RCC-BM1-Normal_CACACCTGTATTCTCT-1	B	RCC-BM1	Adjacent	FALSE
RCC-BM1-Normal_CACACTCTCCCACTTG-1	B	RCC-BM1	Adjacent	TRUE
RCC-BM1-Normal_CACAGGCAGTGACTCT-1	B	RCC-BM1	Adjacent	FALSE
RCC-BM1-Normal_CACAGGCTCCAAATGC-1	B	RCC-BM1	Adjacent	FALSE
RCC-BM1-Normal_CACAGGCTCCTGTAGA-1	B	RCC-BM1	Adjacent	FALSE
RCC-BM1-Normal_CACAGTAAGCCCAGCT-1	B	RCC-BM1	Adjacent	FALSE
RCC-BM1-Normal_CACAGTAAGGCCATAG-1	B	RCC-BM1	Adjacent	FALSE
RCC-BM1-Normal_CACAGTATCTTGTATC-1	B	RCC-BM1	Adjacent	TRUE
RCC-BM1-Normal_CACATAGGTACCTACA-1	B	RCC-BM1	Adjacent	FALSE
RCC-BM1-Normal_CACATTTAGGCTAGCA-1	B	RCC-BM1	Adjacent	FALSE
RCC-BM1-Normal_CACCACTAGTGCCATT-1	B	RCC-BM1	Adjacent	FALSE
RCC-BM1-Normal_CACCACTGTTCCATGA-1	B	RCC-BM1	Adjacent	FALSE
RCC-BM1-Normal_CACCAGGGTAGCCTAT-1	B	RCC-BM1	Adjacent	FALSE
RCC-BM1-Normal_CACCAGGTCAGGCGAA-1	B	RCC-BM1	Adjacent	FALSE
RCC-BM1-Normal_CACCTTGAGGGTCTCC-1	B	RCC-BM1	Adjacent	FALSE
RCC-BM1-Normal_CACCTTGGTACCATCA-1	B	RCC-BM1	Adjacent	FALSE
RCC-BM1-Normal_CACCTTGTCCCTAACC-1	B	RCC-BM1	Adjacent	FALSE
RCC-BM1-Normal_CACTCCAAGTATGACA-1	B	RCC-BM1	Adjacent	FALSE
RCC-BM1-Normal_CACTCCACACGCTTTC-1	B	RCC-BM1	Adjacent	FALSE
RCC-BM1-Normal_CAGAATCAGCGTTGCC-1	B	RCC-BM1	Adjacent	FALSE
RCC-BM1-Normal_CAGAATCAGCTAGTGG-1	B	RCC-BM1	Adjacent	FALSE
RCC-BM1-Normal_CAGAATCCAAACGCGA-1	B	RCC-BM1	Adjacent	FALSE
RCC-BM1-Normal_CAGAATCCACAACGCC-1	B	RCC-BM1	Adjacent	FALSE
RCC-BM1-Normal_CAGAATCTCTGTCTCG-1	B	RCC-BM1	Adjacent	FALSE
RCC-BM1-Normal_CAGAGAGAGACGACGT-1	B	RCC-BM1	Adjacent	FALSE
RCC-BM1-Normal_CAGAGAGCAGGTTTCA-1	B	RCC-BM1	Adjacent	FALSE
RCC-BM1-Normal_CAGATCAAGATCCCAT-1	B	RCC-BM1	Adjacent	FALSE
RCC-BM1-Normal_CAGATCAAGCGTGAAC-1	B	RCC-BM1	Adjacent	FALSE
RCC-BM1-Normal_CAGATCACAGGAACGT-1	B	RCC-BM1	Adjacent	FALSE
RCC-BM1-Normal_CAGATCATCAACGGCC-1	B	RCC-BM1	Adjacent	FALSE
RCC-BM1-Normal_CAGCAGCCATGTAGTC-1	B	RCC-BM1	Adjacent	FALSE
RCC-BM1-Normal_CAGCAGCGTTCAGACT-1	B	RCC-BM1	Adjacent	FALSE
RCC-BM1-Normal_CAGCATAAGATTACCC-1	B	RCC-BM1	Adjacent	FALSE
RCC-BM1-Normal_CAGCATAAGCGATATA-1	B	RCC-BM1	Adjacent	FALSE
RCC-BM1-Normal_CAGCCGAGTCTAGTCA-1	B	RCC-BM1	Adjacent	FALSE
RCC-BM1-Normal_CAGCTAATCGGGAGTA-1	B	RCC-BM1	Adjacent	FALSE
RCC-BM1-Normal_CAGCTAATCTGCCAGG-1	B	RCC-BM1	Adjacent	FALSE
RCC-BM1-Normal_CAGCTGGTCTTCGAGA-1	B	RCC-BM1	Adjacent	FALSE
RCC-BM1-Normal_CAGTCCTCACAGGCCT-1	B	RCC-BM1	Adjacent	FALSE
RCC-BM1-Normal_CATATGGCACCTCGGA-1	B	RCC-BM1	Adjacent	FALSE
RCC-BM1-Normal_CATATTCCACTGTGTA-1	B	RCC-BM1	Adjacent	FALSE
RCC-BM1-Normal_CATATTCGTACCGCTG-1	B	RCC-BM1	Adjacent	FALSE
RCC-BM1-Normal_CATATTCGTTATGTGC-1	B	RCC-BM1	Adjacent	FALSE
RCC-BM1-Normal_CATATTCGTTTGTTTC-1	B	RCC-BM1	Adjacent	FALSE
RCC-BM1-Normal_CATATTCTCACCTTAT-1	B	RCC-BM1	Adjacent	FALSE
RCC-BM1-Normal_CATATTCTCGGCGCTA-1	B	RCC-BM1	Adjacent	FALSE
RCC-BM1-Normal_CATCAAGAGGGATACC-1	B	RCC-BM1	Adjacent	FALSE
RCC-BM1-Normal_CATCAAGCACCAGTTA-1	B	RCC-BM1	Adjacent	TRUE
RCC-BM1-Normal_CATCAAGTCACATACG-1	B	RCC-BM1	Adjacent	FALSE
RCC-BM1-Normal_CATCAAGTCTAACGGT-1	B	RCC-BM1	Adjacent	FALSE
RCC-BM1-Normal_CATCCACCACACTGCG-1	B	RCC-BM1	Adjacent	FALSE
RCC-BM1-Normal_CATCCACTCAGAAATG-1	B	RCC-BM1	Adjacent	FALSE
RCC-BM1-Normal_CATCCACTCCTTGGTC-1	B	RCC-BM1	Adjacent	FALSE
RCC-BM1-Normal_CATCGAACAGGCAGTA-1	B	RCC-BM1	Adjacent	TRUE
RCC-BM1-Normal_CATCGAAGTTCAGGCC-1	B	RCC-BM1	Adjacent	FALSE
RCC-BM1-Normal_CATCGAATCCTTAATC-1	B	RCC-BM1	Adjacent	FALSE
RCC-BM1-Normal_CATCGGGAGGAACTGC-1	B	RCC-BM1	Adjacent	TRUE
RCC-BM1-Normal_CATCGGGCACGTTGGC-1	B	RCC-BM1	Adjacent	FALSE
RCC-BM1-Normal_CATCGGGTCTGCAAGT-1	B	RCC-BM1	Adjacent	FALSE
RCC-BM1-Normal_CATGACAGTTTGACAC-1	B	RCC-BM1	Adjacent	FALSE
RCC-BM1-Normal_CATGACATCGGCTTGG-1	B	RCC-BM1	Adjacent	FALSE
RCC-BM1-Normal_CATGCCTCAGCGTTCG-1	B	RCC-BM1	Adjacent	TRUE
RCC-BM1-Normal_CATGCCTGTAACGCGA-1	B	RCC-BM1	Adjacent	FALSE
RCC-BM1-Normal_CATGCCTTCCCGGATG-1	B	RCC-BM1	Adjacent	FALSE
RCC-BM1-Normal_CATGGCGGTTTACTCT-1	B	RCC-BM1	Adjacent	FALSE
RCC-BM1-Normal_CATGGCGGTTTGTTGG-1	B	RCC-BM1	Adjacent	FALSE
RCC-BM1-Normal_CATTATCCAAGTAGTA-1	B	RCC-BM1	Adjacent	FALSE
RCC-BM1-Normal_CATTATCTCAGCCTAA-1	B	RCC-BM1	Adjacent	FALSE
RCC-BM1-Normal_CCAATCCTCCAATGGT-1	B	RCC-BM1	Adjacent	FALSE
RCC-BM1-Normal_CCACGGATCCGTAGTA-1	B	RCC-BM1	Adjacent	TRUE
RCC-BM1-Normal_CCACGGATCGAGGTAG-1	B	RCC-BM1	Adjacent	FALSE
RCC-BM1-Normal_CCACTACAGAAGGTTT-1	B	RCC-BM1	Adjacent	FALSE
RCC-BM1-Normal_CCAGCGACACGCATCG-1	B	RCC-BM1	Adjacent	FALSE
RCC-BM1-Normal_CCAGCGATCGGCTTGG-1	B	RCC-BM1	Adjacent	FALSE
RCC-BM1-Normal_CCATGTCTCTCGATGA-1	B	RCC-BM1	Adjacent	FALSE
RCC-BM1-Normal_CCCAATCAGCCTTGAT-1	B	RCC-BM1	Adjacent	FALSE
RCC-BM1-Normal_CCCAATCCATGCATGT-1	B	RCC-BM1	Adjacent	FALSE
RCC-BM1-Normal_CCCAATCGTGTAACGG-1	B	RCC-BM1	Adjacent	FALSE
RCC-BM1-Normal_CCCAATCTCCGCGCAA-1	B	RCC-BM1	Adjacent	FALSE
RCC-BM1-Normal_CCCAGTTGTTTGACAC-1	B	RCC-BM1	Adjacent	FALSE
RCC-BM1-Normal_CCCAGTTTCTACCTGC-1	B	RCC-BM1	Adjacent	FALSE
RCC-BM1-Normal_CCCATACAGTACGCGA-1	B	RCC-BM1	Adjacent	FALSE
RCC-BM1-Normal_CCCATACCATCGATTG-1	B	RCC-BM1	Adjacent	FALSE
RCC-BM1-Normal_CCCATACTCATACGGT-1	B	RCC-BM1	Adjacent	FALSE
RCC-BM1-Normal_CCCATACTCTCTGTCG-1	B	RCC-BM1	Adjacent	FALSE
RCC-BM1-Normal_CCCTCCTAGCCCTAAT-1	B	RCC-BM1	Adjacent	FALSE
RCC-BM1-Normal_CCCTCCTCAACCGCCA-1	B	RCC-BM1	Adjacent	TRUE
RCC-BM1-Normal_CCCTCCTTCAATCTCT-1	B	RCC-BM1	Adjacent	FALSE
RCC-BM1-Normal_CCGGGATAGTAGATGT-1	B	RCC-BM1	Adjacent	FALSE
RCC-BM1-Normal_CCGGTAGCAGTCCTTC-1	B	RCC-BM1	Adjacent	FALSE
RCC-BM1-Normal_CCGGTAGGTCGGCTCA-1	B	RCC-BM1	Adjacent	FALSE
RCC-BM1-Normal_CCGTACTGTACTCTCC-1	B	RCC-BM1	Adjacent	FALSE
RCC-BM1-Normal_CCGTGGACATATGCTG-1	B	RCC-BM1	Adjacent	FALSE
RCC-BM1-Normal_CCGTTCAGTCGGCACT-1	B	RCC-BM1	Adjacent	FALSE
RCC-BM1-Normal_CCGTTCATCGTGACAT-1	B	RCC-BM1	Adjacent	FALSE
RCC-BM1-Normal_CCTAAAGTCACTTACT-1	B	RCC-BM1	Adjacent	FALSE
RCC-BM1-Normal_CCTACCAAGACAGGCT-1	B	RCC-BM1	Adjacent	FALSE
RCC-BM1-Normal_CCTAGCTAGCCGTCGT-1	B	RCC-BM1	Adjacent	FALSE
RCC-BM1-Normal_CCTAGCTAGTTACCCA-1	B	RCC-BM1	Adjacent	TRUE
RCC-BM1-Normal_CCTAGCTCAAAGTCAA-1	B	RCC-BM1	Adjacent	FALSE
RCC-BM1-Normal_CCTAGCTTCGGCCGAT-1	B	RCC-BM1	Adjacent	FALSE
RCC-BM1-Normal_CCTATTAAGTACGACG-1	B	RCC-BM1	Adjacent	TRUE
RCC-BM1-Normal_CCTATTACACCAGGCT-1	B	RCC-BM1	Adjacent	FALSE
RCC-BM1-Normal_CCTATTACATGCAATC-1	B	RCC-BM1	Adjacent	FALSE
RCC-BM1-Normal_CCTATTAGTAGGACAC-1	B	RCC-BM1	Adjacent	FALSE
RCC-BM1-Normal_CCTATTAGTTATCCGA-1	B	RCC-BM1	Adjacent	FALSE
RCC-BM1-Normal_CCTCAGTAGACACTAA-1	B	RCC-BM1	Adjacent	FALSE
RCC-BM1-Normal_CCTCAGTCACGTCTCT-1	B	RCC-BM1	Adjacent	FALSE
RCC-BM1-Normal_CCTCAGTTCCACGCAG-1	B	RCC-BM1	Adjacent	FALSE
RCC-BM1-Normal_CCTTACGGTGCAACGA-1	B	RCC-BM1	Adjacent	FALSE
RCC-BM1-Normal_CCTTACGGTTATCACG-1	B	RCC-BM1	Adjacent	FALSE
RCC-BM1-Normal_CCTTCCCAGAAGGACA-1	B	RCC-BM1	Adjacent	FALSE
RCC-BM1-Normal_CCTTCCCTCCACGTTC-1	B	RCC-BM1	Adjacent	FALSE
RCC-BM1-Normal_CCTTCGAAGCGATTCT-1	B	RCC-BM1	Adjacent	FALSE
RCC-BM1-Normal_CCTTCGATCAGCTTAG-1	B	RCC-BM1	Adjacent	FALSE
RCC-BM1-Normal_CCTTCGATCAGGATCT-1	B	RCC-BM1	Adjacent	FALSE
RCC-BM1-Normal_CCTTTCTAGTAGATGT-1	B	RCC-BM1	Adjacent	FALSE
RCC-BM1-Normal_CCTTTCTGTAAACACA-1	B	RCC-BM1	Adjacent	FALSE
RCC-BM1-Normal_CGAACATGTCTCCCTA-1	B	RCC-BM1	Adjacent	FALSE
RCC-BM1-Normal_CGAACATTCAGGCAAG-1	B	RCC-BM1	Adjacent	FALSE
RCC-BM1-Normal_CGAACATTCGGTGTCG-1	B	RCC-BM1	Adjacent	FALSE
RCC-BM1-Normal_CGAATGTAGAATGTGT-1	B	RCC-BM1	Adjacent	FALSE
RCC-BM1-Normal_CGAATGTGTGCCTTGG-1	B	RCC-BM1	Adjacent	FALSE
RCC-BM1-Normal_CGAATGTTCCATGAAC-1	B	RCC-BM1	Adjacent	FALSE
RCC-BM1-Normal_CGACCTTCAGCTGCTG-1	B	RCC-BM1	Adjacent	FALSE
RCC-BM1-Normal_CGAGCACCACGGATAG-1	B	RCC-BM1	Adjacent	FALSE
RCC-BM1-Normal_CGAGCACCATGGTAGG-1	B	RCC-BM1	Adjacent	TRUE
RCC-BM1-Normal_CGAGCACGTCAGGACA-1	B	RCC-BM1	Adjacent	FALSE
RCC-BM1-Normal_CGAGCACGTGCAGTAG-1	B	RCC-BM1	Adjacent	FALSE
RCC-BM1-Normal_CGAGCCACAATGTTGC-1	B	RCC-BM1	Adjacent	FALSE
RCC-BM1-Normal_CGAGCCACACTGTGTA-1	B	RCC-BM1	Adjacent	FALSE
RCC-BM1-Normal_CGAGCCATCACGGTTA-1	B	RCC-BM1	Adjacent	FALSE
RCC-BM1-Normal_CGATCGGAGGGTTCCC-1	B	RCC-BM1	Adjacent	FALSE
RCC-BM1-Normal_CGATCGGCAGTAGAGC-1	B	RCC-BM1	Adjacent	FALSE
RCC-BM1-Normal_CGATGGCAGCTCAACT-1	B	RCC-BM1	Adjacent	FALSE
RCC-BM1-Normal_CGATGGCTCTACCTGC-1	B	RCC-BM1	Adjacent	FALSE
RCC-BM1-Normal_CGATGTAAGCTACCGC-1	B	RCC-BM1	Adjacent	FALSE
RCC-BM1-Normal_CGATGTAAGGTGCACA-1	B	RCC-BM1	Adjacent	TRUE
RCC-BM1-Normal_CGATGTAAGTGACTCT-1	B	RCC-BM1	Adjacent	FALSE
RCC-BM1-Normal_CGATGTACACTAAGTC-1	B	RCC-BM1	Adjacent	FALSE
RCC-BM1-Normal_CGATGTAGTGCTTCTC-1	B	RCC-BM1	Adjacent	FALSE
RCC-BM1-Normal_CGATTGAAGCATGGCA-1	B	RCC-BM1	Adjacent	TRUE
RCC-BM1-Normal_CGATTGAGTCTTGATG-1	B	RCC-BM1	Adjacent	FALSE
RCC-BM1-Normal_CGCCAAGAGCCACCTG-1	B	RCC-BM1	Adjacent	FALSE
RCC-BM1-Normal_CGCCAAGCAGATCCAT-1	B	RCC-BM1	Adjacent	FALSE
RCC-BM1-Normal_CGCCAAGGTAGAGTGC-1	B	RCC-BM1	Adjacent	FALSE
RCC-BM1-Normal_CGCCAAGTCCGCGGTA-1	B	RCC-BM1	Adjacent	FALSE
RCC-BM1-Normal_CGCGGTAAGGTTACCT-1	B	RCC-BM1	Adjacent	FALSE
RCC-BM1-Normal_CGCGGTAGTCAGAAGC-1	B	RCC-BM1	Adjacent	FALSE
RCC-BM1-Normal_CGCGGTATCAACCAAC-1	B	RCC-BM1	Adjacent	FALSE
RCC-BM1-Normal_CGCGTTTAGGCTCAGA-1	B	RCC-BM1	Adjacent	TRUE
RCC-BM1-Normal_CGCGTTTCATAGACTC-1	B	RCC-BM1	Adjacent	FALSE
RCC-BM1-Normal_CGCGTTTGTCTGATCA-1	B	RCC-BM1	Adjacent	FALSE
RCC-BM1-Normal_CGCTATCAGCTAGTCT-1	B	RCC-BM1	Adjacent	FALSE
RCC-BM1-Normal_CGCTATCGTAGTACCT-1	B	RCC-BM1	Adjacent	TRUE
RCC-BM1-Normal_CGCTGGACACACGCTG-1	B	RCC-BM1	Adjacent	FALSE
RCC-BM1-Normal_CGCTTCACACCGAATT-1	B	RCC-BM1	Adjacent	FALSE
RCC-BM1-Normal_CGGACACAGTGGCACA-1	B	RCC-BM1	Adjacent	FALSE
RCC-BM1-Normal_CGGACACTCTGCTTGC-1	B	RCC-BM1	Adjacent	FALSE
RCC-BM1-Normal_CGGACGTTCCTACAGA-1	B	RCC-BM1	Adjacent	FALSE
RCC-BM1-Normal_CGGACGTTCGTGGGAA-1	B	RCC-BM1	Adjacent	FALSE
RCC-BM1-Normal_CGGACTGAGATGCCAG-1	B	RCC-BM1	Adjacent	FALSE
RCC-BM1-Normal_CGGACTGTCTGGTTCC-1	B	RCC-BM1	Adjacent	FALSE
RCC-BM1-Normal_CGGAGCTAGCGATAGC-1	B	RCC-BM1	Adjacent	FALSE
RCC-BM1-Normal_CGGAGCTAGTCCAGGA-1	B	RCC-BM1	Adjacent	FALSE
RCC-BM1-Normal_CGGAGCTTCTCACATT-1	B	RCC-BM1	Adjacent	FALSE
RCC-BM1-Normal_CGGAGTCCACATGTGT-1	B	RCC-BM1	Adjacent	FALSE
RCC-BM1-Normal_CGGAGTCCAGCATGAG-1	B	RCC-BM1	Adjacent	FALSE
RCC-BM1-Normal_CGGCTAGAGTCCAGGA-1	B	RCC-BM1	Adjacent	FALSE
RCC-BM1-Normal_CGGCTAGCAGCTGGCT-1	B	RCC-BM1	Adjacent	FALSE
RCC-BM1-Normal_CGGCTAGGTGGCGAAT-1	B	RCC-BM1	Adjacent	TRUE
RCC-BM1-Normal_CGGGTCACATTAACCG-1	B	RCC-BM1	Adjacent	FALSE
RCC-BM1-Normal_CGGGTCAGTGCTAGCC-1	B	RCC-BM1	Adjacent	FALSE
RCC-BM1-Normal_CGGGTCAGTTGACGTT-1	B	RCC-BM1	Adjacent	FALSE
RCC-BM1-Normal_CGTAGCGGTCACCTAA-1	B	RCC-BM1	Adjacent	FALSE
RCC-BM1-Normal_CGTCACTTCGCAAGCC-1	B	RCC-BM1	Adjacent	TRUE
RCC-BM1-Normal_CGTCACTTCTTGCAAG-1	B	RCC-BM1	Adjacent	FALSE
RCC-BM1-Normal_CGTCAGGAGCGGATCA-1	B	RCC-BM1	Adjacent	FALSE
RCC-BM1-Normal_CGTCAGGAGCTAGTTC-1	B	RCC-BM1	Adjacent	FALSE
RCC-BM1-Normal_CGTCAGGGTCCCTTGT-1	B	RCC-BM1	Adjacent	FALSE
RCC-BM1-Normal_CGTCAGGGTGCCTGGT-1	B	RCC-BM1	Adjacent	FALSE
RCC-BM1-Normal_CGTCCATGTCATCCCT-1	B	RCC-BM1	Adjacent	FALSE
RCC-BM1-Normal_CGTCCATTCACAGGCC-1	B	RCC-BM1	Adjacent	TRUE
RCC-BM1-Normal_CGTCTACAGGGCTTGA-1	B	RCC-BM1	Adjacent	FALSE
RCC-BM1-Normal_CGTCTACAGTGGGCTA-1	B	RCC-BM1	Adjacent	FALSE
RCC-BM1-Normal_CGTGAGCTCGTTTAGG-1	B	RCC-BM1	Adjacent	FALSE
RCC-BM1-Normal_CGTGTCTGTTATGCGT-1	B	RCC-BM1	Adjacent	FALSE
RCC-BM1-Normal_CGTTGGGAGTGGAGAA-1	B	RCC-BM1	Adjacent	FALSE
RCC-BM1-Normal_CTAACTTTCGGAGCAA-1	B	RCC-BM1	Adjacent	FALSE
RCC-BM1-Normal_CTAAGACAGTGCCATT-1	B	RCC-BM1	Adjacent	FALSE
RCC-BM1-Normal_CTAATGGAGATAGTCA-1	B	RCC-BM1	Adjacent	FALSE
RCC-BM1-Normal_CTAATGGAGTACGTTC-1	B	RCC-BM1	Adjacent	FALSE
RCC-BM1-Normal_CTAATGGTCTCTAAGG-1	B	RCC-BM1	Adjacent	FALSE
RCC-BM1-Normal_CTACACCCAGGACGTA-1	B	RCC-BM1	Adjacent	FALSE
RCC-BM1-Normal_CTACACCCATCCTAGA-1	B	RCC-BM1	Adjacent	FALSE
RCC-BM1-Normal_CTACATTAGTAGCCGA-1	B	RCC-BM1	Adjacent	FALSE
RCC-BM1-Normal_CTACATTCAGCTTCGG-1	B	RCC-BM1	Adjacent	FALSE
RCC-BM1-Normal_CTACATTGTGAGTATA-1	B	RCC-BM1	Adjacent	FALSE
RCC-BM1-Normal_CTACCCAAGCTAACTC-1	B	RCC-BM1	Adjacent	FALSE
RCC-BM1-Normal_CTACCCAGTACATGTC-1	B	RCC-BM1	Adjacent	FALSE
RCC-BM1-Normal_CTAGAGTAGATCTGCT-1	B	RCC-BM1	Adjacent	FALSE
RCC-BM1-Normal_CTAGAGTAGTATTGGA-1	B	RCC-BM1	Adjacent	FALSE
RCC-BM1-Normal_CTAGAGTCACCGTTGG-1	B	RCC-BM1	Adjacent	FALSE
RCC-BM1-Normal_CTAGAGTGTCATATGC-1	B	RCC-BM1	Adjacent	FALSE
RCC-BM1-Normal_CTAGCCTAGTCCGGTC-1	B	RCC-BM1	Adjacent	FALSE
RCC-BM1-Normal_CTAGCCTCAAGGGTCA-1	B	RCC-BM1	Adjacent	FALSE
RCC-BM1-Normal_CTAGCCTGTGGAAAGA-1	B	RCC-BM1	Adjacent	FALSE
RCC-BM1-Normal_CTAGCCTGTGTGAATA-1	B	RCC-BM1	Adjacent	FALSE
RCC-BM1-Normal_CTAGTGAAGTAGGCCA-1	B	RCC-BM1	Adjacent	FALSE
RCC-BM1-Normal_CTAGTGACAAACCCAT-1	B	RCC-BM1	Adjacent	FALSE
RCC-BM1-Normal_CTAGTGAGTTTGTGTG-1	B	RCC-BM1	Adjacent	FALSE
RCC-BM1-Normal_CTCACACAGTAGGCCA-1	B	RCC-BM1	Adjacent	FALSE
RCC-BM1-Normal_CTCACACTCACAGGCC-1	B	RCC-BM1	Adjacent	FALSE
RCC-BM1-Normal_CTCATTAGTACGAAAT-1	B	RCC-BM1	Adjacent	FALSE
RCC-BM1-Normal_CTCCTAGTCCACGCAG-1	B	RCC-BM1	Adjacent	TRUE
RCC-BM1-Normal_CTCGAAAAGGGTCTCC-1	B	RCC-BM1	Adjacent	FALSE
RCC-BM1-Normal_CTCGAAACATCACGAT-1	B	RCC-BM1	Adjacent	FALSE
RCC-BM1-Normal_CTCGAAATCACTTACT-1	B	RCC-BM1	Adjacent	FALSE
RCC-BM1-Normal_CTCGAGGAGTGGTAAT-1	B	RCC-BM1	Adjacent	FALSE
RCC-BM1-Normal_CTCGAGGGTTTGTTTC-1	B	RCC-BM1	Adjacent	FALSE
RCC-BM1-Normal_CTCGGAGAGAATTGTG-1	B	RCC-BM1	Adjacent	FALSE
RCC-BM1-Normal_CTCGGAGTCGGATGTT-1	B	RCC-BM1	Adjacent	FALSE
RCC-BM1-Normal_CTCGGGAGTTGGAGGT-1	B	RCC-BM1	Adjacent	FALSE
RCC-BM1-Normal_CTCGTACCAGTAAGAT-1	B	RCC-BM1	Adjacent	FALSE
RCC-BM1-Normal_CTCGTACTCCGTTGCT-1	B	RCC-BM1	Adjacent	FALSE
RCC-BM1-Normal_CTCGTCACACAGGAGT-1	B	RCC-BM1	Adjacent	FALSE
RCC-BM1-Normal_CTCGTCACAGTCTTCC-1	B	RCC-BM1	Adjacent	FALSE
RCC-BM1-Normal_CTCGTCAGTCTGCAAT-1	B	RCC-BM1	Adjacent	FALSE
RCC-BM1-Normal_CTCTAATGTGGTGTAG-1	B	RCC-BM1	Adjacent	FALSE
RCC-BM1-Normal_CTCTAATTCAGGCGAA-1	B	RCC-BM1	Adjacent	FALSE
RCC-BM1-Normal_CTCTACGGTAAATACG-1	B	RCC-BM1	Adjacent	FALSE
RCC-BM1-Normal_CTCTACGTCCCGACTT-1	B	RCC-BM1	Adjacent	FALSE
RCC-BM1-Normal_CTCTACGTCGAACGGA-1	B	RCC-BM1	Adjacent	FALSE
RCC-BM1-Normal_CTGAAACGTACAAGTA-1	B	RCC-BM1	Adjacent	FALSE
RCC-BM1-Normal_CTGAAACTCCAAGTAC-1	B	RCC-BM1	Adjacent	FALSE
RCC-BM1-Normal_CTGAAGTAGCTGCCCA-1	B	RCC-BM1	Adjacent	FALSE
RCC-BM1-Normal_CTGAAGTGTTGAGTTC-1	B	RCC-BM1	Adjacent	FALSE
RCC-BM1-Normal_CTGAAGTTCGCCAGCA-1	B	RCC-BM1	Adjacent	TRUE
RCC-BM1-Normal_CTGATAGTCCTCCTAG-1	B	RCC-BM1	Adjacent	FALSE
RCC-BM1-Normal_CTGATAGTCGTTTATC-1	B	RCC-BM1	Adjacent	FALSE
RCC-BM1-Normal_CTGATCCAGTACGCCC-1	B	RCC-BM1	Adjacent	FALSE
RCC-BM1-Normal_CTGATCCCACGCATCG-1	B	RCC-BM1	Adjacent	FALSE
RCC-BM1-Normal_CTGATCCGTAATCACC-1	B	RCC-BM1	Adjacent	FALSE
RCC-BM1-Normal_CTGATCCTCCTGCAGG-1	B	RCC-BM1	Adjacent	FALSE
RCC-BM1-Normal_CTGCCTAGTAACGTTC-1	B	RCC-BM1	Adjacent	FALSE
RCC-BM1-Normal_CTGCCTAGTGCACTTA-1	B	RCC-BM1	Adjacent	FALSE
RCC-BM1-Normal_CTGCGGAAGGTGCACA-1	B	RCC-BM1	Adjacent	FALSE
RCC-BM1-Normal_CTGCGGATCCTTGACC-1	B	RCC-BM1	Adjacent	FALSE
RCC-BM1-Normal_CTGCGGATCTACTATC-1	B	RCC-BM1	Adjacent	FALSE
RCC-BM1-Normal_CTGCTGTGTCATGCAT-1	B	RCC-BM1	Adjacent	FALSE
RCC-BM1-Normal_CTGCTGTTCCAAAGTC-1	B	RCC-BM1	Adjacent	FALSE
RCC-BM1-Normal_CTGGTCTAGGGTATCG-1	B	RCC-BM1	Adjacent	FALSE
RCC-BM1-Normal_CTGGTCTAGGTAGCTG-1	B	RCC-BM1	Adjacent	FALSE
RCC-BM1-Normal_CTGGTCTTCTGAGTGT-1	B	RCC-BM1	Adjacent	FALSE
RCC-BM1-Normal_CTGTGCTAGCGCTCCA-1	B	RCC-BM1	Adjacent	FALSE
RCC-BM1-Normal_CTGTGCTCACATTTCT-1	B	RCC-BM1	Adjacent	FALSE
RCC-BM1-Normal_CTGTTTACACCGTTGG-1	B	RCC-BM1	Adjacent	FALSE
RCC-BM1-Normal_CTTAACTAGATAGCAT-1	B	RCC-BM1	Adjacent	FALSE
RCC-BM1-Normal_CTTAACTAGATCGATA-1	B	RCC-BM1	Adjacent	FALSE
RCC-BM1-Normal_CTTAACTAGTGCCATT-1	B	RCC-BM1	Adjacent	FALSE
RCC-BM1-Normal_CTTAACTCAAACCTAC-1	B	RCC-BM1	Adjacent	FALSE
RCC-BM1-Normal_CTTAACTCATGACATC-1	B	RCC-BM1	Adjacent	FALSE
RCC-BM1-Normal_CTTACCGAGCGTAATA-1	B	RCC-BM1	Adjacent	FALSE
RCC-BM1-Normal_CTTACCGCAAAGAATC-1	B	RCC-BM1	Adjacent	FALSE
RCC-BM1-Normal_CTTACCGTCCAAATGC-1	B	RCC-BM1	Adjacent	FALSE
RCC-BM1-Normal_CTTAGGAAGGCTACGA-1	B	RCC-BM1	Adjacent	FALSE
RCC-BM1-Normal_CTTAGGAAGTGACTCT-1	B	RCC-BM1	Adjacent	FALSE
RCC-BM1-Normal_CTTAGGACACAAGACG-1	B	RCC-BM1	Adjacent	FALSE
RCC-BM1-Normal_CTTAGGATCATTGCGA-1	B	RCC-BM1	Adjacent	FALSE
RCC-BM1-Normal_CTTCTCTCAGATCCAT-1	B	RCC-BM1	Adjacent	TRUE
RCC-BM1-Normal_CTTCTCTGTTCGAATC-1	B	RCC-BM1	Adjacent	FALSE
RCC-BM1-Normal_CTTCTCTGTTGGTAAA-1	B	RCC-BM1	Adjacent	FALSE
RCC-BM1-Normal_CTTGGCTAGACCCACC-1	B	RCC-BM1	Adjacent	FALSE
RCC-BM1-Normal_GAAACTCCAAAGTGCG-1	B	RCC-BM1	Adjacent	FALSE
RCC-BM1-Normal_GAAATGACAATACGCT-1	B	RCC-BM1	Adjacent	FALSE
RCC-BM1-Normal_GAAATGATCACAAACC-1	B	RCC-BM1	Adjacent	FALSE
RCC-BM1-Normal_GAACATCTCAGTCCCT-1	B	RCC-BM1	Adjacent	FALSE
RCC-BM1-Normal_GAACCTACAACTTGAC-1	B	RCC-BM1	Adjacent	FALSE
RCC-BM1-Normal_GAACCTACACCGGAAA-1	B	RCC-BM1	Adjacent	FALSE
RCC-BM1-Normal_GAACCTATCCTCATTA-1	B	RCC-BM1	Adjacent	FALSE
RCC-BM1-Normal_GAACCTATCGAACGGA-1	B	RCC-BM1	Adjacent	FALSE
RCC-BM1-Normal_GAACGGAAGGCCGAAT-1	B	RCC-BM1	Adjacent	FALSE
RCC-BM1-Normal_GAAGCAGAGGCTCATT-1	B	RCC-BM1	Adjacent	FALSE
RCC-BM1-Normal_GAAGCAGGTAGCGTCC-1	B	RCC-BM1	Adjacent	FALSE
RCC-BM1-Normal_GAAGCAGTCTCCTATA-1	B	RCC-BM1	Adjacent	FALSE
RCC-BM1-Normal_GAATAAGAGGGCTTCC-1	B	RCC-BM1	Adjacent	FALSE
RCC-BM1-Normal_GAATAAGCAATACGCT-1	B	RCC-BM1	Adjacent	FALSE
RCC-BM1-Normal_GACACGCAGCTACCGC-1	B	RCC-BM1	Adjacent	FALSE
RCC-BM1-Normal_GACACGCAGTCAATAG-1	B	RCC-BM1	Adjacent	TRUE
RCC-BM1-Normal_GACACGCGTCGATTGT-1	B	RCC-BM1	Adjacent	FALSE
RCC-BM1-Normal_GACACGCTCGTTTAGG-1	B	RCC-BM1	Adjacent	FALSE
RCC-BM1-Normal_GACAGAGAGGCAATTA-1	B	RCC-BM1	Adjacent	FALSE
RCC-BM1-Normal_GACAGAGTCGAGCCCA-1	B	RCC-BM1	Adjacent	TRUE
RCC-BM1-Normal_GACCAATGTGGTAACG-1	B	RCC-BM1	Adjacent	FALSE
RCC-BM1-Normal_GACCTGGGTCTCAACA-1	B	RCC-BM1	Adjacent	FALSE
RCC-BM1-Normal_GACCTGGTCGTCTGAA-1	B	RCC-BM1	Adjacent	FALSE
RCC-BM1-Normal_GACGCGTCATAGGATA-1	B	RCC-BM1	Adjacent	FALSE
RCC-BM1-Normal_GACGCGTGTGACGCCT-1	B	RCC-BM1	Adjacent	FALSE
RCC-BM1-Normal_GACGCGTTCGGACAAG-1	B	RCC-BM1	Adjacent	FALSE
RCC-BM1-Normal_GACGGCTCACCATCCT-1	B	RCC-BM1	Adjacent	FALSE
RCC-BM1-Normal_GACGGCTGTGATGTCT-1	B	RCC-BM1	Adjacent	FALSE
RCC-BM1-Normal_GACGGCTTCACGCGGT-1	B	RCC-BM1	Adjacent	FALSE
RCC-BM1-Normal_GACGTGCCAAAGCAAT-1	B	RCC-BM1	Adjacent	FALSE
RCC-BM1-Normal_GACGTTATCACGACTA-1	B	RCC-BM1	Adjacent	FALSE
RCC-BM1-Normal_GACTAACAGACAGACC-1	B	RCC-BM1	Adjacent	FALSE
RCC-BM1-Normal_GACTACAAGTTACGGG-1	B	RCC-BM1	Adjacent	FALSE
RCC-BM1-Normal_GACTACAGTCATATCG-1	B	RCC-BM1	Adjacent	FALSE
RCC-BM1-Normal_GACTGCGAGGCATTGG-1	B	RCC-BM1	Adjacent	FALSE
RCC-BM1-Normal_GACTGCGCATTGGTAC-1	B	RCC-BM1	Adjacent	FALSE
RCC-BM1-Normal_GAGCAGACACTGTTAG-1	B	RCC-BM1	Adjacent	FALSE
RCC-BM1-Normal_GAGCAGAGTCGATTGT-1	B	RCC-BM1	Adjacent	FALSE
RCC-BM1-Normal_GAGCAGATCCTTAATC-1	B	RCC-BM1	Adjacent	FALSE
RCC-BM1-Normal_GAGGTGACAGGAACGT-1	B	RCC-BM1	Adjacent	FALSE
RCC-BM1-Normal_GAGTCCGAGCTACCTA-1	B	RCC-BM1	Adjacent	FALSE
RCC-BM1-Normal_GAGTCCGGTGTGAATA-1	B	RCC-BM1	Adjacent	FALSE
RCC-BM1-Normal_GAGTCCGTCCGAACGC-1	B	RCC-BM1	Adjacent	FALSE
RCC-BM1-Normal_GATCAGTCAGCTGGCT-1	B	RCC-BM1	Adjacent	FALSE
RCC-BM1-Normal_GATCAGTCATCCCATC-1	B	RCC-BM1	Adjacent	FALSE
RCC-BM1-Normal_GATCAGTGTAAACGCG-1	B	RCC-BM1	Adjacent	FALSE
RCC-BM1-Normal_GATCAGTTCACGACTA-1	B	RCC-BM1	Adjacent	FALSE
RCC-BM1-Normal_GATCAGTTCTCATTCA-1	B	RCC-BM1	Adjacent	FALSE
RCC-BM1-Normal_GATCGATCAGGATCGA-1	B	RCC-BM1	Adjacent	FALSE
RCC-BM1-Normal_GATCGATGTCTACCTC-1	B	RCC-BM1	Adjacent	FALSE
RCC-BM1-Normal_GATCGCGAGCCTATGT-1	B	RCC-BM1	Adjacent	FALSE
RCC-BM1-Normal_GATCGCGAGTTCGCAT-1	B	RCC-BM1	Adjacent	FALSE
RCC-BM1-Normal_GATCGCGCATCGTCGG-1	B	RCC-BM1	Adjacent	FALSE
RCC-BM1-Normal_GATCGTAAGACTGGGT-1	B	RCC-BM1	Adjacent	FALSE
RCC-BM1-Normal_GATCGTACACGAGGTA-1	B	RCC-BM1	Adjacent	FALSE
RCC-BM1-Normal_GATCTAGAGGTTCCTA-1	B	RCC-BM1	Adjacent	FALSE
RCC-BM1-Normal_GATCTAGGTCGAGTTT-1	B	RCC-BM1	Adjacent	FALSE
RCC-BM1-Normal_GATGAAAGTAAAGTCA-1	B	RCC-BM1	Adjacent	FALSE
RCC-BM1-Normal_GATGAAATCCTAGGGC-1	B	RCC-BM1	Adjacent	TRUE
RCC-BM1-Normal_GATGAAATCTTGTCAT-1	B	RCC-BM1	Adjacent	FALSE
RCC-BM1-Normal_GATGAGGCAGTAAGAT-1	B	RCC-BM1	Adjacent	FALSE
RCC-BM1-Normal_GATGAGGTCATAAAGG-1	B	RCC-BM1	Adjacent	FALSE
RCC-BM1-Normal_GATGAGGTCCACGCAG-1	B	RCC-BM1	Adjacent	FALSE
RCC-BM1-Normal_GATGAGGTCCTTTACA-1	B	RCC-BM1	Adjacent	FALSE
RCC-BM1-Normal_GATGCTAGTTCGGCAC-1	B	RCC-BM1	Adjacent	FALSE
RCC-BM1-Normal_GATTCAGTCAGTGCAT-1	B	RCC-BM1	Adjacent	FALSE
RCC-BM1-Normal_GATTCAGTCGCCGTGA-1	B	RCC-BM1	Adjacent	TRUE
RCC-BM1-Normal_GCAAACTCATAGAAAC-1	B	RCC-BM1	Adjacent	FALSE
RCC-BM1-Normal_GCAATCAAGAAACCTA-1	B	RCC-BM1	Adjacent	FALSE
RCC-BM1-Normal_GCACATAAGAAGGACA-1	B	RCC-BM1	Adjacent	TRUE
RCC-BM1-Normal_GCACATAAGAAGGGTA-1	B	RCC-BM1	Adjacent	FALSE
RCC-BM1-Normal_GCACATATCCGTACAA-1	B	RCC-BM1	Adjacent	FALSE
RCC-BM1-Normal_GCACTCTCATCGACGC-1	B	RCC-BM1	Adjacent	FALSE
RCC-BM1-Normal_GCAGCCATCCTCAATT-1	B	RCC-BM1	Adjacent	FALSE
RCC-BM1-Normal_GCAGTTAAGATAGGAG-1	B	RCC-BM1	Adjacent	FALSE
RCC-BM1-Normal_GCATACAGTCGTCTTC-1	B	RCC-BM1	Adjacent	FALSE
RCC-BM1-Normal_GCATACAGTTTCCACC-1	B	RCC-BM1	Adjacent	FALSE
RCC-BM1-Normal_GCATACATCATGCTCC-1	B	RCC-BM1	Adjacent	FALSE
RCC-BM1-Normal_GCATACATCCTGCTTG-1	B	RCC-BM1	Adjacent	FALSE
RCC-BM1-Normal_GCATGATTCGTGGACC-1	B	RCC-BM1	Adjacent	FALSE
RCC-BM1-Normal_GCATGATTCTGTCTCG-1	B	RCC-BM1	Adjacent	FALSE
RCC-BM1-Normal_GCATGCGCAATCTGCA-1	B	RCC-BM1	Adjacent	FALSE
RCC-BM1-Normal_GCATGTAGTGTTAAGA-1	B	RCC-BM1	Adjacent	FALSE
RCC-BM1-Normal_GCATGTATCAGTGCAT-1	B	RCC-BM1	Adjacent	FALSE
RCC-BM1-Normal_GCCAAATAGATGCCTT-1	B	RCC-BM1	Adjacent	FALSE
RCC-BM1-Normal_GCGACCACACCGAAAG-1	B	RCC-BM1	Adjacent	FALSE
RCC-BM1-Normal_GCGACCATCCACTCCA-1	B	RCC-BM1	Adjacent	FALSE
RCC-BM1-Normal_GCGAGAAGTCGTCTTC-1	B	RCC-BM1	Adjacent	FALSE
RCC-BM1-Normal_GCGCAACAGTCAATAG-1	B	RCC-BM1	Adjacent	FALSE
RCC-BM1-Normal_GCGCAACGTCGGCACT-1	B	RCC-BM1	Adjacent	FALSE
RCC-BM1-Normal_GCGCAACTCGCCTGTT-1	B	RCC-BM1	Adjacent	FALSE
RCC-BM1-Normal_GCGCAGTGTAAACACA-1	B	RCC-BM1	Adjacent	FALSE
RCC-BM1-Normal_GCGCCAACAGATTGCT-1	B	RCC-BM1	Adjacent	FALSE
RCC-BM1-Normal_GCGCCAACAGCCTTTC-1	B	RCC-BM1	Adjacent	FALSE
RCC-BM1-Normal_GCGCGATCAGTAACGG-1	B	RCC-BM1	Adjacent	FALSE
RCC-BM1-Normal_GCTCCTAGTAAGGGCT-1	B	RCC-BM1	Adjacent	FALSE
RCC-BM1-Normal_GCTCCTAGTTGTTTGG-1	B	RCC-BM1	Adjacent	TRUE
RCC-BM1-Normal_GCTCCTATCGAATCCA-1	B	RCC-BM1	Adjacent	FALSE
RCC-BM1-Normal_GCTGCAGGTCTCATCC-1	B	RCC-BM1	Adjacent	FALSE
RCC-BM1-Normal_GCTGCGACATCGTCGG-1	B	RCC-BM1	Adjacent	FALSE
RCC-BM1-Normal_GCTGCGAGTAAAGTCA-1	B	RCC-BM1	Adjacent	FALSE
RCC-BM1-Normal_GCTGCTTAGAAACCAT-1	B	RCC-BM1	Adjacent	FALSE
RCC-BM1-Normal_GCTGCTTAGCTGATAA-1	B	RCC-BM1	Adjacent	FALSE
RCC-BM1-Normal_GCTGCTTCATATACCG-1	B	RCC-BM1	Adjacent	TRUE
RCC-BM1-Normal_GCTGGGTTCTACCTGC-1	B	RCC-BM1	Adjacent	FALSE
RCC-BM1-Normal_GCTTGAACAGCGATCC-1	B	RCC-BM1	Adjacent	FALSE
RCC-BM1-Normal_GGAAAGCCACCCTATC-1	B	RCC-BM1	Adjacent	FALSE
RCC-BM1-Normal_GGAAAGCGTCAGTGGA-1	B	RCC-BM1	Adjacent	FALSE
RCC-BM1-Normal_GGAACTTAGTCGAGTG-1	B	RCC-BM1	Adjacent	FALSE
RCC-BM1-Normal_GGAACTTCAATCAGAA-1	B	RCC-BM1	Adjacent	FALSE
RCC-BM1-Normal_GGAACTTGTTGCCTCT-1	B	RCC-BM1	Adjacent	FALSE
RCC-BM1-Normal_GGAACTTTCGCGGATC-1	B	RCC-BM1	Adjacent	FALSE
RCC-BM1-Normal_GGAACTTTCGGAAATA-1	B	RCC-BM1	Adjacent	FALSE
RCC-BM1-Normal_GGAATAAGTGTGAAAT-1	B	RCC-BM1	Adjacent	FALSE
RCC-BM1-Normal_GGAATAATCTTATCTG-1	B	RCC-BM1	Adjacent	FALSE
RCC-BM1-Normal_GGACAAGCAACACGCC-1	B	RCC-BM1	Adjacent	FALSE
RCC-BM1-Normal_GGACAAGGTCTCCACT-1	B	RCC-BM1	Adjacent	FALSE
RCC-BM1-Normal_GGACATTTCCAAGCCG-1	B	RCC-BM1	Adjacent	FALSE
RCC-BM1-Normal_GGACGTCAGACACTAA-1	B	RCC-BM1	Adjacent	FALSE
RCC-BM1-Normal_GGAGCAACAGCGTAAG-1	B	RCC-BM1	Adjacent	FALSE
RCC-BM1-Normal_GGAGCAAGTCACACGC-1	B	RCC-BM1	Adjacent	FALSE
RCC-BM1-Normal_GGAGCAATCCTATTCA-1	B	RCC-BM1	Adjacent	FALSE
RCC-BM1-Normal_GGATGTTCAATCAGAA-1	B	RCC-BM1	Adjacent	TRUE
RCC-BM1-Normal_GGATGTTCACCAGGTC-1	B	RCC-BM1	Adjacent	FALSE
RCC-BM1-Normal_GGATTACCACCATGTA-1	B	RCC-BM1	Adjacent	FALSE
RCC-BM1-Normal_GGCCGATAGGCTCTTA-1	B	RCC-BM1	Adjacent	FALSE
RCC-BM1-Normal_GGCCGATCACATGTGT-1	B	RCC-BM1	Adjacent	FALSE
RCC-BM1-Normal_GGCGACTCAAGGACTG-1	B	RCC-BM1	Adjacent	FALSE
RCC-BM1-Normal_GGCGACTGTCGCGTGT-1	B	RCC-BM1	Adjacent	FALSE
RCC-BM1-Normal_GGCGACTGTTGCCTCT-1	B	RCC-BM1	Adjacent	FALSE
RCC-BM1-Normal_GGCGACTTCCTTTACA-1	B	RCC-BM1	Adjacent	TRUE
RCC-BM1-Normal_GGCGTGTTCGGCCGAT-1	B	RCC-BM1	Adjacent	FALSE
RCC-BM1-Normal_GGCTCGACACGAAGCA-1	B	RCC-BM1	Adjacent	FALSE
RCC-BM1-Normal_GGCTGGTGTATAGGTA-1	B	RCC-BM1	Adjacent	FALSE
RCC-BM1-Normal_GGCTGGTTCCGTAGGC-1	B	RCC-BM1	Adjacent	TRUE
RCC-BM1-Normal_GGGAATGTCCTCAATT-1	B	RCC-BM1	Adjacent	FALSE
RCC-BM1-Normal_GGGATGACACCTATCC-1	B	RCC-BM1	Adjacent	FALSE
RCC-BM1-Normal_GGGATGACACGAAGCA-1	B	RCC-BM1	Adjacent	FALSE
RCC-BM1-Normal_GGGCACTCACCGAATT-1	B	RCC-BM1	Adjacent	FALSE
RCC-BM1-Normal_GGGCATCAGGGCACTA-1	B	RCC-BM1	Adjacent	FALSE
RCC-BM1-Normal_GGGTCTGCAAGTACCT-1	B	RCC-BM1	Adjacent	FALSE
RCC-BM1-Normal_GGTATTGAGATACACA-1	B	RCC-BM1	Adjacent	FALSE
RCC-BM1-Normal_GGTATTGAGCTCAACT-1	B	RCC-BM1	Adjacent	FALSE
RCC-BM1-Normal_GGTATTGCAGCCTTGG-1	B	RCC-BM1	Adjacent	FALSE
RCC-BM1-Normal_GGTGCGTAGAGCTATA-1	B	RCC-BM1	Adjacent	FALSE
RCC-BM1-Normal_GGTGCGTCAATGACCT-1	B	RCC-BM1	Adjacent	FALSE
RCC-BM1-Normal_GGTGCGTCAGGCTGAA-1	B	RCC-BM1	Adjacent	FALSE
RCC-BM1-Normal_GGTGTTAAGGACAGAA-1	B	RCC-BM1	Adjacent	FALSE
RCC-BM1-Normal_GGTGTTAAGTGTGGCA-1	B	RCC-BM1	Adjacent	FALSE
RCC-BM1-Normal_GGTGTTAGTATTCTCT-1	B	RCC-BM1	Adjacent	TRUE
RCC-BM1-Normal_GTAACGTGTTATCACG-1	B	RCC-BM1	Adjacent	FALSE
RCC-BM1-Normal_GTAACGTTCATCTGCC-1	B	RCC-BM1	Adjacent	FALSE
RCC-BM1-Normal_GTAACGTTCATGTGGT-1	B	RCC-BM1	Adjacent	FALSE
RCC-BM1-Normal_GTAACTGCAAACTGTC-1	B	RCC-BM1	Adjacent	FALSE
RCC-BM1-Normal_GTAACTGTCGCATGAT-1	B	RCC-BM1	Adjacent	FALSE
RCC-BM1-Normal_GTACTCCCAGCGAACA-1	B	RCC-BM1	Adjacent	TRUE
RCC-BM1-Normal_GTACTCCGTGAAATCA-1	B	RCC-BM1	Adjacent	FALSE
RCC-BM1-Normal_GTACTTTGTATAGTAG-1	B	RCC-BM1	Adjacent	FALSE
RCC-BM1-Normal_GTACTTTTCCCTTGTG-1	B	RCC-BM1	Adjacent	TRUE
RCC-BM1-Normal_GTAGGCCAGAAGATTC-1	B	RCC-BM1	Adjacent	FALSE
RCC-BM1-Normal_GTAGGCCCAAGGGTCA-1	B	RCC-BM1	Adjacent	FALSE
RCC-BM1-Normal_GTAGGCCTCACTCCTG-1	B	RCC-BM1	Adjacent	FALSE
RCC-BM1-Normal_GTAGTCACATCGGGTC-1	B	RCC-BM1	Adjacent	FALSE
RCC-BM1-Normal_GTAGTCATCCACGAAT-1	B	RCC-BM1	Adjacent	FALSE
RCC-BM1-Normal_GTATCTTTCGCCATAA-1	B	RCC-BM1	Adjacent	FALSE
RCC-BM1-Normal_GTATTCTTCAGCGACC-1	B	RCC-BM1	Adjacent	FALSE
RCC-BM1-Normal_GTCAAGTTCCCTCAGT-1	B	RCC-BM1	Adjacent	FALSE
RCC-BM1-Normal_GTCACAAAGCGATATA-1	B	RCC-BM1	Adjacent	FALSE
RCC-BM1-Normal_GTCACAACACCAGATT-1	B	RCC-BM1	Adjacent	FALSE
RCC-BM1-Normal_GTCACGGGTTCGAATC-1	B	RCC-BM1	Adjacent	FALSE
RCC-BM1-Normal_GTCATTTAGATGTGGC-1	B	RCC-BM1	Adjacent	FALSE
RCC-BM1-Normal_GTCATTTCATCACGAT-1	B	RCC-BM1	Adjacent	FALSE
RCC-BM1-Normal_GTCATTTGTTTAGCTG-1	B	RCC-BM1	Adjacent	FALSE
RCC-BM1-Normal_GTCATTTTCAAACCAC-1	B	RCC-BM1	Adjacent	TRUE
RCC-BM1-Normal_GTCATTTTCACAGTAC-1	B	RCC-BM1	Adjacent	FALSE
RCC-BM1-Normal_GTCATTTTCTGTACGA-1	B	RCC-BM1	Adjacent	FALSE
RCC-BM1-Normal_GTCGTAAGTGTTTGTG-1	B	RCC-BM1	Adjacent	FALSE
RCC-BM1-Normal_GTGAAGGCACGCTTTC-1	B	RCC-BM1	Adjacent	FALSE
RCC-BM1-Normal_GTGAAGGCACTAAGTC-1	B	RCC-BM1	Adjacent	FALSE
RCC-BM1-Normal_GTGCAGCAGCGTGAAC-1	B	RCC-BM1	Adjacent	FALSE
RCC-BM1-Normal_GTGCAGCCAGCGAACA-1	B	RCC-BM1	Adjacent	FALSE
RCC-BM1-Normal_GTGCAGCCAGCTCGCA-1	B	RCC-BM1	Adjacent	FALSE
RCC-BM1-Normal_GTGCAGCTCTTGCATT-1	B	RCC-BM1	Adjacent	FALSE
RCC-BM1-Normal_GTGCATAAGTATTGGA-1	B	RCC-BM1	Adjacent	FALSE
RCC-BM1-Normal_GTGCATATCTGGCGAC-1	B	RCC-BM1	Adjacent	FALSE
RCC-BM1-Normal_GTGCGGTAGTGTTTGC-1	B	RCC-BM1	Adjacent	FALSE
RCC-BM1-Normal_GTGCTTCCAGGTCCAC-1	B	RCC-BM1	Adjacent	FALSE
RCC-BM1-Normal_GTGGGTCCACATGTGT-1	B	RCC-BM1	Adjacent	FALSE
RCC-BM1-Normal_GTGTGCGAGTAATCCC-1	B	RCC-BM1	Adjacent	FALSE
RCC-BM1-Normal_GTGTTAGAGAAGGTGA-1	B	RCC-BM1	Adjacent	FALSE
RCC-BM1-Normal_GTGTTAGAGAGCTATA-1	B	RCC-BM1	Adjacent	FALSE
RCC-BM1-Normal_GTGTTAGTCGGGAGTA-1	B	RCC-BM1	Adjacent	FALSE
RCC-BM1-Normal_GTTAAGCCAGTCAGCC-1	B	RCC-BM1	Adjacent	FALSE
RCC-BM1-Normal_GTTAAGCGTCTCTTTA-1	B	RCC-BM1	Adjacent	FALSE
RCC-BM1-Normal_GTTAAGCTCTGATTCT-1	B	RCC-BM1	Adjacent	TRUE
RCC-BM1-Normal_GTTCATTGTTGGGACA-1	B	RCC-BM1	Adjacent	FALSE
RCC-BM1-Normal_GTTCGGGAGGCTAGCA-1	B	RCC-BM1	Adjacent	FALSE
RCC-BM1-Normal_GTTCGGGAGGTGTTAA-1	B	RCC-BM1	Adjacent	FALSE
RCC-BM1-Normal_GTTCGGGCAAACGCGA-1	B	RCC-BM1	Adjacent	FALSE
RCC-BM1-Normal_GTTCTCGCAAGACACG-1	B	RCC-BM1	Adjacent	FALSE
RCC-BM1-Normal_GTTTCTACATCGACGC-1	B	RCC-BM1	Adjacent	FALSE
RCC-BM1-Normal_TAAACCGCACTGAAGG-1	B	RCC-BM1	Adjacent	FALSE
RCC-BM1-Normal_TAAGCGTAGAGTACAT-1	B	RCC-BM1	Adjacent	FALSE
RCC-BM1-Normal_TAAGCGTCAAACTGTC-1	B	RCC-BM1	Adjacent	FALSE
RCC-BM1-Normal_TAAGTGCAGATAGGAG-1	B	RCC-BM1	Adjacent	FALSE
RCC-BM1-Normal_TACACGAAGGCATTGG-1	B	RCC-BM1	Adjacent	TRUE
RCC-BM1-Normal_TACACGAAGGTTACCT-1	B	RCC-BM1	Adjacent	FALSE
RCC-BM1-Normal_TACACGAGTCTAGTCA-1	B	RCC-BM1	Adjacent	TRUE
RCC-BM1-Normal_TACACGATCCTCGCAT-1	B	RCC-BM1	Adjacent	FALSE
RCC-BM1-Normal_TACACGATCTGAAAGA-1	B	RCC-BM1	Adjacent	FALSE
RCC-BM1-Normal_TACAGTGGTAATCGTC-1	B	RCC-BM1	Adjacent	FALSE
RCC-BM1-Normal_TACAGTGTCAATCACG-1	B	RCC-BM1	Adjacent	FALSE
RCC-BM1-Normal_TACAGTGTCAGAAATG-1	B	RCC-BM1	Adjacent	FALSE
RCC-BM1-Normal_TACCTATTCGTCCGTT-1	B	RCC-BM1	Adjacent	FALSE
RCC-BM1-Normal_TACGGATGTTCCCTTG-1	B	RCC-BM1	Adjacent	FALSE
RCC-BM1-Normal_TACGGGCAGGCGATAC-1	B	RCC-BM1	Adjacent	FALSE
RCC-BM1-Normal_TACGGGCTCGGCGGTT-1	B	RCC-BM1	Adjacent	FALSE
RCC-BM1-Normal_TACTCATAGTACATGA-1	B	RCC-BM1	Adjacent	FALSE
RCC-BM1-Normal_TACTCATCATCGACGC-1	B	RCC-BM1	Adjacent	FALSE
RCC-BM1-Normal_TACTCATGTATCTGCA-1	B	RCC-BM1	Adjacent	FALSE
RCC-BM1-Normal_TACTCATGTGAGTATA-1	B	RCC-BM1	Adjacent	FALSE
RCC-BM1-Normal_TACTCGCCATTCTTAC-1	B	RCC-BM1	Adjacent	FALSE
RCC-BM1-Normal_TACTCGCTCCCTGACT-1	B	RCC-BM1	Adjacent	FALSE
RCC-BM1-Normal_TACTTACAGTACGTTC-1	B	RCC-BM1	Adjacent	FALSE
RCC-BM1-Normal_TACTTACCACTACAGT-1	B	RCC-BM1	Adjacent	TRUE
RCC-BM1-Normal_TACTTACCAGGTCCAC-1	B	RCC-BM1	Adjacent	FALSE
RCC-BM1-Normal_TACTTACTCACTATTC-1	B	RCC-BM1	Adjacent	FALSE
RCC-BM1-Normal_TACTTACTCATACGGT-1	B	RCC-BM1	Adjacent	FALSE
RCC-BM1-Normal_TACTTGTGTATAATGG-1	B	RCC-BM1	Adjacent	FALSE
RCC-BM1-Normal_TACTTGTTCGCATGAT-1	B	RCC-BM1	Adjacent	FALSE
RCC-BM1-Normal_TACTTGTTCTTCGAGA-1	B	RCC-BM1	Adjacent	FALSE
RCC-BM1-Normal_TAGACCAGTGGTCCGT-1	B	RCC-BM1	Adjacent	FALSE
RCC-BM1-Normal_TAGACCATCCAAAGTC-1	B	RCC-BM1	Adjacent	FALSE
RCC-BM1-Normal_TAGAGCTCATGTTCCC-1	B	RCC-BM1	Adjacent	FALSE
RCC-BM1-Normal_TAGCCGGCAAGTTCTG-1	B	RCC-BM1	Adjacent	FALSE
RCC-BM1-Normal_TAGCCGGGTACAGTTC-1	B	RCC-BM1	Adjacent	FALSE
RCC-BM1-Normal_TAGTTGGAGATGTAAC-1	B	RCC-BM1	Adjacent	FALSE
RCC-BM1-Normal_TAGTTGGCAGCCTTTC-1	B	RCC-BM1	Adjacent	FALSE
RCC-BM1-Normal_TAGTTGGGTACATCCA-1	B	RCC-BM1	Adjacent	FALSE
RCC-BM1-Normal_TAGTTGGTCCGGGTGT-1	B	RCC-BM1	Adjacent	FALSE
RCC-BM1-Normal_TATCTCAAGCCGTCGT-1	B	RCC-BM1	Adjacent	FALSE
RCC-BM1-Normal_TATGCCCTCAGTTGAC-1	B	RCC-BM1	Adjacent	FALSE
RCC-BM1-Normal_TATGCCCTCGAGCCCA-1	B	RCC-BM1	Adjacent	FALSE
RCC-BM1-Normal_TATTACCAGCTCAACT-1	B	RCC-BM1	Adjacent	TRUE
RCC-BM1-Normal_TATTACCTCACCTCGT-1	B	RCC-BM1	Adjacent	FALSE
RCC-BM1-Normal_TCAACGAGTATAAACG-1	B	RCC-BM1	Adjacent	FALSE
RCC-BM1-Normal_TCAATCTAGAGCTGGT-1	B	RCC-BM1	Adjacent	FALSE
RCC-BM1-Normal_TCAATCTAGGTGCTAG-1	B	RCC-BM1	Adjacent	FALSE
RCC-BM1-Normal_TCAATCTAGTTCCACA-1	B	RCC-BM1	Adjacent	FALSE
RCC-BM1-Normal_TCAATCTGTGCTGTAT-1	B	RCC-BM1	Adjacent	FALSE
RCC-BM1-Normal_TCACAAGAGACGCAAC-1	B	RCC-BM1	Adjacent	TRUE
RCC-BM1-Normal_TCACAAGCATCCTAGA-1	B	RCC-BM1	Adjacent	FALSE
RCC-BM1-Normal_TCACAAGGTAATTGGA-1	B	RCC-BM1	Adjacent	FALSE
RCC-BM1-Normal_TCACGAATCACCATAG-1	B	RCC-BM1	Adjacent	FALSE
RCC-BM1-Normal_TCACGAATCCTGTAGA-1	B	RCC-BM1	Adjacent	FALSE
RCC-BM1-Normal_TCACGAATCTGTCCGT-1	B	RCC-BM1	Adjacent	FALSE
RCC-BM1-Normal_TCAGATGAGAAGGTTT-1	B	RCC-BM1	Adjacent	FALSE
RCC-BM1-Normal_TCAGATGCACCGCTAG-1	B	RCC-BM1	Adjacent	FALSE
RCC-BM1-Normal_TCAGATGTCAGCATGT-1	B	RCC-BM1	Adjacent	FALSE
RCC-BM1-Normal_TCAGCAACACCACCAG-1	B	RCC-BM1	Adjacent	FALSE
RCC-BM1-Normal_TCAGCAACATTAGCCA-1	B	RCC-BM1	Adjacent	TRUE
RCC-BM1-Normal_TCAGGATCAGATCGGA-1	B	RCC-BM1	Adjacent	FALSE
RCC-BM1-Normal_TCAGGATTCACTTACT-1	B	RCC-BM1	Adjacent	FALSE
RCC-BM1-Normal_TCAGGTAAGAACAATC-1	B	RCC-BM1	Adjacent	FALSE
RCC-BM1-Normal_TCAGGTAGTTTAGGAA-1	B	RCC-BM1	Adjacent	FALSE
RCC-BM1-Normal_TCATTACCACACATGT-1	B	RCC-BM1	Adjacent	FALSE
RCC-BM1-Normal_TCATTACCACTTAACG-1	B	RCC-BM1	Adjacent	FALSE
RCC-BM1-Normal_TCATTACCAGGGTTAG-1	B	RCC-BM1	Adjacent	FALSE
RCC-BM1-Normal_TCATTACTCAACGCTA-1	B	RCC-BM1	Adjacent	FALSE
RCC-BM1-Normal_TCATTACTCGCATGAT-1	B	RCC-BM1	Adjacent	FALSE
RCC-BM1-Normal_TCATTTGGTATAGTAG-1	B	RCC-BM1	Adjacent	FALSE
RCC-BM1-Normal_TCATTTGGTCCTGCTT-1	B	RCC-BM1	Adjacent	FALSE
RCC-BM1-Normal_TCCACACAGCGGCTTC-1	B	RCC-BM1	Adjacent	FALSE
RCC-BM1-Normal_TCCACACCAAATTGCC-1	B	RCC-BM1	Adjacent	FALSE
RCC-BM1-Normal_TCCACACCACTCGACG-1	B	RCC-BM1	Adjacent	FALSE
RCC-BM1-Normal_TCCCGATCAGCGTCCA-1	B	RCC-BM1	Adjacent	FALSE
RCC-BM1-Normal_TCCCGATCAGTTAACC-1	B	RCC-BM1	Adjacent	FALSE
RCC-BM1-Normal_TCCCGATTCTGGTGTA-1	B	RCC-BM1	Adjacent	FALSE
RCC-BM1-Normal_TCGAGGCAGATGCCAG-1	B	RCC-BM1	Adjacent	FALSE
RCC-BM1-Normal_TCGCGAGCAGACAAAT-1	B	RCC-BM1	Adjacent	FALSE
RCC-BM1-Normal_TCGCGAGCATAGACTC-1	B	RCC-BM1	Adjacent	FALSE
RCC-BM1-Normal_TCGCGTTAGTTCGCAT-1	B	RCC-BM1	Adjacent	FALSE
RCC-BM1-Normal_TCGCGTTCATCCAACA-1	B	RCC-BM1	Adjacent	FALSE
RCC-BM1-Normal_TCGCGTTGTCTGATTG-1	B	RCC-BM1	Adjacent	FALSE
RCC-BM1-Normal_TCGGTAAAGGTGGGTT-1	B	RCC-BM1	Adjacent	FALSE
RCC-BM1-Normal_TCGGTAACACTATCTT-1	B	RCC-BM1	Adjacent	FALSE
RCC-BM1-Normal_TCGGTAAGTCAGGACA-1	B	RCC-BM1	Adjacent	FALSE
RCC-BM1-Normal_TCGTACCGTAAGAGGA-1	B	RCC-BM1	Adjacent	FALSE
RCC-BM1-Normal_TCGTAGAAGAAGGGTA-1	B	RCC-BM1	Adjacent	FALSE
RCC-BM1-Normal_TCGTAGACATCAGTAC-1	B	RCC-BM1	Adjacent	FALSE
RCC-BM1-Normal_TCTCATACACATGTGT-1	B	RCC-BM1	Adjacent	FALSE
RCC-BM1-Normal_TCTCATACACCTCGTT-1	B	RCC-BM1	Adjacent	FALSE
RCC-BM1-Normal_TCTCATACATTCTCAT-1	B	RCC-BM1	Adjacent	FALSE
RCC-BM1-Normal_TCTCATATCTGAGGGA-1	B	RCC-BM1	Adjacent	FALSE
RCC-BM1-Normal_TCTCTAACACCACCAG-1	B	RCC-BM1	Adjacent	FALSE
RCC-BM1-Normal_TCTCTAAGTGCACTTA-1	B	RCC-BM1	Adjacent	FALSE
RCC-BM1-Normal_TCTGAGACAACACCCG-1	B	RCC-BM1	Adjacent	FALSE
RCC-BM1-Normal_TCTGGAAAGGATATAC-1	B	RCC-BM1	Adjacent	FALSE
RCC-BM1-Normal_TCTGGAAAGTGGACGT-1	B	RCC-BM1	Adjacent	FALSE
RCC-BM1-Normal_TCTGGAACACCAGTTA-1	B	RCC-BM1	Adjacent	FALSE
RCC-BM1-Normal_TCTGGAATCACCGGGT-1	B	RCC-BM1	Adjacent	FALSE
RCC-BM1-Normal_TCTTCGGCATCCTTGC-1	B	RCC-BM1	Adjacent	FALSE
RCC-BM1-Normal_TGAAAGACATGGTAGG-1	B	RCC-BM1	Adjacent	FALSE
RCC-BM1-Normal_TGAAAGAGTTCCAACA-1	B	RCC-BM1	Adjacent	TRUE
RCC-BM1-Normal_TGACAACGTTAAGGGC-1	B	RCC-BM1	Adjacent	FALSE
RCC-BM1-Normal_TGACAACTCCACGCAG-1	B	RCC-BM1	Adjacent	FALSE
RCC-BM1-Normal_TGACGGCGTCTAAAGA-1	B	RCC-BM1	Adjacent	FALSE
RCC-BM1-Normal_TGACTAGAGCGATCCC-1	B	RCC-BM1	Adjacent	FALSE
RCC-BM1-Normal_TGACTAGCATTAACCG-1	B	RCC-BM1	Adjacent	FALSE
RCC-BM1-Normal_TGACTAGTCTGGGCCA-1	B	RCC-BM1	Adjacent	FALSE
RCC-BM1-Normal_TGACTAGTCTTTACAC-1	B	RCC-BM1	Adjacent	FALSE
RCC-BM1-Normal_TGAGAGGCAGATGGCA-1	B	RCC-BM1	Adjacent	FALSE
RCC-BM1-Normal_TGAGAGGTCATCATTC-1	B	RCC-BM1	Adjacent	FALSE
RCC-BM1-Normal_TGAGAGGTCCAAACAC-1	B	RCC-BM1	Adjacent	FALSE
RCC-BM1-Normal_TGAGCATTCACCTTAT-1	B	RCC-BM1	Adjacent	FALSE
RCC-BM1-Normal_TGAGCCGAGCTTTGGT-1	B	RCC-BM1	Adjacent	FALSE
RCC-BM1-Normal_TGAGGGAGTATATCCG-1	B	RCC-BM1	Adjacent	FALSE
RCC-BM1-Normal_TGAGGGAGTGTTTGTG-1	B	RCC-BM1	Adjacent	FALSE
RCC-BM1-Normal_TGATTTCAGATCCCGC-1	B	RCC-BM1	Adjacent	FALSE
RCC-BM1-Normal_TGATTTCTCGACGGAA-1	B	RCC-BM1	Adjacent	FALSE
RCC-BM1-Normal_TGCCAAAGTAGGCATG-1	B	RCC-BM1	Adjacent	FALSE
RCC-BM1-Normal_TGCCCATCAAGGGTCA-1	B	RCC-BM1	Adjacent	FALSE
RCC-BM1-Normal_TGCCCATGTATATGGA-1	B	RCC-BM1	Adjacent	FALSE
RCC-BM1-Normal_TGCCCATTCTCCGGTT-1	B	RCC-BM1	Adjacent	TRUE
RCC-BM1-Normal_TGCCCTAAGTTTGCGT-1	B	RCC-BM1	Adjacent	FALSE
RCC-BM1-Normal_TGCCCTATCCTTTACA-1	B	RCC-BM1	Adjacent	FALSE
RCC-BM1-Normal_TGCCCTATCTTGTCAT-1	B	RCC-BM1	Adjacent	FALSE
RCC-BM1-Normal_TGCGCAGAGATCTGCT-1	B	RCC-BM1	Adjacent	FALSE
RCC-BM1-Normal_TGCGCAGCAGACGTAG-1	B	RCC-BM1	Adjacent	TRUE
RCC-BM1-Normal_TGCGCAGTCACCATAG-1	B	RCC-BM1	Adjacent	FALSE
RCC-BM1-Normal_TGCGGGTTCCCAACGG-1	B	RCC-BM1	Adjacent	FALSE
RCC-BM1-Normal_TGCGTGGTCGTCCAGG-1	B	RCC-BM1	Adjacent	FALSE
RCC-BM1-Normal_TGCTACCCAATCAGAA-1	B	RCC-BM1	Adjacent	FALSE
RCC-BM1-Normal_TGCTACCTCTCATTCA-1	B	RCC-BM1	Adjacent	FALSE
RCC-BM1-Normal_TGCTGCTGTCCCGACA-1	B	RCC-BM1	Adjacent	FALSE
RCC-BM1-Normal_TGCTGCTGTCTCCACT-1	B	RCC-BM1	Adjacent	FALSE
RCC-BM1-Normal_TGCTGCTTCCTATTCA-1	B	RCC-BM1	Adjacent	FALSE
RCC-BM1-Normal_TGGACGCCATCATCCC-1	B	RCC-BM1	Adjacent	FALSE
RCC-BM1-Normal_TGGACGCGTGACTCAT-1	B	RCC-BM1	Adjacent	FALSE
RCC-BM1-Normal_TGGACGCGTGTGGCTC-1	B	RCC-BM1	Adjacent	FALSE
RCC-BM1-Normal_TGGCCAGCATGGTCAT-1	B	RCC-BM1	Adjacent	FALSE
RCC-BM1-Normal_TGGCCAGGTACCGAGA-1	B	RCC-BM1	Adjacent	FALSE
RCC-BM1-Normal_TGGCGCACATCGGGTC-1	B	RCC-BM1	Adjacent	TRUE
RCC-BM1-Normal_TGGCGCAGTGCGATAG-1	B	RCC-BM1	Adjacent	FALSE
RCC-BM1-Normal_TGGCTGGTCTCGAGTA-1	B	RCC-BM1	Adjacent	FALSE
RCC-BM1-Normal_TGGGAAGTCAGGCGAA-1	B	RCC-BM1	Adjacent	FALSE
RCC-BM1-Normal_TGGGCGTAGTGGACGT-1	B	RCC-BM1	Adjacent	FALSE
RCC-BM1-Normal_TGGGCGTCATCTATGG-1	B	RCC-BM1	Adjacent	FALSE
RCC-BM1-Normal_TGGGCGTTCACTGGGC-1	B	RCC-BM1	Adjacent	FALSE
RCC-BM1-Normal_TGGTTAGCATGGTAGG-1	B	RCC-BM1	Adjacent	FALSE
RCC-BM1-Normal_TGGTTCCAGCCCGAAA-1	B	RCC-BM1	Adjacent	TRUE
RCC-BM1-Normal_TGTATTCAGGTGATAT-1	B	RCC-BM1	Adjacent	FALSE
RCC-BM1-Normal_TGTATTCTCCGCATCT-1	B	RCC-BM1	Adjacent	FALSE
RCC-BM1-Normal_TGTCCCAAGTGTTTGC-1	B	RCC-BM1	Adjacent	TRUE
RCC-BM1-Normal_TGTGGTAAGCCGCCTA-1	B	RCC-BM1	Adjacent	FALSE
RCC-BM1-Normal_TGTGTTTTCTCTAAGG-1	B	RCC-BM1	Adjacent	TRUE
RCC-BM1-Normal_TGTTCCGCAAGAGTCG-1	B	RCC-BM1	Adjacent	FALSE
RCC-BM1-Normal_TGTTCCGGTGATGATA-1	B	RCC-BM1	Adjacent	FALSE
RCC-BM1-Normal_TTAACTCCACCGATAT-1	B	RCC-BM1	Adjacent	FALSE
RCC-BM1-Normal_TTAGGCACATCACAAC-1	B	RCC-BM1	Adjacent	FALSE
RCC-BM1-Normal_TTATGCTGTACCATCA-1	B	RCC-BM1	Adjacent	FALSE
RCC-BM1-Normal_TTATGCTGTTCAGCGC-1	B	RCC-BM1	Adjacent	FALSE
RCC-BM1-Normal_TTATGCTGTTGTTTGG-1	B	RCC-BM1	Adjacent	FALSE
RCC-BM1-Normal_TTATGCTTCTACGAGT-1	B	RCC-BM1	Adjacent	FALSE
RCC-BM1-Normal_TTCCCAGAGAGTAAGG-1	B	RCC-BM1	Adjacent	FALSE
RCC-BM1-Normal_TTCGAAGCAGCGTAAG-1	B	RCC-BM1	Adjacent	FALSE
RCC-BM1-Normal_TTCGAAGTCCGAATGT-1	B	RCC-BM1	Adjacent	FALSE
RCC-BM1-Normal_TTCTACATCCGCATAA-1	B	RCC-BM1	Adjacent	FALSE
RCC-BM1-Normal_TTCTCAAAGTGGGTTG-1	B	RCC-BM1	Adjacent	FALSE
RCC-BM1-Normal_TTCTCAACACCCAGTG-1	B	RCC-BM1	Adjacent	FALSE
RCC-BM1-Normal_TTCTCAACATGTCTCC-1	B	RCC-BM1	Adjacent	FALSE
RCC-BM1-Normal_TTCTCCTAGTACTTGC-1	B	RCC-BM1	Adjacent	FALSE
RCC-BM1-Normal_TTCTCCTTCTCCAGGG-1	B	RCC-BM1	Adjacent	TRUE
RCC-BM1-Normal_TTCTTAGGTTTGTTGG-1	B	RCC-BM1	Adjacent	FALSE
RCC-BM1-Normal_TTGAACGCATCGGTTA-1	B	RCC-BM1	Adjacent	FALSE
RCC-BM1-Normal_TTGAACGTCGCGGATC-1	B	RCC-BM1	Adjacent	FALSE
RCC-BM1-Normal_TTGAACGTCTGCAAGT-1	B	RCC-BM1	Adjacent	FALSE
RCC-BM1-Normal_TTGACTTTCTGCAAGT-1	B	RCC-BM1	Adjacent	FALSE
RCC-BM1-Normal_TTGCCGTCAGTTTACG-1	B	RCC-BM1	Adjacent	FALSE
RCC-BM1-Normal_TTGCCGTTCGATAGAA-1	B	RCC-BM1	Adjacent	FALSE
RCC-BM1-Normal_TTGCGTCAGCCAGGAT-1	B	RCC-BM1	Adjacent	FALSE
RCC-BM1-Normal_TTGGAACCAGCGTCCA-1	B	RCC-BM1	Adjacent	FALSE
RCC-BM1-Normal_TTGGAACCATGCCTTC-1	B	RCC-BM1	Adjacent	FALSE
RCC-BM1-Normal_TTGGAACGTCCGTCAG-1	B	RCC-BM1	Adjacent	FALSE
RCC-BM1-Normal_TTGGAACGTGTTCGAT-1	B	RCC-BM1	Adjacent	FALSE
RCC-BM1-Normal_TTGGCAACAGCTTAAC-1	B	RCC-BM1	Adjacent	FALSE
RCC-BM1-Normal_TTGGCAACATACTCTT-1	B	RCC-BM1	Adjacent	FALSE
RCC-BM1-Normal_TTGGCAACATCCGCGA-1	B	RCC-BM1	Adjacent	FALSE
RCC-BM1-Normal_TTGGCAATCCAGAGGA-1	B	RCC-BM1	Adjacent	FALSE
RCC-BM1-Normal_TTTACTGAGATCACGG-1	B	RCC-BM1	Adjacent	FALSE
RCC-BM1-Normal_TTTACTGTCCAAACAC-1	B	RCC-BM1	Adjacent	FALSE
RCC-BM1-Normal_TTTATGCCAAGGGTCA-1	B	RCC-BM1	Adjacent	FALSE
RCC-BM1-Normal_TTTATGCCACGGACAA-1	B	RCC-BM1	Adjacent	FALSE
RCC-BM1-Normal_TTTATGCCATCTGGTA-1	B	RCC-BM1	Adjacent	FALSE
RCC-BM1-Normal_TTTATGCCATTCACTT-1	B	RCC-BM1	Adjacent	FALSE
RCC-BM1-Normal_TTTATGCTCCAATGGT-1	B	RCC-BM1	Adjacent	FALSE
RCC-BM1-Normal_TTTCCTCCATGCCTAA-1	B	RCC-BM1	Adjacent	FALSE
RCC-BM1-Normal_TTTCCTCTCCCACTTG-1	B	RCC-BM1	Adjacent	FALSE
RCC-BM1-Normal_TTTCCTCTCGCACTCT-1	B	RCC-BM1	Adjacent	FALSE
RCC-BM1-Normal_TTTCCTCTCTTTCCTC-1	B	RCC-BM1	Adjacent	FALSE
RCC-BM1-Normal_TTTGCGCAGAGTTGGC-1	B	RCC-BM1	Adjacent	FALSE
RCC-BM1-Normal_TTTGCGCCATCGACGC-1	B	RCC-BM1	Adjacent	TRUE
RCC-BM1-Normal_TTTGGTTAGCTAGTTC-1	B	RCC-BM1	Adjacent	FALSE
RCC-BM1-Normal_TTTGGTTTCACGACTA-1	B	RCC-BM1	Adjacent	FALSE
RCC-BM1-Normal_TTTGGTTTCGGATGTT-1	B	RCC-BM1	Adjacent	FALSE
RCC-BM1-Normal_TTTGTCAAGAAGGTGA-1	B	RCC-BM1	Adjacent	FALSE
RCC-BM1-Normal_TTTGTCATCATGCTCC-1	B	RCC-BM1	Adjacent	FALSE
RCC-BM1-Normal_TTTGTCATCGAGAGCA-1	B	RCC-BM1	Adjacent	FALSE
RCC-BM1-Normal_TTTGTCATCGTAGGAG-1	B	RCC-BM1	Adjacent	FALSE
RCC-BM2-PTumor1_AAACGGGGTTCGAATC-1	B	RCC-BM2	Tumor	FALSE
RCC-BM2-PTumor1_AAAGATGCAAGCGCTC-1	B	RCC-BM2	Tumor	FALSE
RCC-BM2-PTumor1_AACCATGGTAAGGGCT-1	B	RCC-BM2	Tumor	TRUE
RCC-BM2-PTumor1_AACTTTCAGACCACGA-1	B	RCC-BM2	Tumor	FALSE
RCC-BM2-PTumor1_AACTTTCTCGTCGTTC-1	B	RCC-BM2	Tumor	FALSE
RCC-BM2-PTumor1_ACAGCTATCGGTCCGA-1	B	RCC-BM2	Tumor	FALSE
RCC-BM2-PTumor1_ACATGGTCAAGTTAAG-1	B	RCC-BM2	Tumor	FALSE
RCC-BM2-PTumor1_ACCAGTAAGATCACGG-1	B	RCC-BM2	Tumor	FALSE
RCC-BM2-PTumor1_ACCCACTCATCCTAGA-1	B	RCC-BM2	Tumor	FALSE
RCC-BM2-PTumor1_ACGAGCCAGAGTGAGA-1	B	RCC-BM2	Tumor	FALSE
RCC-BM2-PTumor1_ACGGCCATCCGGCACA-1	B	RCC-BM2	Tumor	FALSE
RCC-BM2-PTumor1_ACTGAGTAGAGAACAG-1	B	RCC-BM2	Tumor	TRUE
RCC-BM2-PTumor1_ACTGAGTAGATGTTAG-1	B	RCC-BM2	Tumor	FALSE
RCC-BM2-PTumor1_ACTGATGCACGCTTTC-1	B	RCC-BM2	Tumor	FALSE
RCC-BM2-PTumor1_AGATCTGTCGTGACAT-1	B	RCC-BM2	Tumor	FALSE
RCC-BM2-PTumor1_ATCACGAAGTATGACA-1	B	RCC-BM2	Tumor	TRUE
RCC-BM2-PTumor1_ATCATCTCACCAACCG-1	B	RCC-BM2	Tumor	TRUE
RCC-BM2-PTumor1_ATCATCTTCCGAAGAG-1	B	RCC-BM2	Tumor	FALSE
RCC-BM2-PTumor1_ATCGAGTAGGCAATTA-1	B	RCC-BM2	Tumor	FALSE
RCC-BM2-PTumor1_ATTATCCTCAAGCCTA-1	B	RCC-BM2	Tumor	TRUE
RCC-BM2-PTumor1_ATTTCTGAGGATCGCA-1	B	RCC-BM2	Tumor	FALSE
RCC-BM2-PTumor1_ATTTCTGTCCAAACTG-1	B	RCC-BM2	Tumor	FALSE
RCC-BM2-PTumor1_CACAGTAGTTCGCTAA-1	B	RCC-BM2	Tumor	FALSE
RCC-BM2-PTumor1_CATCAAGTCAACCATG-1	B	RCC-BM2	Tumor	TRUE
RCC-BM2-PTumor1_CATCAGATCTTCAACT-1	B	RCC-BM2	Tumor	FALSE
RCC-BM2-PTumor1_CCTACCAAGGGCTTCC-1	B	RCC-BM2	Tumor	TRUE
RCC-BM2-PTumor1_CGATGGCCAGGGTATG-1	B	RCC-BM2	Tumor	TRUE
RCC-BM2-PTumor1_CGATGTACACTAGTAC-1	B	RCC-BM2	Tumor	TRUE
RCC-BM2-PTumor1_CGCTTCATCGAACGGA-1	B	RCC-BM2	Tumor	FALSE
RCC-BM2-PTumor1_CGTCTACCATCACCCT-1	B	RCC-BM2	Tumor	FALSE
RCC-BM2-PTumor1_CGTGTCTTCCGTTGCT-1	B	RCC-BM2	Tumor	TRUE
RCC-BM2-PTumor1_CTCAGAAGTGCGATAG-1	B	RCC-BM2	Tumor	FALSE
RCC-BM2-PTumor1_CTCGTACAGCGATGAC-1	B	RCC-BM2	Tumor	TRUE
RCC-BM2-PTumor1_CTCGTCAGTTCGAATC-1	B	RCC-BM2	Tumor	FALSE
RCC-BM2-PTumor1_CTGCCTACATGCGCAC-1	B	RCC-BM2	Tumor	FALSE
RCC-BM2-PTumor1_CTGCGGAAGAATGTGT-1	B	RCC-BM2	Tumor	FALSE
RCC-BM2-PTumor1_CTGTGCTCAATAGCGG-1	B	RCC-BM2	Tumor	FALSE
RCC-BM2-PTumor1_CTTAACTAGGCGCTCT-1	B	RCC-BM2	Tumor	FALSE
RCC-BM2-PTumor1_GATCGCGTCTCGGACG-1	B	RCC-BM2	Tumor	FALSE
RCC-BM2-PTumor1_GATGCTAGTTTGTTTC-1	B	RCC-BM2	Tumor	FALSE
RCC-BM2-PTumor1_GCCAAATAGAGTTGGC-1	B	RCC-BM2	Tumor	FALSE
RCC-BM2-PTumor1_GCGAGAAGTAGCAAAT-1	B	RCC-BM2	Tumor	FALSE
RCC-BM2-PTumor1_GCGCCAAAGTTTAGGA-1	B	RCC-BM2	Tumor	TRUE
RCC-BM2-PTumor1_GCTCCTAAGTGAACGC-1	B	RCC-BM2	Tumor	FALSE
RCC-BM2-PTumor1_GGAACTTCAGGGCATA-1	B	RCC-BM2	Tumor	FALSE
RCC-BM2-PTumor1_GGATTACTCGCCTGTT-1	B	RCC-BM2	Tumor	TRUE
RCC-BM2-PTumor1_GGGAGATTCAGGCAAG-1	B	RCC-BM2	Tumor	FALSE
RCC-BM2-PTumor1_GTACTCCGTAGCTGCC-1	B	RCC-BM2	Tumor	FALSE
RCC-BM2-PTumor1_GTACTTTCAGATCGGA-1	B	RCC-BM2	Tumor	FALSE
RCC-BM2-PTumor1_GTCTCGTTCCGAGCCA-1	B	RCC-BM2	Tumor	FALSE
RCC-BM2-PTumor1_GTTAAGCAGATAGCAT-1	B	RCC-BM2	Tumor	TRUE
RCC-BM2-PTumor1_GTTCTCGTCACTATTC-1	B	RCC-BM2	Tumor	TRUE
RCC-BM2-PTumor1_GTTTCTAGTCCTGCTT-1	B	RCC-BM2	Tumor	FALSE
RCC-BM2-PTumor1_TACTCGCCAATCGAAA-1	B	RCC-BM2	Tumor	FALSE
RCC-BM2-PTumor1_TATTACCAGGTGCACA-1	B	RCC-BM2	Tumor	FALSE
RCC-BM2-PTumor1_TCCACACAGTTATCGC-1	B	RCC-BM2	Tumor	TRUE
RCC-BM2-PTumor1_TCGAGGCAGTATGACA-1	B	RCC-BM2	Tumor	TRUE
RCC-BM2-PTumor1_TGAAAGAGTAAACACA-1	B	RCC-BM2	Tumor	FALSE
RCC-BM2-PTumor1_TGAAAGATCACCGTAA-1	B	RCC-BM2	Tumor	TRUE
RCC-BM2-PTumor1_TGCCAAAAGTCCTCCT-1	B	RCC-BM2	Tumor	TRUE
RCC-BM2-PTumor1_TGGTTCCCACGAAATA-1	B	RCC-BM2	Tumor	FALSE
RCC-BM2-PTumor1_TGTGGTACACAGAGGT-1	B	RCC-BM2	Tumor	TRUE
RCC-BM2-PTumor1_TTAACTCTCCCATTTA-1	B	RCC-BM2	Tumor	FALSE
RCC-BM2-PTumor1_TTAGTTCGTGTCCTCT-1	B	RCC-BM2	Tumor	FALSE
RCC-BM2-PTumor1_TTGAACGGTCGGGTCT-1	B	RCC-BM2	Tumor	FALSE
RCC-BM2-PTumor1_TTGACTTCATGGTCAT-1	B	RCC-BM2	Tumor	FALSE
RCC-BM2-PTumor1_TTTACTGTCATCGATG-1	B	RCC-BM2	Tumor	TRUE
RCC-BM2-PTumor1_TTTGCGCGTATAAACG-1	B	RCC-BM2	Tumor	TRUE
RCC-BM2-PTumor2_AAGACCTCACAGCCCA-1	B	RCC-BM2	Tumor	FALSE
RCC-BM2-PTumor2_AAGTCTGAGTCCATAC-1	B	RCC-BM2	Tumor	FALSE
RCC-BM2-PTumor2_ACACCAAAGTGAAGTT-1	B	RCC-BM2	Tumor	FALSE
RCC-BM2-PTumor2_ACACCGGAGTGTACTC-1	B	RCC-BM2	Tumor	FALSE
RCC-BM2-PTumor2_ACCCACTGTATCACCA-1	B	RCC-BM2	Tumor	FALSE
RCC-BM2-PTumor2_ACGCAGCGTTGGGACA-1	B	RCC-BM2	Tumor	FALSE
RCC-BM2-PTumor2_ACTATCTAGTGTCCAT-1	B	RCC-BM2	Tumor	TRUE
RCC-BM2-PTumor2_AGGCCGTGTCGCTTTC-1	B	RCC-BM2	Tumor	FALSE
RCC-BM2-PTumor2_CAGCATAAGGCGATAC-1	B	RCC-BM2	Tumor	TRUE
RCC-BM2-PTumor2_CCGGGATGTCCATGAT-1	B	RCC-BM2	Tumor	FALSE
RCC-BM2-PTumor2_CCGTTCATCACCGTAA-1	B	RCC-BM2	Tumor	FALSE
RCC-BM2-PTumor2_CCTTCGAAGGAGTTTA-1	B	RCC-BM2	Tumor	FALSE
RCC-BM2-PTumor2_CGAGCCACACCGTTGG-1	B	RCC-BM2	Tumor	FALSE
RCC-BM2-PTumor2_CTCGTACCACAGGAGT-1	B	RCC-BM2	Tumor	FALSE
RCC-BM2-PTumor2_CTCGTACCAGATGAGC-1	B	RCC-BM2	Tumor	FALSE
RCC-BM2-PTumor2_CTCGTACGTTAGGGTG-1	B	RCC-BM2	Tumor	FALSE
RCC-BM2-PTumor2_GAGTCCGTCACTATTC-1	B	RCC-BM2	Tumor	FALSE
RCC-BM2-PTumor2_GCCAAATCAGACACTT-1	B	RCC-BM2	Tumor	TRUE
RCC-BM2-PTumor2_GGAAAGCGTGTGACCC-1	B	RCC-BM2	Tumor	FALSE
RCC-BM2-PTumor2_GGTATTGGTAGGGACT-1	B	RCC-BM2	Tumor	FALSE
RCC-BM2-PTumor2_GTACGTACAAGACGTG-1	B	RCC-BM2	Tumor	FALSE
RCC-BM2-PTumor2_GTAGGCCAGTTAGGTA-1	B	RCC-BM2	Tumor	FALSE
RCC-BM2-PTumor2_GTCATTTTCTGACCTC-1	B	RCC-BM2	Tumor	FALSE
RCC-BM2-PTumor2_TAAGAGACACGAGAGT-1	B	RCC-BM2	Tumor	TRUE
RCC-BM2-PTumor2_TAGAGCTGTGGGTATG-1	B	RCC-BM2	Tumor	TRUE
RCC-BM2-PTumor2_TAGTTGGAGAGCTATA-1	B	RCC-BM2	Tumor	FALSE
RCC-BM2-PTumor2_TCAGGATCACATGGGA-1	B	RCC-BM2	Tumor	TRUE
RCC-BM2-PTumor2_TCTGGAAGTTCGTGAT-1	B	RCC-BM2	Tumor	FALSE
RCC-BM2-PTumor2_TCTTTCCAGCGTGAAC-1	B	RCC-BM2	Tumor	FALSE
RCC-BM2-PTumor2_TGGTTCCAGTCCCACG-1	B	RCC-BM2	Tumor	FALSE
RCC-BM2-PTumor2_TTGCGTCTCCGAACGC-1	B	RCC-BM2	Tumor	FALSE
RCC-BM2-PTumor2_TTTGGTTGTCTAGCCG-1	B	RCC-BM2	Tumor	FALSE
RCC-BM2-Normal_AAACCTGGTACCAGTT-1	B	RCC-BM2	Adjacent	FALSE
RCC-BM2-Normal_AAACGGGTCTAACCGA-1	B	RCC-BM2	Adjacent	TRUE
RCC-BM2-Normal_AACACGTTCTTTACAC-1	B	RCC-BM2	Adjacent	FALSE
RCC-BM2-Normal_AAGCCGCGTAGCGCAA-1	B	RCC-BM2	Adjacent	FALSE
RCC-BM2-Normal_AAGGCAGGTCTAAACC-1	B	RCC-BM2	Adjacent	FALSE
RCC-BM2-Normal_AAGGTTCAGTCGTACT-1	B	RCC-BM2	Adjacent	FALSE
RCC-BM2-Normal_AAGGTTCCACATCTTT-1	B	RCC-BM2	Adjacent	FALSE
RCC-BM2-Normal_ACCCACTTCAACGAAA-1	B	RCC-BM2	Adjacent	FALSE
RCC-BM2-Normal_ACGATACCACACCGAC-1	B	RCC-BM2	Adjacent	TRUE
RCC-BM2-Normal_ACGGGCTCACAGCGTC-1	B	RCC-BM2	Adjacent	FALSE
RCC-BM2-Normal_ACTGTCCTCTTCATGT-1	B	RCC-BM2	Adjacent	FALSE
RCC-BM2-Normal_AGCAGCCCACTAGTAC-1	B	RCC-BM2	Adjacent	TRUE
RCC-BM2-Normal_AGGGATGCAGTAGAGC-1	B	RCC-BM2	Adjacent	TRUE
RCC-BM2-Normal_AGGGATGCATCCCACT-1	B	RCC-BM2	Adjacent	FALSE
RCC-BM2-Normal_AGTGAGGAGCTACCGC-1	B	RCC-BM2	Adjacent	FALSE
RCC-BM2-Normal_ATAAGAGTCCGCATAA-1	B	RCC-BM2	Adjacent	FALSE
RCC-BM2-Normal_ATCATGGTCCGAGCCA-1	B	RCC-BM2	Adjacent	FALSE
RCC-BM2-Normal_ATCTACTCATTAGCCA-1	B	RCC-BM2	Adjacent	FALSE
RCC-BM2-Normal_ATCTGCCGTAGAAAGG-1	B	RCC-BM2	Adjacent	FALSE
RCC-BM2-Normal_ATGAGGGAGTCTCAAC-1	B	RCC-BM2	Adjacent	FALSE
RCC-BM2-Normal_CAACCAACATGCCACG-1	B	RCC-BM2	Adjacent	FALSE
RCC-BM2-Normal_CACAAACGTGGTACAG-1	B	RCC-BM2	Adjacent	FALSE
RCC-BM2-Normal_CACAGGCTCTTCAACT-1	B	RCC-BM2	Adjacent	FALSE
RCC-BM2-Normal_CACATAGCAACTTGAC-1	B	RCC-BM2	Adjacent	FALSE
RCC-BM2-Normal_CACATTTTCCACGTGG-1	B	RCC-BM2	Adjacent	FALSE
RCC-BM2-Normal_CAGAGAGCAGGGTATG-1	B	RCC-BM2	Adjacent	FALSE
RCC-BM2-Normal_CAGATCAAGATAGCAT-1	B	RCC-BM2	Adjacent	FALSE
RCC-BM2-Normal_CAGGTGCTCTATCCTA-1	B	RCC-BM2	Adjacent	FALSE
RCC-BM2-Normal_CATCAAGGTTGACGTT-1	B	RCC-BM2	Adjacent	FALSE
RCC-BM2-Normal_CATGCCTTCACATGCA-1	B	RCC-BM2	Adjacent	TRUE
RCC-BM2-Normal_CATGGCGCAGGTGCCT-1	B	RCC-BM2	Adjacent	TRUE
RCC-BM2-Normal_CCACCTACAATGCCAT-1	B	RCC-BM2	Adjacent	FALSE
RCC-BM2-Normal_CCGGGATCATGCCCGA-1	B	RCC-BM2	Adjacent	FALSE
RCC-BM2-Normal_CCGGGATGTGACGCCT-1	B	RCC-BM2	Adjacent	TRUE
RCC-BM2-Normal_CCGTTCAAGTGGGCTA-1	B	RCC-BM2	Adjacent	FALSE
RCC-BM2-Normal_CCTACACAGGGAAACA-1	B	RCC-BM2	Adjacent	FALSE
RCC-BM2-Normal_CCTACCACATTTCAGG-1	B	RCC-BM2	Adjacent	FALSE
RCC-BM2-Normal_CCTATTAGTCTTGATG-1	B	RCC-BM2	Adjacent	FALSE
RCC-BM2-Normal_CCTTCCCAGGCTCTTA-1	B	RCC-BM2	Adjacent	FALSE
RCC-BM2-Normal_CCTTCCCGTACAAGTA-1	B	RCC-BM2	Adjacent	FALSE
RCC-BM2-Normal_CGACTTCTCTGCAAGT-1	B	RCC-BM2	Adjacent	FALSE
RCC-BM2-Normal_CGATCGGAGGCATTGG-1	B	RCC-BM2	Adjacent	FALSE
RCC-BM2-Normal_CGATGTAAGTCCATAC-1	B	RCC-BM2	Adjacent	FALSE
RCC-BM2-Normal_CGCGTTTGTCCTAGCG-1	B	RCC-BM2	Adjacent	TRUE
RCC-BM2-Normal_CGCTATCGTCATATCG-1	B	RCC-BM2	Adjacent	FALSE
RCC-BM2-Normal_CGTCACTAGCTGATAA-1	B	RCC-BM2	Adjacent	FALSE
RCC-BM2-Normal_CGTCCATCAAACGCGA-1	B	RCC-BM2	Adjacent	FALSE
RCC-BM2-Normal_CGTTCTGAGCTAGTGG-1	B	RCC-BM2	Adjacent	FALSE
RCC-BM2-Normal_CTACACCCAAGGGTCA-1	B	RCC-BM2	Adjacent	FALSE
RCC-BM2-Normal_CTCGTCACACGCCAGT-1	B	RCC-BM2	Adjacent	FALSE
RCC-BM2-Normal_CTCTACGGTGCACGAA-1	B	RCC-BM2	Adjacent	FALSE
RCC-BM2-Normal_CTGCGGAGTACGCACC-1	B	RCC-BM2	Adjacent	FALSE
RCC-BM2-Normal_CTGCGGATCGCACTCT-1	B	RCC-BM2	Adjacent	TRUE
RCC-BM2-Normal_CTGTGCTAGACTAGAT-1	B	RCC-BM2	Adjacent	FALSE
RCC-BM2-Normal_GAAATGATCGCTTAGA-1	B	RCC-BM2	Adjacent	FALSE
RCC-BM2-Normal_GACGGCTAGGAATGGA-1	B	RCC-BM2	Adjacent	FALSE
RCC-BM2-Normal_GACTACAGTAGCTTGT-1	B	RCC-BM2	Adjacent	TRUE
RCC-BM2-Normal_GAGCAGATCAGAGCTT-1	B	RCC-BM2	Adjacent	FALSE
RCC-BM2-Normal_GATCAGTGTTAGATGA-1	B	RCC-BM2	Adjacent	FALSE
RCC-BM2-Normal_GATCGATCAAGTTCTG-1	B	RCC-BM2	Adjacent	FALSE
RCC-BM2-Normal_GATGAAAAGAAACCGC-1	B	RCC-BM2	Adjacent	FALSE
RCC-BM2-Normal_GATGAGGGTGTGACGA-1	B	RCC-BM2	Adjacent	FALSE
RCC-BM2-Normal_GCATACATCCAGAAGG-1	B	RCC-BM2	Adjacent	FALSE
RCC-BM2-Normal_GCATGTATCAATAAGG-1	B	RCC-BM2	Adjacent	FALSE
RCC-BM2-Normal_GCTCTGTAGGACAGCT-1	B	RCC-BM2	Adjacent	FALSE
RCC-BM2-Normal_GGGAGATTCCGGGTGT-1	B	RCC-BM2	Adjacent	FALSE
RCC-BM2-Normal_GTACTTTAGGTGCAAC-1	B	RCC-BM2	Adjacent	FALSE
RCC-BM2-Normal_GTCTTCGCACTTCGAA-1	B	RCC-BM2	Adjacent	FALSE
RCC-BM2-Normal_GTTACAGTCTTGCCGT-1	B	RCC-BM2	Adjacent	FALSE
RCC-BM2-Normal_TAGTTGGCACTCTGTC-1	B	RCC-BM2	Adjacent	FALSE
RCC-BM2-Normal_TCCCGATAGACAAGCC-1	B	RCC-BM2	Adjacent	FALSE
RCC-BM2-Normal_TCCCGATCATCGGTTA-1	B	RCC-BM2	Adjacent	FALSE
RCC-BM2-Normal_TCCCGATTCCCATTTA-1	B	RCC-BM2	Adjacent	FALSE
RCC-BM2-Normal_TGAAAGAAGCCATCGC-1	B	RCC-BM2	Adjacent	FALSE
RCC-BM2-Normal_TGAAAGATCACCGTAA-1	B	RCC-BM2	Adjacent	FALSE
RCC-BM2-Normal_TGAGCATTCGCTTAGA-1	B	RCC-BM2	Adjacent	FALSE
RCC-BM2-Normal_TGAGCCGTCACTTCAT-1	B	RCC-BM2	Adjacent	FALSE
RCC-BM2-Normal_TGCCAAAGTTCAGGCC-1	B	RCC-BM2	Adjacent	FALSE
RCC-BM2-Normal_TGCCCTACATGAACCT-1	B	RCC-BM2	Adjacent	FALSE
RCC-BM2-Normal_TGCGTGGGTTGAGGTG-1	B	RCC-BM2	Adjacent	FALSE
RCC-BM2-Normal_TGGACGCTCCGGCACA-1	B	RCC-BM2	Adjacent	FALSE
RCC-BM2-Normal_TGGCTGGCACACGCTG-1	B	RCC-BM2	Adjacent	FALSE
RCC-BM2-Normal_TGGCTGGGTGTCGCTG-1	B	RCC-BM2	Adjacent	FALSE
RCC-BM2-Normal_TGTGGTATCATGTCTT-1	B	RCC-BM2	Adjacent	FALSE
RCC-BM2-Normal_TTAACTCGTACGCACC-1	B	RCC-BM2	Adjacent	FALSE
RCC-BM2-Normal_TTCTCCTCATGTAAGA-1	B	RCC-BM2	Adjacent	FALSE
RCC-BM2-Normal_TTGCGTCAGGTTCCTA-1	B	RCC-BM2	Adjacent	FALSE
RCC-BM2-Normal_TTTATGCCAGCGTCCA-1	B	RCC-BM2	Adjacent	TRUE
RCC-BM2-Normal_TTTGCGCCAGTAGAGC-1	B	RCC-BM2	Adjacent	FALSE
RCC-BM2-Normal_TTTGTCATCTTCTGGC-1	B	RCC-BM2	Adjacent	FALSE
RCC-PR1-Normal_AAACCTGTCCGCTGTT-1	B	RCC-PR1	Adjacent	FALSE
RCC-PR1-Normal_AAAGATGCAATCACAC-1	B	RCC-PR1	Adjacent	FALSE
RCC-PR1-Normal_AACCATGGTAAGTGTA-1	B	RCC-PR1	Adjacent	FALSE
RCC-PR1-Normal_AACTTTCAGAGTACAT-1	B	RCC-PR1	Adjacent	FALSE
RCC-PR1-Normal_AACTTTCAGATGGGTC-1	B	RCC-PR1	Adjacent	FALSE
RCC-PR1-Normal_AAGGAGCCATATGCTG-1	B	RCC-PR1	Adjacent	FALSE
RCC-PR1-Normal_AAGTCTGCACGCGAAA-1	B	RCC-PR1	Adjacent	FALSE
RCC-PR1-Normal_ACACCAACAAGCCCAC-1	B	RCC-PR1	Adjacent	FALSE
RCC-PR1-Normal_ACACCCTAGAAGGTTT-1	B	RCC-PR1	Adjacent	TRUE
RCC-PR1-Normal_ACACCCTAGCCGTCGT-1	B	RCC-PR1	Adjacent	FALSE
RCC-PR1-Normal_ACACCGGGTCTTCGTC-1	B	RCC-PR1	Adjacent	TRUE
RCC-PR1-Normal_ACATACGAGGTAGCCA-1	B	RCC-PR1	Adjacent	FALSE
RCC-PR1-Normal_ACATCAGAGTACACCT-1	B	RCC-PR1	Adjacent	FALSE
RCC-PR1-Normal_ACCCACTAGCAACGGT-1	B	RCC-PR1	Adjacent	FALSE
RCC-PR1-Normal_ACCTTTAGTGGCTCCA-1	B	RCC-PR1	Adjacent	FALSE
RCC-PR1-Normal_ACGAGCCAGGTTCCTA-1	B	RCC-PR1	Adjacent	FALSE
RCC-PR1-Normal_ACGATACAGTACTTGC-1	B	RCC-PR1	Adjacent	FALSE
RCC-PR1-Normal_ACGATACGTAGTGAAT-1	B	RCC-PR1	Adjacent	FALSE
RCC-PR1-Normal_ACGGAGAGTACAGTTC-1	B	RCC-PR1	Adjacent	TRUE
RCC-PR1-Normal_ACGGGTCAGTGTGGCA-1	B	RCC-PR1	Adjacent	FALSE
RCC-PR1-Normal_ACGGGTCGTATGGTTC-1	B	RCC-PR1	Adjacent	FALSE
RCC-PR1-Normal_ACTGAACGTGGTACAG-1	B	RCC-PR1	Adjacent	TRUE
RCC-PR1-Normal_ACTGAGTAGAAACCTA-1	B	RCC-PR1	Adjacent	TRUE
RCC-PR1-Normal_ACTGATGTCGAGAACG-1	B	RCC-PR1	Adjacent	FALSE
RCC-PR1-Normal_ACTGCTCCACCCAGTG-1	B	RCC-PR1	Adjacent	FALSE
RCC-PR1-Normal_ACTGTCCAGTTTGCGT-1	B	RCC-PR1	Adjacent	FALSE
RCC-PR1-Normal_ACTTACTAGCCAGAAC-1	B	RCC-PR1	Adjacent	FALSE
RCC-PR1-Normal_ACTTACTTCCACTCCA-1	B	RCC-PR1	Adjacent	FALSE
RCC-PR1-Normal_AGAATAGAGATGTTAG-1	B	RCC-PR1	Adjacent	FALSE
RCC-PR1-Normal_AGACGTTGTACATGTC-1	B	RCC-PR1	Adjacent	FALSE
RCC-PR1-Normal_AGCAGCCGTACCGAGA-1	B	RCC-PR1	Adjacent	FALSE
RCC-PR1-Normal_AGCATACGTTGGGACA-1	B	RCC-PR1	Adjacent	FALSE
RCC-PR1-Normal_AGCGTATGTACAGTGG-1	B	RCC-PR1	Adjacent	FALSE
RCC-PR1-Normal_AGCGTCGCAGCGTTCG-1	B	RCC-PR1	Adjacent	FALSE
RCC-PR1-Normal_AGCTCTCAGAATCTCC-1	B	RCC-PR1	Adjacent	FALSE
RCC-PR1-Normal_AGCTCTCTCTTAGAGC-1	B	RCC-PR1	Adjacent	FALSE
RCC-PR1-Normal_AGGCCACCAAGGCTCC-1	B	RCC-PR1	Adjacent	FALSE
RCC-PR1-Normal_AGGCCACCAGTAAGCG-1	B	RCC-PR1	Adjacent	FALSE
RCC-PR1-Normal_AGGGATGAGCTGAAAT-1	B	RCC-PR1	Adjacent	FALSE
RCC-PR1-Normal_AGGGATGGTGAGGGTT-1	B	RCC-PR1	Adjacent	FALSE
RCC-PR1-Normal_AGGTCATTCTTTACAC-1	B	RCC-PR1	Adjacent	FALSE
RCC-PR1-Normal_AGTGAGGAGTTAGCGG-1	B	RCC-PR1	Adjacent	FALSE
RCC-PR1-Normal_AGTGAGGTCGCCGTGA-1	B	RCC-PR1	Adjacent	FALSE
RCC-PR1-Normal_AGTGGGACAACTGCGC-1	B	RCC-PR1	Adjacent	FALSE
RCC-PR1-Normal_ATAACGCAGGTTACCT-1	B	RCC-PR1	Adjacent	FALSE
RCC-PR1-Normal_ATAACGCCAAGTAGTA-1	B	RCC-PR1	Adjacent	FALSE
RCC-PR1-Normal_ATAACGCGTACTCGCG-1	B	RCC-PR1	Adjacent	FALSE
RCC-PR1-Normal_ATAGACCTCCAGTAGT-1	B	RCC-PR1	Adjacent	FALSE
RCC-PR1-Normal_ATCCACCCAAACCTAC-1	B	RCC-PR1	Adjacent	FALSE
RCC-PR1-Normal_ATCCGAACAAGGGTCA-1	B	RCC-PR1	Adjacent	TRUE
RCC-PR1-Normal_ATGTGTGGTCTACCTC-1	B	RCC-PR1	Adjacent	FALSE
RCC-PR1-Normal_ATTATCCAGCCCAGCT-1	B	RCC-PR1	Adjacent	TRUE
RCC-PR1-Normal_ATTGGACGTAATCACC-1	B	RCC-PR1	Adjacent	FALSE
RCC-PR1-Normal_ATTGGTGCAGTAAGAT-1	B	RCC-PR1	Adjacent	FALSE
RCC-PR1-Normal_CAACTAGGTAATTGGA-1	B	RCC-PR1	Adjacent	FALSE
RCC-PR1-Normal_CAAGATCCAAATCCGT-1	B	RCC-PR1	Adjacent	FALSE
RCC-PR1-Normal_CAAGATCCAGGGTACA-1	B	RCC-PR1	Adjacent	FALSE
RCC-PR1-Normal_CAAGATCCATCACGTA-1	B	RCC-PR1	Adjacent	FALSE
RCC-PR1-Normal_CAAGGCCTCGGCGCTA-1	B	RCC-PR1	Adjacent	FALSE
RCC-PR1-Normal_CAAGTTGTCAAAGACA-1	B	RCC-PR1	Adjacent	FALSE
RCC-PR1-Normal_CACACAACACTACAGT-1	B	RCC-PR1	Adjacent	FALSE
RCC-PR1-Normal_CACACAATCTCGTATT-1	B	RCC-PR1	Adjacent	FALSE
RCC-PR1-Normal_CACAGTAGTGCTGTAT-1	B	RCC-PR1	Adjacent	TRUE
RCC-PR1-Normal_CACATAGGTACGAAAT-1	B	RCC-PR1	Adjacent	FALSE
RCC-PR1-Normal_CACATTTGTCAGCTAT-1	B	RCC-PR1	Adjacent	FALSE
RCC-PR1-Normal_CAGCAGCGTCCAGTAT-1	B	RCC-PR1	Adjacent	FALSE
RCC-PR1-Normal_CAGCAGCTCAGTCAGT-1	B	RCC-PR1	Adjacent	FALSE
RCC-PR1-Normal_CAGCATAAGGTGGGTT-1	B	RCC-PR1	Adjacent	FALSE
RCC-PR1-Normal_CAGCATAGTCTAGCCG-1	B	RCC-PR1	Adjacent	TRUE
RCC-PR1-Normal_CAGCCGATCAGCATGT-1	B	RCC-PR1	Adjacent	TRUE
RCC-PR1-Normal_CAGCTAAAGTGACTCT-1	B	RCC-PR1	Adjacent	FALSE
RCC-PR1-Normal_CAGGTGCGTTGTGGCC-1	B	RCC-PR1	Adjacent	FALSE
RCC-PR1-Normal_CAGGTGCTCCGAAGAG-1	B	RCC-PR1	Adjacent	FALSE
RCC-PR1-Normal_CATATGGCATCTGGTA-1	B	RCC-PR1	Adjacent	FALSE
RCC-PR1-Normal_CATCGGGCAGGTGCCT-1	B	RCC-PR1	Adjacent	FALSE
RCC-PR1-Normal_CATTATCAGTCTCAAC-1	B	RCC-PR1	Adjacent	FALSE
RCC-PR1-Normal_CATTCGCCAATCAGAA-1	B	RCC-PR1	Adjacent	FALSE
RCC-PR1-Normal_CATTCGCCACATTCGA-1	B	RCC-PR1	Adjacent	FALSE
RCC-PR1-Normal_CCAATCCTCTGTCCGT-1	B	RCC-PR1	Adjacent	FALSE
RCC-PR1-Normal_CCACTACTCTAACGGT-1	B	RCC-PR1	Adjacent	FALSE
RCC-PR1-Normal_CCCAATCCAGGCTGAA-1	B	RCC-PR1	Adjacent	FALSE
RCC-PR1-Normal_CCCATACGTGTGGTTT-1	B	RCC-PR1	Adjacent	FALSE
RCC-PR1-Normal_CCGGTAGGTATATCCG-1	B	RCC-PR1	Adjacent	FALSE
RCC-PR1-Normal_CCGGTAGGTTGCGCAC-1	B	RCC-PR1	Adjacent	FALSE
RCC-PR1-Normal_CCGGTAGTCATGTCTT-1	B	RCC-PR1	Adjacent	FALSE
RCC-PR1-Normal_CCGTGGACAATCAGAA-1	B	RCC-PR1	Adjacent	FALSE
RCC-PR1-Normal_CCGTGGATCTTCATGT-1	B	RCC-PR1	Adjacent	FALSE
RCC-PR1-Normal_CCGTTCATCCTGCCAT-1	B	RCC-PR1	Adjacent	FALSE
RCC-PR1-Normal_CCTACACAGTGACTCT-1	B	RCC-PR1	Adjacent	FALSE
RCC-PR1-Normal_CCTCAGTTCCGTAGTA-1	B	RCC-PR1	Adjacent	FALSE
RCC-PR1-Normal_CCTCTGACACTGTGTA-1	B	RCC-PR1	Adjacent	FALSE
RCC-PR1-Normal_CCTTCGATCGCGTAGC-1	B	RCC-PR1	Adjacent	FALSE
RCC-PR1-Normal_CGACTTCAGTGTCCCG-1	B	RCC-PR1	Adjacent	FALSE
RCC-PR1-Normal_CGACTTCTCCGATATG-1	B	RCC-PR1	Adjacent	FALSE
RCC-PR1-Normal_CGATGTATCGTCGTTC-1	B	RCC-PR1	Adjacent	TRUE
RCC-PR1-Normal_CGCTATCAGGACCACA-1	B	RCC-PR1	Adjacent	FALSE
RCC-PR1-Normal_CGGCTAGCACAACGTT-1	B	RCC-PR1	Adjacent	FALSE
RCC-PR1-Normal_CGGGTCACATACTACG-1	B	RCC-PR1	Adjacent	FALSE
RCC-PR1-Normal_CGGTTAACACAAGACG-1	B	RCC-PR1	Adjacent	FALSE
RCC-PR1-Normal_CGTCCATAGCAACGGT-1	B	RCC-PR1	Adjacent	FALSE
RCC-PR1-Normal_CGTGTCTCATGGGACA-1	B	RCC-PR1	Adjacent	FALSE
RCC-PR1-Normal_CGTGTCTGTAGAGGAA-1	B	RCC-PR1	Adjacent	FALSE
RCC-PR1-Normal_CGTTCTGTCATGGTCA-1	B	RCC-PR1	Adjacent	FALSE
RCC-PR1-Normal_CGTTGGGGTACTCGCG-1	B	RCC-PR1	Adjacent	FALSE
RCC-PR1-Normal_CTAACTTAGATGGGTC-1	B	RCC-PR1	Adjacent	FALSE
RCC-PR1-Normal_CTAACTTGTAAACACA-1	B	RCC-PR1	Adjacent	FALSE
RCC-PR1-Normal_CTAAGACAGTGCCATT-1	B	RCC-PR1	Adjacent	FALSE
RCC-PR1-Normal_CTACCCACACACGCTG-1	B	RCC-PR1	Adjacent	FALSE
RCC-PR1-Normal_CTAGAGTGTTGGGACA-1	B	RCC-PR1	Adjacent	FALSE
RCC-PR1-Normal_CTAGAGTTCGGTTCGG-1	B	RCC-PR1	Adjacent	FALSE
RCC-PR1-Normal_CTAGTGAGTCCCTTGT-1	B	RCC-PR1	Adjacent	FALSE
RCC-PR1-Normal_CTCACACGTCAAAGCG-1	B	RCC-PR1	Adjacent	FALSE
RCC-PR1-Normal_CTCATTACATTATCTC-1	B	RCC-PR1	Adjacent	FALSE
RCC-PR1-Normal_CTCGGAGAGTGTACGG-1	B	RCC-PR1	Adjacent	FALSE
RCC-PR1-Normal_CTCGGAGTCTGCCCTA-1	B	RCC-PR1	Adjacent	FALSE
RCC-PR1-Normal_CTCGGGATCACTTCAT-1	B	RCC-PR1	Adjacent	FALSE
RCC-PR1-Normal_CTCTAATAGAGATGAG-1	B	RCC-PR1	Adjacent	FALSE
RCC-PR1-Normal_CTCTACGTCCGATATG-1	B	RCC-PR1	Adjacent	FALSE
RCC-PR1-Normal_CTCTGGTCAGGTGGAT-1	B	RCC-PR1	Adjacent	FALSE
RCC-PR1-Normal_CTGAAGTTCAAAGACA-1	B	RCC-PR1	Adjacent	FALSE
RCC-PR1-Normal_CTGATAGTCAGTTAGC-1	B	RCC-PR1	Adjacent	FALSE
RCC-PR1-Normal_CTGATCCCACATCTTT-1	B	RCC-PR1	Adjacent	FALSE
RCC-PR1-Normal_CTGATCCTCGCCATAA-1	B	RCC-PR1	Adjacent	FALSE
RCC-PR1-Normal_CTGCCTAGTTGCGTTA-1	B	RCC-PR1	Adjacent	FALSE
RCC-PR1-Normal_CTGCGGAAGCGTGAAC-1	B	RCC-PR1	Adjacent	FALSE
RCC-PR1-Normal_CTGCTGTAGCCCTAAT-1	B	RCC-PR1	Adjacent	FALSE
RCC-PR1-Normal_CTGCTGTCAACGATCT-1	B	RCC-PR1	Adjacent	FALSE
RCC-PR1-Normal_CTGTGCTGTCCCGACA-1	B	RCC-PR1	Adjacent	FALSE
RCC-PR1-Normal_CTGTGCTGTCTTGCGG-1	B	RCC-PR1	Adjacent	FALSE
RCC-PR1-Normal_CTTGGCTAGGCCATAG-1	B	RCC-PR1	Adjacent	FALSE
RCC-PR1-Normal_CTTGGCTCATAGAAAC-1	B	RCC-PR1	Adjacent	FALSE
RCC-PR1-Normal_GAAACTCGTTCTCATT-1	B	RCC-PR1	Adjacent	FALSE
RCC-PR1-Normal_GAACATCAGGCTAGCA-1	B	RCC-PR1	Adjacent	FALSE
RCC-PR1-Normal_GAACATCCATCTCCCA-1	B	RCC-PR1	Adjacent	FALSE
RCC-PR1-Normal_GAACATCGTAAGTGTA-1	B	RCC-PR1	Adjacent	FALSE
RCC-PR1-Normal_GAACGGAGTGCTGTAT-1	B	RCC-PR1	Adjacent	FALSE
RCC-PR1-Normal_GAAGCAGTCTATCCTA-1	B	RCC-PR1	Adjacent	FALSE
RCC-PR1-Normal_GACCAATAGCCACCTG-1	B	RCC-PR1	Adjacent	FALSE
RCC-PR1-Normal_GACGCGTTCATGTAGC-1	B	RCC-PR1	Adjacent	FALSE
RCC-PR1-Normal_GACGGCTTCACAACGT-1	B	RCC-PR1	Adjacent	FALSE
RCC-PR1-Normal_GACGGCTTCAGCGACC-1	B	RCC-PR1	Adjacent	FALSE
RCC-PR1-Normal_GACGGCTTCTCTGCTG-1	B	RCC-PR1	Adjacent	TRUE
RCC-PR1-Normal_GAGCAGATCATGTGGT-1	B	RCC-PR1	Adjacent	FALSE
RCC-PR1-Normal_GATCAGTTCTGGCGAC-1	B	RCC-PR1	Adjacent	FALSE
RCC-PR1-Normal_GATCGATGTTGTCGCG-1	B	RCC-PR1	Adjacent	FALSE
RCC-PR1-Normal_GATCGCGAGACTGGGT-1	B	RCC-PR1	Adjacent	FALSE
RCC-PR1-Normal_GATGAAAAGGTACTCT-1	B	RCC-PR1	Adjacent	FALSE
RCC-PR1-Normal_GATGAAATCAGCTGGC-1	B	RCC-PR1	Adjacent	FALSE
RCC-PR1-Normal_GATGAAATCCTTCAAT-1	B	RCC-PR1	Adjacent	FALSE
RCC-PR1-Normal_GATGAGGTCTACTTAC-1	B	RCC-PR1	Adjacent	FALSE
RCC-PR1-Normal_GCAATCATCCCTAATT-1	B	RCC-PR1	Adjacent	FALSE
RCC-PR1-Normal_GCACATACAATAACGA-1	B	RCC-PR1	Adjacent	FALSE
RCC-PR1-Normal_GCCTCTATCAGTGTTG-1	B	RCC-PR1	Adjacent	FALSE
RCC-PR1-Normal_GCGCAACGTGTGACGA-1	B	RCC-PR1	Adjacent	FALSE
RCC-PR1-Normal_GCGCCAAGTCGCGAAA-1	B	RCC-PR1	Adjacent	FALSE
RCC-PR1-Normal_GCGCGATAGGAATTAC-1	B	RCC-PR1	Adjacent	FALSE
RCC-PR1-Normal_GCGCGATAGGCTAGGT-1	B	RCC-PR1	Adjacent	FALSE
RCC-PR1-Normal_GCGCGATTCTGAAAGA-1	B	RCC-PR1	Adjacent	FALSE
RCC-PR1-Normal_GCTGCAGGTCAACTGT-1	B	RCC-PR1	Adjacent	FALSE
RCC-PR1-Normal_GCTGCGAAGAGGGATA-1	B	RCC-PR1	Adjacent	FALSE
RCC-PR1-Normal_GCTGGGTTCTTTCCTC-1	B	RCC-PR1	Adjacent	FALSE
RCC-PR1-Normal_GCTTCCACAAACCTAC-1	B	RCC-PR1	Adjacent	FALSE
RCC-PR1-Normal_GGACAAGAGACTGGGT-1	B	RCC-PR1	Adjacent	FALSE
RCC-PR1-Normal_GGACAGAGTGTCGCTG-1	B	RCC-PR1	Adjacent	FALSE
RCC-PR1-Normal_GGACAGATCCCGACTT-1	B	RCC-PR1	Adjacent	FALSE
RCC-PR1-Normal_GGATGTTCACACTGCG-1	B	RCC-PR1	Adjacent	FALSE
RCC-PR1-Normal_GGCGTGTGTGTAAGTA-1	B	RCC-PR1	Adjacent	FALSE
RCC-PR1-Normal_GGCTCGAGTGACCAAG-1	B	RCC-PR1	Adjacent	FALSE
RCC-PR1-Normal_GGGAGATCAGTATAAG-1	B	RCC-PR1	Adjacent	FALSE
RCC-PR1-Normal_GTAACTGAGAGCTATA-1	B	RCC-PR1	Adjacent	FALSE
RCC-PR1-Normal_GTAACTGAGCTAGTCT-1	B	RCC-PR1	Adjacent	FALSE
RCC-PR1-Normal_GTAACTGGTAGCAAAT-1	B	RCC-PR1	Adjacent	FALSE
RCC-PR1-Normal_GTACGTACAAGACACG-1	B	RCC-PR1	Adjacent	FALSE
RCC-PR1-Normal_GTACTTTAGGCTCATT-1	B	RCC-PR1	Adjacent	FALSE
RCC-PR1-Normal_GTATCTTGTCTAAAGA-1	B	RCC-PR1	Adjacent	FALSE
RCC-PR1-Normal_GTATCTTTCAAACCGT-1	B	RCC-PR1	Adjacent	TRUE
RCC-PR1-Normal_GTATTCTTCGCCTGAG-1	B	RCC-PR1	Adjacent	FALSE
RCC-PR1-Normal_GTCACAAGTTAAAGAC-1	B	RCC-PR1	Adjacent	FALSE
RCC-PR1-Normal_GTGCTTCAGGCATGGT-1	B	RCC-PR1	Adjacent	FALSE
RCC-PR1-Normal_GTGCTTCGTGACAAAT-1	B	RCC-PR1	Adjacent	FALSE
RCC-PR1-Normal_GTGTGCGCATACGCTA-1	B	RCC-PR1	Adjacent	FALSE
RCC-PR1-Normal_GTGTTAGAGGCGATAC-1	B	RCC-PR1	Adjacent	FALSE
RCC-PR1-Normal_GTGTTAGGTACAGTTC-1	B	RCC-PR1	Adjacent	FALSE
RCC-PR1-Normal_GTTCTCGTCGCATGGC-1	B	RCC-PR1	Adjacent	FALSE
RCC-PR1-Normal_GTTTCTAGTATCTGCA-1	B	RCC-PR1	Adjacent	FALSE
RCC-PR1-Normal_GTTTCTAGTCCTAGCG-1	B	RCC-PR1	Adjacent	FALSE
RCC-PR1-Normal_TAAACCGGTATATGAG-1	B	RCC-PR1	Adjacent	FALSE
RCC-PR1-Normal_TACAGTGAGGAGTTTA-1	B	RCC-PR1	Adjacent	FALSE
RCC-PR1-Normal_TACCTATGTTCCCTTG-1	B	RCC-PR1	Adjacent	FALSE
RCC-PR1-Normal_TACGGATAGCCACTAT-1	B	RCC-PR1	Adjacent	FALSE
RCC-PR1-Normal_TAGGCATCAAGCCTAT-1	B	RCC-PR1	Adjacent	TRUE
RCC-PR1-Normal_TAGTTGGCAAAGAATC-1	B	RCC-PR1	Adjacent	FALSE
RCC-PR1-Normal_TATGCCCCAGTCCTTC-1	B	RCC-PR1	Adjacent	FALSE
RCC-PR1-Normal_TCACGAATCTGTTTGT-1	B	RCC-PR1	Adjacent	FALSE
RCC-PR1-Normal_TCAGATGTCATTGCGA-1	B	RCC-PR1	Adjacent	FALSE
RCC-PR1-Normal_TCAGGATGTGGCTCCA-1	B	RCC-PR1	Adjacent	FALSE
RCC-PR1-Normal_TCAGGTAAGGCTAGAC-1	B	RCC-PR1	Adjacent	FALSE
RCC-PR1-Normal_TCATTACTCAGCAACT-1	B	RCC-PR1	Adjacent	FALSE
RCC-PR1-Normal_TCCCGATTCTATCCCG-1	B	RCC-PR1	Adjacent	FALSE
RCC-PR1-Normal_TCGGGACCAGCATGAG-1	B	RCC-PR1	Adjacent	FALSE
RCC-PR1-Normal_TCGTACCAGGTGCACA-1	B	RCC-PR1	Adjacent	FALSE
RCC-PR1-Normal_TCTCATACAGCGTAAG-1	B	RCC-PR1	Adjacent	FALSE
RCC-PR1-Normal_TCTGGAAGTCCAGTGC-1	B	RCC-PR1	Adjacent	FALSE
RCC-PR1-Normal_TCTGGAATCATCTGTT-1	B	RCC-PR1	Adjacent	FALSE
RCC-PR1-Normal_TCTTTCCCAATAGCGG-1	B	RCC-PR1	Adjacent	TRUE
RCC-PR1-Normal_TGACGGCAGCGCTCCA-1	B	RCC-PR1	Adjacent	TRUE
RCC-PR1-Normal_TGAGCATAGTGTTAGA-1	B	RCC-PR1	Adjacent	FALSE
RCC-PR1-Normal_TGAGCCGTCGAATCCA-1	B	RCC-PR1	Adjacent	FALSE
RCC-PR1-Normal_TGATTTCCAATTGCTG-1	B	RCC-PR1	Adjacent	FALSE
RCC-PR1-Normal_TGCCAAATCGCTGATA-1	B	RCC-PR1	Adjacent	FALSE
RCC-PR1-Normal_TGCCCTAGTCCTGCTT-1	B	RCC-PR1	Adjacent	FALSE
RCC-PR1-Normal_TGCGCAGTCGCTAGCG-1	B	RCC-PR1	Adjacent	FALSE
RCC-PR1-Normal_TGGCCAGGTACAGTGG-1	B	RCC-PR1	Adjacent	FALSE
RCC-PR1-Normal_TGGCTGGGTCTTCAAG-1	B	RCC-PR1	Adjacent	FALSE
RCC-PR1-Normal_TGGGCGTAGATCTGCT-1	B	RCC-PR1	Adjacent	FALSE
RCC-PR1-Normal_TGTCCCAGTGAGCGAT-1	B	RCC-PR1	Adjacent	FALSE
RCC-PR1-Normal_TTGAACGGTTTGACTG-1	B	RCC-PR1	Adjacent	FALSE
RCC-PR1-Normal_TTGCCGTTCTGTCAAG-1	B	RCC-PR1	Adjacent	FALSE
RCC-PR1-Normal_TTGGAACAGTAGGCCA-1	B	RCC-PR1	Adjacent	FALSE
RCC-PR1-Normal_TTGGCAACACTGTCGG-1	B	RCC-PR1	Adjacent	TRUE
RCC-PR1-PTumor_ACGAGCCTCCCTTGCA-1	B	RCC-PR1	Tumor	FALSE
RCC-PR1-PTumor_CATCGAAAGTCATGCT-1	B	RCC-PR1	Tumor	FALSE
RCC-PR1-PTumor_CGCTATCGTGGCGAAT-1	B	RCC-PR1	Tumor	FALSE
RCC-PR1-PTumor_CGTTAGATCAACCATG-1	B	RCC-PR1	Tumor	FALSE
RCC-PR1-PTumor_GTCATTTTCACATACG-1	B	RCC-PR1	Tumor	FALSE
RCC-PR1-PTumor_TACTTGTCAGCCTTGG-1	B	RCC-PR1	Tumor	FALSE
RCC-PR1-PTumor_TCAATCTTCGCATGAT-1	B	RCC-PR1	Tumor	FALSE
RCC-PR1-PTumor_TCAGGTACATTCCTCG-1	B	RCC-PR1	Tumor	FALSE
RCC-PR1-PTumor_TGTTCCGGTACCGTAT-1	B	RCC-PR1	Tumor	FALSE
RCC-PR2-Normal_AAAGATGAGGCGTACA-1	B	RCC-PR2	Adjacent	TRUE
RCC-PR2-Normal_AACACGTGTAACGACG-1	B	RCC-PR2	Adjacent	FALSE
RCC-PR2-Normal_AACGTTGTCCACGAAT-1	B	RCC-PR2	Adjacent	FALSE
RCC-PR2-Normal_AACTCAGCATGTAGTC-1	B	RCC-PR2	Adjacent	FALSE
RCC-PR2-Normal_AACTCAGTCACGATGT-1	B	RCC-PR2	Adjacent	FALSE
RCC-PR2-Normal_AAGACCTAGGCTATCT-1	B	RCC-PR2	Adjacent	FALSE
RCC-PR2-Normal_AAGGAGCTCCGCTGTT-1	B	RCC-PR2	Adjacent	FALSE
RCC-PR2-Normal_ACACCAACATAGACTC-1	B	RCC-PR2	Adjacent	FALSE
RCC-PR2-Normal_ACACCGGAGAGGTACC-1	B	RCC-PR2	Adjacent	FALSE
RCC-PR2-Normal_ACACCGGCACGTCAGC-1	B	RCC-PR2	Adjacent	FALSE
RCC-PR2-Normal_ACACTGAGTTCATGGT-1	B	RCC-PR2	Adjacent	FALSE
RCC-PR2-Normal_ACCCACTAGGCAGTCA-1	B	RCC-PR2	Adjacent	FALSE
RCC-PR2-Normal_ACCGTAATCCGGGTGT-1	B	RCC-PR2	Adjacent	FALSE
RCC-PR2-Normal_ACGGAGAGTGATAAGT-1	B	RCC-PR2	Adjacent	FALSE
RCC-PR2-Normal_ACGGGCTTCTTTACGT-1	B	RCC-PR2	Adjacent	FALSE
RCC-PR2-Normal_AGCAGCCTCTGCAGTA-1	B	RCC-PR2	Adjacent	TRUE
RCC-PR2-Normal_AGTAGTCAGGGATGGG-1	B	RCC-PR2	Adjacent	FALSE
RCC-PR2-Normal_ATCATCTAGGGTCGAT-1	B	RCC-PR2	Adjacent	FALSE
RCC-PR2-Normal_ATCATCTGTCCAGTGC-1	B	RCC-PR2	Adjacent	FALSE
RCC-PR2-Normal_ATCATGGGTCGCGTGT-1	B	RCC-PR2	Adjacent	FALSE
RCC-PR2-Normal_ATCCGAAAGACGCTTT-1	B	RCC-PR2	Adjacent	FALSE
RCC-PR2-Normal_ATGAGGGTCGTTGACA-1	B	RCC-PR2	Adjacent	FALSE
RCC-PR2-Normal_ATTACTCAGTGCAAGC-1	B	RCC-PR2	Adjacent	FALSE
RCC-PR2-Normal_ATTCTACCAGATGGGT-1	B	RCC-PR2	Adjacent	FALSE
RCC-PR2-Normal_ATTTCTGTCATCGGAT-1	B	RCC-PR2	Adjacent	FALSE
RCC-PR2-Normal_CAAGAAAAGTAGCCGA-1	B	RCC-PR2	Adjacent	FALSE
RCC-PR2-Normal_CACAGTAAGAATAGGG-1	B	RCC-PR2	Adjacent	FALSE
RCC-PR2-Normal_CACAGTAGTCCGCTGA-1	B	RCC-PR2	Adjacent	FALSE
RCC-PR2-Normal_CACAGTATCGCCGTGA-1	B	RCC-PR2	Adjacent	FALSE
RCC-PR2-Normal_CAGCAGCAGGCCCGTT-1	B	RCC-PR2	Adjacent	FALSE
RCC-PR2-Normal_CAGCATAAGTCCATAC-1	B	RCC-PR2	Adjacent	FALSE
RCC-PR2-Normal_CAGCGACTCAAGGCTT-1	B	RCC-PR2	Adjacent	FALSE
RCC-PR2-Normal_CAGTAACAGTATCTCG-1	B	RCC-PR2	Adjacent	FALSE
RCC-PR2-Normal_CAGTCCTTCTGCCCTA-1	B	RCC-PR2	Adjacent	FALSE
RCC-PR2-Normal_CATCCACAGCGAGAAA-1	B	RCC-PR2	Adjacent	FALSE
RCC-PR2-Normal_CATCCACGTCATTAGC-1	B	RCC-PR2	Adjacent	TRUE
RCC-PR2-Normal_CCACGGACAGCTGTAT-1	B	RCC-PR2	Adjacent	FALSE
RCC-PR2-Normal_CCACTACAGTTGAGAT-1	B	RCC-PR2	Adjacent	FALSE
RCC-PR2-Normal_CCACTACTCCCAAGTA-1	B	RCC-PR2	Adjacent	FALSE
RCC-PR2-Normal_CCCTCCTCAGTTCATG-1	B	RCC-PR2	Adjacent	FALSE
RCC-PR2-Normal_CCTTCGAGTCTGCGGT-1	B	RCC-PR2	Adjacent	FALSE
RCC-PR2-Normal_CGAACATCATTTGCCC-1	B	RCC-PR2	Adjacent	FALSE
RCC-PR2-Normal_CGAATGTCACGGACAA-1	B	RCC-PR2	Adjacent	FALSE
RCC-PR2-Normal_CGAATGTGTGATGTGG-1	B	RCC-PR2	Adjacent	FALSE
RCC-PR2-Normal_CGACTTCGTAAACGCG-1	B	RCC-PR2	Adjacent	FALSE
RCC-PR2-Normal_CGAGCACAGGTAGCTG-1	B	RCC-PR2	Adjacent	FALSE
RCC-PR2-Normal_CGAGCCAGTCCAACTA-1	B	RCC-PR2	Adjacent	FALSE
RCC-PR2-Normal_CGATCGGAGTGCTGCC-1	B	RCC-PR2	Adjacent	FALSE
RCC-PR2-Normal_CGCTATCCAACTGGCC-1	B	RCC-PR2	Adjacent	FALSE
RCC-PR2-Normal_CGCTATCTCTCTGAGA-1	B	RCC-PR2	Adjacent	FALSE
RCC-PR2-Normal_CGGACGTGTCAAAGCG-1	B	RCC-PR2	Adjacent	FALSE
RCC-PR2-Normal_CGTAGCGGTAGCTCCG-1	B	RCC-PR2	Adjacent	FALSE
RCC-PR2-Normal_CGTAGGCTCAGCTTAG-1	B	RCC-PR2	Adjacent	TRUE
RCC-PR2-Normal_CGTGTAAAGTACGATA-1	B	RCC-PR2	Adjacent	FALSE
RCC-PR2-Normal_CGTGTAATCATTGCCC-1	B	RCC-PR2	Adjacent	TRUE
RCC-PR2-Normal_CGTTCTGGTCGGCATC-1	B	RCC-PR2	Adjacent	FALSE
RCC-PR2-Normal_CTAACTTCAGACAAGC-1	B	RCC-PR2	Adjacent	TRUE
RCC-PR2-Normal_CTAGAGTGTGCCTGCA-1	B	RCC-PR2	Adjacent	FALSE
RCC-PR2-Normal_CTCCTAGGTTATGCGT-1	B	RCC-PR2	Adjacent	FALSE
RCC-PR2-Normal_CTCTACGTCTACGAGT-1	B	RCC-PR2	Adjacent	FALSE
RCC-PR2-Normal_CTGAAACGTTAAGACA-1	B	RCC-PR2	Adjacent	FALSE
RCC-PR2-Normal_CTGGTCTAGCTCCCAG-1	B	RCC-PR2	Adjacent	FALSE
RCC-PR2-Normal_CTTCTCTGTACGACCC-1	B	RCC-PR2	Adjacent	TRUE
RCC-PR2-Normal_CTTCTCTGTCTGCCAG-1	B	RCC-PR2	Adjacent	FALSE
RCC-PR2-Normal_CTTTGCGTCCGAAGAG-1	B	RCC-PR2	Adjacent	FALSE
RCC-PR2-Normal_GCAGTTACATGTCGAT-1	B	RCC-PR2	Adjacent	FALSE
RCC-PR2-Normal_GCATGCGAGCGACGTA-1	B	RCC-PR2	Adjacent	FALSE
RCC-PR2-Normal_GCCAAATAGGGCACTA-1	B	RCC-PR2	Adjacent	FALSE
RCC-PR2-Normal_GCTGCGAGTAAAGGAG-1	B	RCC-PR2	Adjacent	TRUE
RCC-PR2-Normal_GGACAAGTCAACGCTA-1	B	RCC-PR2	Adjacent	FALSE
RCC-PR2-Normal_GGTATTGTCTCCAACC-1	B	RCC-PR2	Adjacent	FALSE
RCC-PR2-Normal_GGTGCGTTCAAGATCC-1	B	RCC-PR2	Adjacent	FALSE
RCC-PR2-Normal_GTAGTCAGTAGGAGTC-1	B	RCC-PR2	Adjacent	FALSE
RCC-PR2-Normal_GTATTCTAGTGTTAGA-1	B	RCC-PR2	Adjacent	FALSE
RCC-PR2-Normal_GTCACGGAGTTATCGC-1	B	RCC-PR2	Adjacent	FALSE
RCC-PR2-Normal_GTGAAGGAGAAACGCC-1	B	RCC-PR2	Adjacent	FALSE
RCC-PR2-Normal_GTGCAGCGTCTAGCCG-1	B	RCC-PR2	Adjacent	FALSE
RCC-PR2-Normal_GTGTTAGGTCGAATCT-1	B	RCC-PR2	Adjacent	FALSE
RCC-PR2-Normal_GTTAAGCGTGTTGGGA-1	B	RCC-PR2	Adjacent	FALSE
RCC-PR2-Normal_GTTCTCGCATCGGAAG-1	B	RCC-PR2	Adjacent	FALSE
RCC-PR2-Normal_TAAGCGTCAGGTGGAT-1	B	RCC-PR2	Adjacent	FALSE
RCC-PR2-Normal_TACTTACAGGGTGTGT-1	B	RCC-PR2	Adjacent	FALSE
RCC-PR2-Normal_TACTTGTAGTCGAGTG-1	B	RCC-PR2	Adjacent	TRUE
RCC-PR2-Normal_TATCAGGTCATTGCCC-1	B	RCC-PR2	Adjacent	FALSE
RCC-PR2-Normal_TCACAAGAGAGTACCG-1	B	RCC-PR2	Adjacent	TRUE
RCC-PR2-Normal_TCACAAGAGCTCCTTC-1	B	RCC-PR2	Adjacent	FALSE
RCC-PR2-Normal_TCACAAGTCTCATTCA-1	B	RCC-PR2	Adjacent	FALSE
RCC-PR2-Normal_TCAGATGGTTCTCATT-1	B	RCC-PR2	Adjacent	FALSE
RCC-PR2-Normal_TCGTACCAGATGCCTT-1	B	RCC-PR2	Adjacent	FALSE
RCC-PR2-Normal_TCTATTGGTCCGCTGA-1	B	RCC-PR2	Adjacent	FALSE
RCC-PR2-Normal_TCTTCGGGTCCTAGCG-1	B	RCC-PR2	Adjacent	FALSE
RCC-PR2-Normal_TGCGTGGTCGAATGGG-1	B	RCC-PR2	Adjacent	TRUE
RCC-PR2-Normal_TGCTACCAGACTTGAA-1	B	RCC-PR2	Adjacent	FALSE
RCC-PR2-Normal_TGCTGCTAGGGAAACA-1	B	RCC-PR2	Adjacent	TRUE
RCC-PR2-Normal_TGCTGCTCATGACGGA-1	B	RCC-PR2	Adjacent	FALSE
RCC-PR2-Normal_TGCTGCTTCGAGAGCA-1	B	RCC-PR2	Adjacent	FALSE
RCC-PR2-Normal_TGGCCAGCAGTTAACC-1	B	RCC-PR2	Adjacent	TRUE
RCC-PR2-Normal_TGGGAAGAGAAGGTTT-1	B	RCC-PR2	Adjacent	FALSE
RCC-PR2-Normal_TGTCCCAGTGCAGACA-1	B	RCC-PR2	Adjacent	TRUE
RCC-PR2-Normal_TTAGGACAGTACGCCC-1	B	RCC-PR2	Adjacent	FALSE
RCC-PR2-Normal_TTTGGTTAGCGATATA-1	B	RCC-PR2	Adjacent	FALSE
RCC-PR2-PTumor_AAACCTGAGAAGAAGC-1	B	RCC-PR2	Tumor	FALSE
RCC-PR2-PTumor_AAACCTGTCAAACCAC-1	B	RCC-PR2	Tumor	FALSE
RCC-PR2-PTumor_AAACGGGAGACTTGAA-1	B	RCC-PR2	Tumor	FALSE
RCC-PR2-PTumor_AAAGATGTCCTTGACC-1	B	RCC-PR2	Tumor	FALSE
RCC-PR2-PTumor_AAAGCAAGTCCAACTA-1	B	RCC-PR2	Tumor	FALSE
RCC-PR2-PTumor_AAAGCAAGTTCAGCGC-1	B	RCC-PR2	Tumor	FALSE
RCC-PR2-PTumor_AACACGTTCGTACGGC-1	B	RCC-PR2	Tumor	TRUE
RCC-PR2-PTumor_AACTCTTCATCTCGCT-1	B	RCC-PR2	Tumor	FALSE
RCC-PR2-PTumor_AACTTTCAGGGCTCTC-1	B	RCC-PR2	Tumor	FALSE
RCC-PR2-PTumor_AAGCCGCTCTGGAGCC-1	B	RCC-PR2	Tumor	FALSE
RCC-PR2-PTumor_AAGGTTCTCAGTTGAC-1	B	RCC-PR2	Tumor	FALSE
RCC-PR2-PTumor_ACAGCCGAGGTTACCT-1	B	RCC-PR2	Tumor	FALSE
RCC-PR2-PTumor_ACATACGTCGATCCCT-1	B	RCC-PR2	Tumor	FALSE
RCC-PR2-PTumor_ACATGGTAGCGATAGC-1	B	RCC-PR2	Tumor	FALSE
RCC-PR2-PTumor_ACCTTTATCTGAGTGT-1	B	RCC-PR2	Tumor	TRUE
RCC-PR2-PTumor_ACGAGGAAGGAGTTGC-1	B	RCC-PR2	Tumor	FALSE
RCC-PR2-PTumor_ACGCAGCAGCTGGAAC-1	B	RCC-PR2	Tumor	FALSE
RCC-PR2-PTumor_ACGCCGATCGGAGGTA-1	B	RCC-PR2	Tumor	FALSE
RCC-PR2-PTumor_ACGGAGACAGACTCGC-1	B	RCC-PR2	Tumor	TRUE
RCC-PR2-PTumor_ACGGCCAGTCTGCCAG-1	B	RCC-PR2	Tumor	TRUE
RCC-PR2-PTumor_ACGTCAACAAAGTCAA-1	B	RCC-PR2	Tumor	FALSE
RCC-PR2-PTumor_ACTGATGAGTGAAGAG-1	B	RCC-PR2	Tumor	TRUE
RCC-PR2-PTumor_ACTGATGTCTAACTTC-1	B	RCC-PR2	Tumor	FALSE
RCC-PR2-PTumor_ACTTACTAGCGCTCCA-1	B	RCC-PR2	Tumor	FALSE
RCC-PR2-PTumor_AGAGCTTTCTCGGACG-1	B	RCC-PR2	Tumor	FALSE
RCC-PR2-PTumor_AGCCTAACAACGATCT-1	B	RCC-PR2	Tumor	FALSE
RCC-PR2-PTumor_AGCGTCGCAAGAAAGG-1	B	RCC-PR2	Tumor	FALSE
RCC-PR2-PTumor_AGGCCGTAGCTACCGC-1	B	RCC-PR2	Tumor	FALSE
RCC-PR2-PTumor_AGGCCGTCAGACGCAA-1	B	RCC-PR2	Tumor	FALSE
RCC-PR2-PTumor_AGGTCATCATCCCATC-1	B	RCC-PR2	Tumor	TRUE
RCC-PR2-PTumor_AGTAGTCAGGTACTCT-1	B	RCC-PR2	Tumor	TRUE
RCC-PR2-PTumor_ATCCACCAGGATATAC-1	B	RCC-PR2	Tumor	FALSE
RCC-PR2-PTumor_CAACCAACAGTTCCCT-1	B	RCC-PR2	Tumor	FALSE
RCC-PR2-PTumor_CAACCAACATTCGACA-1	B	RCC-PR2	Tumor	FALSE
RCC-PR2-PTumor_CAACTAGTCAAAGTAG-1	B	RCC-PR2	Tumor	FALSE
RCC-PR2-PTumor_CACACTCCAAGGTTTC-1	B	RCC-PR2	Tumor	FALSE
RCC-PR2-PTumor_CACAGTATCAAGGCTT-1	B	RCC-PR2	Tumor	FALSE
RCC-PR2-PTumor_CACATAGGTGGTCTCG-1	B	RCC-PR2	Tumor	TRUE
RCC-PR2-PTumor_CAGCATAAGTGCGTGA-1	B	RCC-PR2	Tumor	TRUE
RCC-PR2-PTumor_CAGCATAGTCTCCATC-1	B	RCC-PR2	Tumor	FALSE
RCC-PR2-PTumor_CAGCTAAAGATGTGTA-1	B	RCC-PR2	Tumor	FALSE
RCC-PR2-PTumor_CATCAAGTCCTAAGTG-1	B	RCC-PR2	Tumor	FALSE
RCC-PR2-PTumor_CATCAGAGTATCAGTC-1	B	RCC-PR2	Tumor	FALSE
RCC-PR2-PTumor_CATGACATCAGCATGT-1	B	RCC-PR2	Tumor	FALSE
RCC-PR2-PTumor_CCCAATCTCAGTTTGG-1	B	RCC-PR2	Tumor	FALSE
RCC-PR2-PTumor_CCCATACAGGGAAACA-1	B	RCC-PR2	Tumor	FALSE
RCC-PR2-PTumor_CCTACACTCAGAGCTT-1	B	RCC-PR2	Tumor	TRUE
RCC-PR2-PTumor_CCTACCATCTACTCAT-1	B	RCC-PR2	Tumor	FALSE
RCC-PR2-PTumor_CCTCAGTGTCAGGACA-1	B	RCC-PR2	Tumor	FALSE
RCC-PR2-PTumor_CCTTACGCACATCCAA-1	B	RCC-PR2	Tumor	TRUE
RCC-PR2-PTumor_CCTTCGAAGCCACCTG-1	B	RCC-PR2	Tumor	TRUE
RCC-PR2-PTumor_CGAATGTAGTGGCACA-1	B	RCC-PR2	Tumor	FALSE
RCC-PR2-PTumor_CGACCTTGTCAGGACA-1	B	RCC-PR2	Tumor	FALSE
RCC-PR2-PTumor_CGACTTCGTCTAGTCA-1	B	RCC-PR2	Tumor	FALSE
RCC-PR2-PTumor_CGCTATCGTCATCCCT-1	B	RCC-PR2	Tumor	FALSE
RCC-PR2-PTumor_CGCTTCACAGTAACGG-1	B	RCC-PR2	Tumor	FALSE
RCC-PR2-PTumor_CGGACTGAGCTAACAA-1	B	RCC-PR2	Tumor	TRUE
RCC-PR2-PTumor_CGGAGTCAGATGCCAG-1	B	RCC-PR2	Tumor	FALSE
RCC-PR2-PTumor_CGGTTAAAGAAGAAGC-1	B	RCC-PR2	Tumor	FALSE
RCC-PR2-PTumor_CGTAGGCAGAGCTTCT-1	B	RCC-PR2	Tumor	TRUE
RCC-PR2-PTumor_CGTCCATAGAACTCGG-1	B	RCC-PR2	Tumor	FALSE
RCC-PR2-PTumor_CGTGAGCTCCGATATG-1	B	RCC-PR2	Tumor	FALSE
RCC-PR2-PTumor_CGTGAGCTCTCCAACC-1	B	RCC-PR2	Tumor	FALSE
RCC-PR2-PTumor_CTACGTCGTTCGCGAC-1	B	RCC-PR2	Tumor	FALSE
RCC-PR2-PTumor_CTCACACCATCGATTG-1	B	RCC-PR2	Tumor	FALSE
RCC-PR2-PTumor_CTCAGAATCCACTGGG-1	B	RCC-PR2	Tumor	FALSE
RCC-PR2-PTumor_CTCATTATCATTGCCC-1	B	RCC-PR2	Tumor	FALSE
RCC-PR2-PTumor_CTCTAATTCTGGTATG-1	B	RCC-PR2	Tumor	FALSE
RCC-PR2-PTumor_CTCTACGTCTGGTGTA-1	B	RCC-PR2	Tumor	FALSE
RCC-PR2-PTumor_CTCTGGTGTGAGGGAG-1	B	RCC-PR2	Tumor	FALSE
RCC-PR2-PTumor_CTCTGGTGTTAAAGTG-1	B	RCC-PR2	Tumor	FALSE
RCC-PR2-PTumor_CTGATCCGTACTTCTT-1	B	RCC-PR2	Tumor	FALSE
RCC-PR2-PTumor_CTGCGGAGTCAGATAA-1	B	RCC-PR2	Tumor	FALSE
RCC-PR2-PTumor_CTGCGGATCCCGGATG-1	B	RCC-PR2	Tumor	FALSE
RCC-PR2-PTumor_CTGGTCTTCTTACCGC-1	B	RCC-PR2	Tumor	FALSE
RCC-PR2-PTumor_CTTCTCTTCTGGGCCA-1	B	RCC-PR2	Tumor	FALSE
RCC-PR2-PTumor_GAAACTCAGACATAAC-1	B	RCC-PR2	Tumor	FALSE
RCC-PR2-PTumor_GAAACTCCAACGATCT-1	B	RCC-PR2	Tumor	TRUE
RCC-PR2-PTumor_GAAATGAGTAGGAGTC-1	B	RCC-PR2	Tumor	TRUE
RCC-PR2-PTumor_GAAATGATCAACGCTA-1	B	RCC-PR2	Tumor	FALSE
RCC-PR2-PTumor_GAAATGATCGTTTAGG-1	B	RCC-PR2	Tumor	FALSE
RCC-PR2-PTumor_GAACATCAGACCCACC-1	B	RCC-PR2	Tumor	FALSE
RCC-PR2-PTumor_GACACGCTCAGGCGAA-1	B	RCC-PR2	Tumor	TRUE
RCC-PR2-PTumor_GACCAATAGACAAGCC-1	B	RCC-PR2	Tumor	FALSE
RCC-PR2-PTumor_GACGGCTAGCCTTGAT-1	B	RCC-PR2	Tumor	TRUE
RCC-PR2-PTumor_GACGTGCTCGTCACGG-1	B	RCC-PR2	Tumor	TRUE
RCC-PR2-PTumor_GACTGCGGTAGCGCTC-1	B	RCC-PR2	Tumor	TRUE
RCC-PR2-PTumor_GACTGCGGTTACTGAC-1	B	RCC-PR2	Tumor	FALSE
RCC-PR2-PTumor_GAGCAGATCCTCATTA-1	B	RCC-PR2	Tumor	FALSE
RCC-PR2-PTumor_GAGTCCGCAGAGTGTG-1	B	RCC-PR2	Tumor	FALSE
RCC-PR2-PTumor_GATGCTAAGCTGCAAG-1	B	RCC-PR2	Tumor	FALSE
RCC-PR2-PTumor_GCACTCTGTGCCTGTG-1	B	RCC-PR2	Tumor	FALSE
RCC-PR2-PTumor_GCATGCGCACGAGAGT-1	B	RCC-PR2	Tumor	FALSE
RCC-PR2-PTumor_GCCTCTATCCGCATCT-1	B	RCC-PR2	Tumor	FALSE
RCC-PR2-PTumor_GCGCCAACACGAAACG-1	B	RCC-PR2	Tumor	FALSE
RCC-PR2-PTumor_GCTGCTTGTCTGCAAT-1	B	RCC-PR2	Tumor	FALSE
RCC-PR2-PTumor_GCTTGAAAGATCACGG-1	B	RCC-PR2	Tumor	FALSE
RCC-PR2-PTumor_GGAACTTTCAGCGATT-1	B	RCC-PR2	Tumor	TRUE
RCC-PR2-PTumor_GGAATAAGTCTCATCC-1	B	RCC-PR2	Tumor	FALSE
RCC-PR2-PTumor_GGAATAAGTTTGACTG-1	B	RCC-PR2	Tumor	TRUE
RCC-PR2-PTumor_GGCAATTGTCTCAACA-1	B	RCC-PR2	Tumor	FALSE
RCC-PR2-PTumor_GGCGTGTGTGCAACTT-1	B	RCC-PR2	Tumor	FALSE
RCC-PR2-PTumor_GGCTCGACACGGACAA-1	B	RCC-PR2	Tumor	FALSE
RCC-PR2-PTumor_GGGCATCTCCGCTGTT-1	B	RCC-PR2	Tumor	TRUE
RCC-PR2-PTumor_GGTGAAGAGAGTAATC-1	B	RCC-PR2	Tumor	FALSE
RCC-PR2-PTumor_GGTGCGTTCGTGGTCG-1	B	RCC-PR2	Tumor	FALSE
RCC-PR2-PTumor_GTAACGTCACTTACGA-1	B	RCC-PR2	Tumor	FALSE
RCC-PR2-PTumor_GTATCTTAGACTGGGT-1	B	RCC-PR2	Tumor	FALSE
RCC-PR2-PTumor_GTATTCTCAGTAAGCG-1	B	RCC-PR2	Tumor	FALSE
RCC-PR2-PTumor_GTCAAGTTCCTCAACC-1	B	RCC-PR2	Tumor	TRUE
RCC-PR2-PTumor_GTCACAAAGATCCCGC-1	B	RCC-PR2	Tumor	FALSE
RCC-PR2-PTumor_GTCACGGTCAAAGTAG-1	B	RCC-PR2	Tumor	TRUE
RCC-PR2-PTumor_GTCCTCATCAGGCGAA-1	B	RCC-PR2	Tumor	FALSE
RCC-PR2-PTumor_GTTAAGCTCCTACAGA-1	B	RCC-PR2	Tumor	TRUE
RCC-PR2-PTumor_GTTCATTTCTTAGCCC-1	B	RCC-PR2	Tumor	TRUE
RCC-PR2-PTumor_GTTCGGGGTTACGTCA-1	B	RCC-PR2	Tumor	FALSE
RCC-PR2-PTumor_TACAGTGTCACTTACT-1	B	RCC-PR2	Tumor	FALSE
RCC-PR2-PTumor_TACCTTAGTGGTTTCA-1	B	RCC-PR2	Tumor	FALSE
RCC-PR2-PTumor_TACTCGCGTCAAAGCG-1	B	RCC-PR2	Tumor	FALSE
RCC-PR2-PTumor_TACTTACTCACCACCT-1	B	RCC-PR2	Tumor	FALSE
RCC-PR2-PTumor_TCAATCTGTTCTGGTA-1	B	RCC-PR2	Tumor	TRUE
RCC-PR2-PTumor_TCACGAATCCTAGAAC-1	B	RCC-PR2	Tumor	FALSE
RCC-PR2-PTumor_TCAGCTCTCGAACGGA-1	B	RCC-PR2	Tumor	FALSE
RCC-PR2-PTumor_TCTGGAAAGTGTACGG-1	B	RCC-PR2	Tumor	FALSE
RCC-PR2-PTumor_TGAGGGAGTCCCTTGT-1	B	RCC-PR2	Tumor	FALSE
RCC-PR2-PTumor_TGCTACCAGAAGATTC-1	B	RCC-PR2	Tumor	FALSE
RCC-PR2-PTumor_TGGCGCAGTGATAAGT-1	B	RCC-PR2	Tumor	TRUE
RCC-PR2-PTumor_TGGCGCATCCAAAGTC-1	B	RCC-PR2	Tumor	FALSE
RCC-PR2-PTumor_TGGCTGGGTTTGGGCC-1	B	RCC-PR2	Tumor	TRUE
RCC-PR2-PTumor_TTAACTCTCTGAGGGA-1	B	RCC-PR2	Tumor	TRUE
RCC-PR2-PTumor_TTCGAAGGTGACCAAG-1	B	RCC-PR2	Tumor	TRUE
RCC-PR2-PTumor_TTCGAAGGTGAGGCTA-1	B	RCC-PR2	Tumor	FALSE
RCC-PR2-PTumor_TTCGGTCAGGAGCGTT-1	B	RCC-PR2	Tumor	FALSE
RCC-PR2-PTumor_TTGACTTTCTTAGCCC-1	B	RCC-PR2	Tumor	FALSE
RCC-PR2-PTumor_TTGGCAAGTTGCCTCT-1	B	RCC-PR2	Tumor	FALSE
RCC-PR2-PTumor_TTGTAGGGTGCGCTTG-1	B	RCC-PR2	Tumor	TRUE
RCC-PR2-PTumor_TTTGGTTGTCCAGTAT-1	B	RCC-PR2	Tumor	FALSE
RCC-PR4-Normal_ACAGCCGTCTGCTGTC-1	B	RCC-PR4	Adjacent	FALSE
RCC-PR4-Normal_ATCTACTAGAAGGCCT-1	B	RCC-PR4	Adjacent	FALSE
RCC-PR4-Normal_CACCTTGCAGCTTCGG-1	B	RCC-PR4	Adjacent	FALSE
RCC-PR4-Normal_CCGTTCACACTATCTT-1	B	RCC-PR4	Adjacent	FALSE
RCC-PR4-Normal_CGAATGTGTAGCTTGT-1	B	RCC-PR4	Adjacent	FALSE
RCC-PR4-Normal_CGCTTCAAGTTTCCTT-1	B	RCC-PR4	Adjacent	FALSE
RCC-PR4-Normal_CGTGTAAGTAAGGATT-1	B	RCC-PR4	Adjacent	FALSE
RCC-PR4-Normal_GCAGCCAAGACTACAA-1	B	RCC-PR4	Adjacent	FALSE
RCC-PR4-Normal_GCAGTTAGTATTCTCT-1	B	RCC-PR4	Adjacent	FALSE
RCC-PR4-Normal_GCTTGAAAGATGTGGC-1	B	RCC-PR4	Adjacent	FALSE
RCC-PR4-Normal_GCTTGAAAGGGATCTG-1	B	RCC-PR4	Adjacent	FALSE
RCC-PR4-Normal_GTACGTAAGTGAAGTT-1	B	RCC-PR4	Adjacent	FALSE
RCC-PR4-Normal_GTTCATTCAGTGACAG-1	B	RCC-PR4	Adjacent	FALSE
RCC-PR4-Normal_TCTGAGAAGGATTCGG-1	B	RCC-PR4	Adjacent	FALSE
RCC-PR4-Normal_TGGCCAGAGAGTGACC-1	B	RCC-PR4	Adjacent	FALSE
RCC-PR4-Normal_TTAGGCAAGACTACAA-1	B	RCC-PR4	Adjacent	FALSE
RCC-PR4-Normal_TTATGCTCATTCACTT-1	B	RCC-PR4	Adjacent	FALSE
RCC-PR4-Normal_TTCGGTCCATTAACCG-1	B	RCC-PR4	Adjacent	FALSE
RCC-PR4-Normal_TTGAACGAGGAGCGTT-1	B	RCC-PR4	Adjacent	FALSE
RCC-PR4-Normal_TTGAACGAGTGTGAAT-1	B	RCC-PR4	Adjacent	FALSE
RCC-PR4-Normal_TTGACTTAGACTCGGA-1	B	RCC-PR4	Adjacent	FALSE
RCC-PR4-Normal_TTGCCGTTCCTAAGTG-1	B	RCC-PR4	Adjacent	FALSE
RCC-PR4-Normal_TTGGAACTCTTTAGGG-1	B	RCC-PR4	Adjacent	FALSE
RCC-PR4-PTumor_AAAGATGTCCGCGCAA-1	B	RCC-PR4	Tumor	TRUE
RCC-PR4-PTumor_AACCATGAGGCCCGTT-1	B	RCC-PR4	Tumor	FALSE
RCC-PR4-PTumor_AAGTCTGTCTCTGCTG-1	B	RCC-PR4	Tumor	FALSE
RCC-PR4-PTumor_ACACCGGCAAACCCAT-1	B	RCC-PR4	Tumor	FALSE
RCC-PR4-PTumor_ACACTGATCAGTCAGT-1	B	RCC-PR4	Tumor	FALSE
RCC-PR4-PTumor_ACAGCTAGTATCAGTC-1	B	RCC-PR4	Tumor	FALSE
RCC-PR4-PTumor_ACATACGCAGGATTGG-1	B	RCC-PR4	Tumor	FALSE
RCC-PR4-PTumor_ACATCAGTCGGTCCGA-1	B	RCC-PR4	Tumor	FALSE
RCC-PR4-PTumor_ACCCACTGTTGGGACA-1	B	RCC-PR4	Tumor	FALSE
RCC-PR4-PTumor_ACCCACTTCGTCTGCT-1	B	RCC-PR4	Tumor	FALSE
RCC-PR4-PTumor_ACCGTAACACAACGCC-1	B	RCC-PR4	Tumor	FALSE
RCC-PR4-PTumor_ACGAGCCGTATAGGGC-1	B	RCC-PR4	Tumor	FALSE
RCC-PR4-PTumor_ACGAGCCGTATGAAAC-1	B	RCC-PR4	Tumor	FALSE
RCC-PR4-PTumor_ACGATACCAAGCCTAT-1	B	RCC-PR4	Tumor	FALSE
RCC-PR4-PTumor_ACGCAGCCAACCGCCA-1	B	RCC-PR4	Tumor	FALSE
RCC-PR4-PTumor_ACGCAGCCAGCCTTTC-1	B	RCC-PR4	Tumor	FALSE
RCC-PR4-PTumor_ACGCCAGGTCAGAAGC-1	B	RCC-PR4	Tumor	FALSE
RCC-PR4-PTumor_ACGGAGAGTGGTAACG-1	B	RCC-PR4	Tumor	FALSE
RCC-PR4-PTumor_ACTGAACAGAGGGCTT-1	B	RCC-PR4	Tumor	FALSE
RCC-PR4-PTumor_ACTGAACAGGCTACGA-1	B	RCC-PR4	Tumor	FALSE
RCC-PR4-PTumor_ACTTACTAGTGCGATG-1	B	RCC-PR4	Tumor	FALSE
RCC-PR4-PTumor_ACTTTCATCGGATGTT-1	B	RCC-PR4	Tumor	FALSE
RCC-PR4-PTumor_ACTTTCATCTACTATC-1	B	RCC-PR4	Tumor	FALSE
RCC-PR4-PTumor_AGCAGCCAGTAGGCCA-1	B	RCC-PR4	Tumor	FALSE
RCC-PR4-PTumor_AGCATACGTGTTAAGA-1	B	RCC-PR4	Tumor	FALSE
RCC-PR4-PTumor_AGCGTCGCACATCTTT-1	B	RCC-PR4	Tumor	TRUE
RCC-PR4-PTumor_AGGCCACGTCTACCTC-1	B	RCC-PR4	Tumor	FALSE
RCC-PR4-PTumor_AGGGAGTCAACTTGAC-1	B	RCC-PR4	Tumor	FALSE
RCC-PR4-PTumor_AGGGAGTCATCACGAT-1	B	RCC-PR4	Tumor	FALSE
RCC-PR4-PTumor_AGGTCCGCAATGCCAT-1	B	RCC-PR4	Tumor	FALSE
RCC-PR4-PTumor_AGTAGTCTCATGCTCC-1	B	RCC-PR4	Tumor	FALSE
RCC-PR4-PTumor_AGTCTTTAGTAAGTAC-1	B	RCC-PR4	Tumor	FALSE
RCC-PR4-PTumor_AGTGAGGCAGAGTGTG-1	B	RCC-PR4	Tumor	FALSE
RCC-PR4-PTumor_AGTGTCATCGGAATCT-1	B	RCC-PR4	Tumor	TRUE
RCC-PR4-PTumor_ATAACGCTCACCCTCA-1	B	RCC-PR4	Tumor	FALSE
RCC-PR4-PTumor_ATAGACCCATTCTCAT-1	B	RCC-PR4	Tumor	FALSE
RCC-PR4-PTumor_ATCTACTGTGGCTCCA-1	B	RCC-PR4	Tumor	FALSE
RCC-PR4-PTumor_ATGAGGGTCTTATCTG-1	B	RCC-PR4	Tumor	TRUE
RCC-PR4-PTumor_ATTATCCGTCCTCCAT-1	B	RCC-PR4	Tumor	FALSE
RCC-PR4-PTumor_CAAGATCGTCTCATCC-1	B	RCC-PR4	Tumor	TRUE
RCC-PR4-PTumor_CAGAGAGTCACTTATC-1	B	RCC-PR4	Tumor	TRUE
RCC-PR4-PTumor_CAGCATAAGCCGTCGT-1	B	RCC-PR4	Tumor	TRUE
RCC-PR4-PTumor_CAGCTAATCAACCATG-1	B	RCC-PR4	Tumor	FALSE
RCC-PR4-PTumor_CAGCTGGAGAGTTGGC-1	B	RCC-PR4	Tumor	FALSE
RCC-PR4-PTumor_CAGGTGCTCTACCTGC-1	B	RCC-PR4	Tumor	FALSE
RCC-PR4-PTumor_CATATGGAGCTAGGCA-1	B	RCC-PR4	Tumor	FALSE
RCC-PR4-PTumor_CATATGGCACATTTCT-1	B	RCC-PR4	Tumor	FALSE
RCC-PR4-PTumor_CATTCGCAGCGGCTTC-1	B	RCC-PR4	Tumor	TRUE
RCC-PR4-PTumor_CATTCGCGTCAAACTC-1	B	RCC-PR4	Tumor	FALSE
RCC-PR4-PTumor_CCCAGTTGTATTAGCC-1	B	RCC-PR4	Tumor	TRUE
RCC-PR4-PTumor_CCCTCCTAGCCACGCT-1	B	RCC-PR4	Tumor	FALSE
RCC-PR4-PTumor_CCTCTGAGTCGCGGTT-1	B	RCC-PR4	Tumor	FALSE
RCC-PR4-PTumor_CCTCTGATCTGCTTGC-1	B	RCC-PR4	Tumor	FALSE
RCC-PR4-PTumor_CCTTACGAGTACGATA-1	B	RCC-PR4	Tumor	FALSE
RCC-PR4-PTumor_CGAATGTTCCCTAACC-1	B	RCC-PR4	Tumor	FALSE
RCC-PR4-PTumor_CGAGAAGTCTGGTATG-1	B	RCC-PR4	Tumor	FALSE
RCC-PR4-PTumor_CGATGGCCAGGTCCAC-1	B	RCC-PR4	Tumor	FALSE
RCC-PR4-PTumor_CGCTATCGTACATCCA-1	B	RCC-PR4	Tumor	FALSE
RCC-PR4-PTumor_CGCTGGACAGCTGCAC-1	B	RCC-PR4	Tumor	FALSE
RCC-PR4-PTumor_CGGACGTCACCAGTTA-1	B	RCC-PR4	Tumor	FALSE
RCC-PR4-PTumor_CGGACGTGTACCAGTT-1	B	RCC-PR4	Tumor	FALSE
RCC-PR4-PTumor_CGGAGTCAGGAGTAGA-1	B	RCC-PR4	Tumor	FALSE
RCC-PR4-PTumor_CGGTTAATCGTCTGAA-1	B	RCC-PR4	Tumor	FALSE
RCC-PR4-PTumor_CGTAGGCCAGGCGATA-1	B	RCC-PR4	Tumor	FALSE
RCC-PR4-PTumor_CGTGAGCTCCCGGATG-1	B	RCC-PR4	Tumor	TRUE
RCC-PR4-PTumor_CGTTCTGGTACCGTTA-1	B	RCC-PR4	Tumor	FALSE
RCC-PR4-PTumor_CTAACTTAGCAATATG-1	B	RCC-PR4	Tumor	TRUE
RCC-PR4-PTumor_CTAACTTAGGGCTCTC-1	B	RCC-PR4	Tumor	TRUE
RCC-PR4-PTumor_CTAGAGTAGTACCGGA-1	B	RCC-PR4	Tumor	FALSE
RCC-PR4-PTumor_CTCAGAACAGCTGCTG-1	B	RCC-PR4	Tumor	FALSE
RCC-PR4-PTumor_CTCCTAGGTCGATTGT-1	B	RCC-PR4	Tumor	FALSE
RCC-PR4-PTumor_CTCGTCATCTTGCAAG-1	B	RCC-PR4	Tumor	FALSE
RCC-PR4-PTumor_CTTAACTGTCAACATC-1	B	RCC-PR4	Tumor	FALSE
RCC-PR4-PTumor_CTTGGCTGTGTGGTTT-1	B	RCC-PR4	Tumor	FALSE
RCC-PR4-PTumor_CTTTGCGAGGCTCTTA-1	B	RCC-PR4	Tumor	FALSE
RCC-PR4-PTumor_GAATGAACAATGGACG-1	B	RCC-PR4	Tumor	FALSE
RCC-PR4-PTumor_GACGGCTAGATAGCAT-1	B	RCC-PR4	Tumor	FALSE
RCC-PR4-PTumor_GACGTGCCAACTTGAC-1	B	RCC-PR4	Tumor	TRUE
RCC-PR4-PTumor_GACGTTAAGACACGAC-1	B	RCC-PR4	Tumor	TRUE
RCC-PR4-PTumor_GACTACAAGAGTAAGG-1	B	RCC-PR4	Tumor	FALSE
RCC-PR4-PTumor_GAGTCCGTCAGTCAGT-1	B	RCC-PR4	Tumor	FALSE
RCC-PR4-PTumor_GATCAGTGTAAAGGAG-1	B	RCC-PR4	Tumor	FALSE
RCC-PR4-PTumor_GATTCAGTCTCTAGGA-1	B	RCC-PR4	Tumor	FALSE
RCC-PR4-PTumor_GCAAACTCACACATGT-1	B	RCC-PR4	Tumor	FALSE
RCC-PR4-PTumor_GCATGATGTGTAATGA-1	B	RCC-PR4	Tumor	FALSE
RCC-PR4-PTumor_GCCTCTAGTAGCCTCG-1	B	RCC-PR4	Tumor	FALSE
RCC-PR4-PTumor_GCGCAGTGTGTAACGG-1	B	RCC-PR4	Tumor	FALSE
RCC-PR4-PTumor_GCGGGTTAGTCGCCGT-1	B	RCC-PR4	Tumor	FALSE
RCC-PR4-PTumor_GCTCTGTTCATGTCCC-1	B	RCC-PR4	Tumor	FALSE
RCC-PR4-PTumor_GCTCTGTTCGCGGATC-1	B	RCC-PR4	Tumor	FALSE
RCC-PR4-PTumor_GCTGCAGTCAGCTGGC-1	B	RCC-PR4	Tumor	FALSE
RCC-PR4-PTumor_GCTTCCACAATGAATG-1	B	RCC-PR4	Tumor	FALSE
RCC-PR4-PTumor_GCTTCCACACATTCGA-1	B	RCC-PR4	Tumor	FALSE
RCC-PR4-PTumor_GGAACTTTCACTCCTG-1	B	RCC-PR4	Tumor	FALSE
RCC-PR4-PTumor_GGACAAGCACCACGTG-1	B	RCC-PR4	Tumor	FALSE
RCC-PR4-PTumor_GGACAGAGTTGCCTCT-1	B	RCC-PR4	Tumor	FALSE
RCC-PR4-PTumor_GGCAATTGTAGCTTGT-1	B	RCC-PR4	Tumor	FALSE
RCC-PR4-PTumor_GGCTCGACACAACTGT-1	B	RCC-PR4	Tumor	FALSE
RCC-PR4-PTumor_GGCTGGTAGTGTACCT-1	B	RCC-PR4	Tumor	TRUE
RCC-PR4-PTumor_GGGAGATCAAAGTCAA-1	B	RCC-PR4	Tumor	FALSE
RCC-PR4-PTumor_GGGATGAGTATAATGG-1	B	RCC-PR4	Tumor	FALSE
RCC-PR4-PTumor_GGGCACTCAGGTCTCG-1	B	RCC-PR4	Tumor	FALSE
RCC-PR4-PTumor_GGGCATCAGGTCGGAT-1	B	RCC-PR4	Tumor	FALSE
RCC-PR4-PTumor_GGTGAAGGTCTTTCAT-1	B	RCC-PR4	Tumor	FALSE
RCC-PR4-PTumor_GGTGCGTGTCTTCAAG-1	B	RCC-PR4	Tumor	TRUE
RCC-PR4-PTumor_GGTGTTATCTCCAACC-1	B	RCC-PR4	Tumor	TRUE
RCC-PR4-PTumor_GTAACGTAGTCGCCGT-1	B	RCC-PR4	Tumor	FALSE
RCC-PR4-PTumor_GTACTCCCAAGGGTCA-1	B	RCC-PR4	Tumor	FALSE
RCC-PR4-PTumor_GTACTCCTCGTACGGC-1	B	RCC-PR4	Tumor	FALSE
RCC-PR4-PTumor_GTAGGCCAGGGAAACA-1	B	RCC-PR4	Tumor	FALSE
RCC-PR4-PTumor_GTATCTTGTCGTTGTA-1	B	RCC-PR4	Tumor	FALSE
RCC-PR4-PTumor_GTCACAACATTGGCGC-1	B	RCC-PR4	Tumor	FALSE
RCC-PR4-PTumor_GTGAAGGAGGGAAACA-1	B	RCC-PR4	Tumor	FALSE
RCC-PR4-PTumor_GTGTTAGTCCCTTGTG-1	B	RCC-PR4	Tumor	TRUE
RCC-PR4-PTumor_GTGTTAGTCTAACTTC-1	B	RCC-PR4	Tumor	FALSE
RCC-PR4-PTumor_GTTCTCGTCGGCTTGG-1	B	RCC-PR4	Tumor	FALSE
RCC-PR4-PTumor_TACACGACAGCAGTTT-1	B	RCC-PR4	Tumor	TRUE
RCC-PR4-PTumor_TACTCATAGGTGATAT-1	B	RCC-PR4	Tumor	FALSE
RCC-PR4-PTumor_TACTTACTCGTCCGTT-1	B	RCC-PR4	Tumor	FALSE
RCC-PR4-PTumor_TACTTGTAGGGTTCCC-1	B	RCC-PR4	Tumor	FALSE
RCC-PR4-PTumor_TAGACCATCGCGTTTC-1	B	RCC-PR4	Tumor	FALSE
RCC-PR4-PTumor_TAGAGCTGTAATCACC-1	B	RCC-PR4	Tumor	FALSE
RCC-PR4-PTumor_TAGAGCTTCTAACGGT-1	B	RCC-PR4	Tumor	FALSE
RCC-PR4-PTumor_TAGGCATTCGTCCGTT-1	B	RCC-PR4	Tumor	FALSE
RCC-PR4-PTumor_TAGTTGGCAATAGCGG-1	B	RCC-PR4	Tumor	FALSE
RCC-PR4-PTumor_TCACAAGCATAAGACA-1	B	RCC-PR4	Tumor	FALSE
RCC-PR4-PTumor_TCAGATGGTTCCCTTG-1	B	RCC-PR4	Tumor	FALSE
RCC-PR4-PTumor_TCCCGATAGGATATAC-1	B	RCC-PR4	Tumor	FALSE
RCC-PR4-PTumor_TCGCGTTGTTGTGGAG-1	B	RCC-PR4	Tumor	FALSE
RCC-PR4-PTumor_TCGCGTTTCTTCAACT-1	B	RCC-PR4	Tumor	FALSE
RCC-PR4-PTumor_TCGGTAATCGCACTCT-1	B	RCC-PR4	Tumor	FALSE
RCC-PR4-PTumor_TCTCTAACATCTATGG-1	B	RCC-PR4	Tumor	FALSE
RCC-PR4-PTumor_TGACAACAGACCTTTG-1	B	RCC-PR4	Tumor	TRUE
RCC-PR4-PTumor_TGAGCATCACTGTTAG-1	B	RCC-PR4	Tumor	FALSE
RCC-PR4-PTumor_TGAGCATTCCCATTAT-1	B	RCC-PR4	Tumor	FALSE
RCC-PR4-PTumor_TGAGCCGGTCCGAATT-1	B	RCC-PR4	Tumor	FALSE
RCC-PR4-PTumor_TGAGGGACACCGTTGG-1	B	RCC-PR4	Tumor	FALSE
RCC-PR4-PTumor_TGAGGGACAGCTGCTG-1	B	RCC-PR4	Tumor	FALSE
RCC-PR4-PTumor_TGCCCTACAATCACAC-1	B	RCC-PR4	Tumor	TRUE
RCC-PR4-PTumor_TGCTACCAGGGAAACA-1	B	RCC-PR4	Tumor	FALSE
RCC-PR4-PTumor_TGCTGCTAGCGTTTAC-1	B	RCC-PR4	Tumor	FALSE
RCC-PR4-PTumor_TGGACGCCATCCGCGA-1	B	RCC-PR4	Tumor	FALSE
RCC-PR4-PTumor_TGGGAAGTCCGTAGTA-1	B	RCC-PR4	Tumor	FALSE
RCC-PR4-PTumor_TGGTTAGAGAGTAAGG-1	B	RCC-PR4	Tumor	TRUE
RCC-PR4-PTumor_TGGTTAGCAAGTAGTA-1	B	RCC-PR4	Tumor	FALSE
RCC-PR4-PTumor_TGTATTCCATTGTGCA-1	B	RCC-PR4	Tumor	FALSE
RCC-PR4-PTumor_TGTCCCAGTTTACTCT-1	B	RCC-PR4	Tumor	TRUE
RCC-PR4-PTumor_TTAGGACGTTGTCTTT-1	B	RCC-PR4	Tumor	FALSE
RCC-PR4-PTumor_TTAGTTCTCCAGTAGT-1	B	RCC-PR4	Tumor	FALSE
RCC-PR4-PTumor_TTATGCTGTGTTTGTG-1	B	RCC-PR4	Tumor	FALSE
RCC-PR4-PTumor_TTCGAAGCACATCTTT-1	B	RCC-PR4	Tumor	FALSE
RCC-PR4-PTumor_TTGACTTGTATTCTCT-1	B	RCC-PR4	Tumor	TRUE
RCC-PR4-PTumor_TTGCCGTCAAGTCTAC-1	B	RCC-PR4	Tumor	TRUE
RCC-PR4-PTumor_TTGCCGTGTTCCGTCT-1	B	RCC-PR4	Tumor	TRUE
RCC-PR4-PTumor_TTGCGTCTCCTATTCA-1	B	RCC-PR4	Tumor	TRUE
RCC-PR4-PTumor_TTGGCAAGTGAACCTT-1	B	RCC-PR4	Tumor	FALSE
RCC-PR4-PTumor_TTTGGTTCATACTCTT-1	B	RCC-PR4	Tumor	FALSE
RCC-PR3-Normal_AAAGCAATCATCGGAT-1	B	RCC-PR3	Adjacent	FALSE
RCC-PR3-Normal_AACCGCGTCTCGTTTA-1	B	RCC-PR3	Adjacent	FALSE
RCC-PR3-Normal_AACGTTGCATGGTTGT-1	B	RCC-PR3	Adjacent	FALSE
RCC-PR3-Normal_AACTTTCGTGAGGGTT-1	B	RCC-PR3	Adjacent	FALSE
RCC-PR3-Normal_AAGCCGCTCTATCCCG-1	B	RCC-PR3	Adjacent	FALSE
RCC-PR3-Normal_AAGGAGCCATCCCATC-1	B	RCC-PR3	Adjacent	FALSE
RCC-PR3-Normal_AAGGAGCGTAGGCTGA-1	B	RCC-PR3	Adjacent	FALSE
RCC-PR3-Normal_AATCCAGTCTTGCATT-1	B	RCC-PR3	Adjacent	FALSE
RCC-PR3-Normal_AATCGGTCAAGAAAGG-1	B	RCC-PR3	Adjacent	FALSE
RCC-PR3-Normal_ACACCAACATTGGGCC-1	B	RCC-PR3	Adjacent	FALSE
RCC-PR3-Normal_ACACCAATCTTGCATT-1	B	RCC-PR3	Adjacent	FALSE
RCC-PR3-Normal_ACACCCTGTCTAGCCG-1	B	RCC-PR3	Adjacent	FALSE
RCC-PR3-Normal_ACACCCTTCACATACG-1	B	RCC-PR3	Adjacent	FALSE
RCC-PR3-Normal_ACAGCCGGTTGATTCG-1	B	RCC-PR3	Adjacent	FALSE
RCC-PR3-Normal_ACAGCTAGTGTGAAAT-1	B	RCC-PR3	Adjacent	FALSE
RCC-PR3-Normal_ACCAGTAAGCGTCAAG-1	B	RCC-PR3	Adjacent	FALSE
RCC-PR3-Normal_ACGAGGAAGGGAGTAA-1	B	RCC-PR3	Adjacent	FALSE
RCC-PR3-Normal_ACGATACCAATTCCTT-1	B	RCC-PR3	Adjacent	FALSE
RCC-PR3-Normal_ACGATACGTAGGCTGA-1	B	RCC-PR3	Adjacent	FALSE
RCC-PR3-Normal_ACGTCAAAGAGTACAT-1	B	RCC-PR3	Adjacent	FALSE
RCC-PR3-Normal_ACTATCTCAAGCGCTC-1	B	RCC-PR3	Adjacent	FALSE
RCC-PR3-Normal_ACTGAACCATCTACGA-1	B	RCC-PR3	Adjacent	FALSE
RCC-PR3-Normal_ACTGAACTCGGCTTGG-1	B	RCC-PR3	Adjacent	FALSE
RCC-PR3-Normal_ACTGTCCTCGTATCAG-1	B	RCC-PR3	Adjacent	FALSE
RCC-PR3-Normal_ACTTTCACATGGTTGT-1	B	RCC-PR3	Adjacent	FALSE
RCC-PR3-Normal_AGAGCGACATCCTTGC-1	B	RCC-PR3	Adjacent	FALSE
RCC-PR3-Normal_AGCAGCCAGCTGGAAC-1	B	RCC-PR3	Adjacent	FALSE
RCC-PR3-Normal_AGCATACAGTAAGTAC-1	B	RCC-PR3	Adjacent	FALSE
RCC-PR3-Normal_AGCTCTCCACATCCAA-1	B	RCC-PR3	Adjacent	FALSE
RCC-PR3-Normal_AGCTCTCTCCACGTTC-1	B	RCC-PR3	Adjacent	FALSE
RCC-PR3-Normal_AGCTCTCTCCTAGTGA-1	B	RCC-PR3	Adjacent	FALSE
RCC-PR3-Normal_AGGTCATAGAAGCCCA-1	B	RCC-PR3	Adjacent	FALSE
RCC-PR3-Normal_AGGTCCGAGTTTAGGA-1	B	RCC-PR3	Adjacent	FALSE
RCC-PR3-Normal_AGTAGTCCATGGAATA-1	B	RCC-PR3	Adjacent	FALSE
RCC-PR3-Normal_AGTGTCAAGGGTCTCC-1	B	RCC-PR3	Adjacent	FALSE
RCC-PR3-Normal_AGTTGGTCACTAAGTC-1	B	RCC-PR3	Adjacent	FALSE
RCC-PR3-Normal_AGTTGGTTCACTATTC-1	B	RCC-PR3	Adjacent	FALSE
RCC-PR3-Normal_ATAACGCGTTTCGCTC-1	B	RCC-PR3	Adjacent	FALSE
RCC-PR3-Normal_ATAGACCGTTTAGGAA-1	B	RCC-PR3	Adjacent	FALSE
RCC-PR3-Normal_ATCCGAAAGCGCTTAT-1	B	RCC-PR3	Adjacent	TRUE
RCC-PR3-Normal_ATCTACTGTAGAGTGC-1	B	RCC-PR3	Adjacent	FALSE
RCC-PR3-Normal_ATGAGGGAGCGATAGC-1	B	RCC-PR3	Adjacent	FALSE
RCC-PR3-Normal_ATGCGATCATTAGCCA-1	B	RCC-PR3	Adjacent	FALSE
RCC-PR3-Normal_ATTACTCCAAGGTGTG-1	B	RCC-PR3	Adjacent	FALSE
RCC-PR3-Normal_ATTCTACGTGCACCAC-1	B	RCC-PR3	Adjacent	TRUE
RCC-PR3-Normal_ATTTCTGGTTCAGGCC-1	B	RCC-PR3	Adjacent	TRUE
RCC-PR3-Normal_CAAGAAAAGATGCGAC-1	B	RCC-PR3	Adjacent	FALSE
RCC-PR3-Normal_CAAGATCGTGCGAAAC-1	B	RCC-PR3	Adjacent	FALSE
RCC-PR3-Normal_CAAGTTGAGTTTGCGT-1	B	RCC-PR3	Adjacent	FALSE
RCC-PR3-Normal_CACACAAGTCGGATCC-1	B	RCC-PR3	Adjacent	FALSE
RCC-PR3-Normal_CACACTCGTCTACCTC-1	B	RCC-PR3	Adjacent	FALSE
RCC-PR3-Normal_CACAGGCAGAGGTTGC-1	B	RCC-PR3	Adjacent	FALSE
RCC-PR3-Normal_CACAGGCCAGGGTACA-1	B	RCC-PR3	Adjacent	FALSE
RCC-PR3-Normal_CAGAATCAGTTGAGTA-1	B	RCC-PR3	Adjacent	TRUE
RCC-PR3-Normal_CAGAATCTCGCCGTGA-1	B	RCC-PR3	Adjacent	FALSE
RCC-PR3-Normal_CAGATCACACCGAATT-1	B	RCC-PR3	Adjacent	FALSE
RCC-PR3-Normal_CAGATCATCTATCCTA-1	B	RCC-PR3	Adjacent	FALSE
RCC-PR3-Normal_CAGCATAAGCGTAATA-1	B	RCC-PR3	Adjacent	FALSE
RCC-PR3-Normal_CAGCCGAAGTGGGTTG-1	B	RCC-PR3	Adjacent	FALSE
RCC-PR3-Normal_CAGCTGGTCGTTGCCT-1	B	RCC-PR3	Adjacent	FALSE
RCC-PR3-Normal_CAGTCCTAGAACTCGG-1	B	RCC-PR3	Adjacent	TRUE
RCC-PR3-Normal_CATCAAGAGCGATAGC-1	B	RCC-PR3	Adjacent	TRUE
RCC-PR3-Normal_CATCAGATCTGTTTGT-1	B	RCC-PR3	Adjacent	FALSE
RCC-PR3-Normal_CATCCACCAATGTTGC-1	B	RCC-PR3	Adjacent	FALSE
RCC-PR3-Normal_CATCGGGCAGGAATCG-1	B	RCC-PR3	Adjacent	FALSE
RCC-PR3-Normal_CATTCGCCAAGTAGTA-1	B	RCC-PR3	Adjacent	FALSE
RCC-PR3-Normal_CCACGGATCATTGCCC-1	B	RCC-PR3	Adjacent	FALSE
RCC-PR3-Normal_CCATGTCCAGCTGTTA-1	B	RCC-PR3	Adjacent	FALSE
RCC-PR3-Normal_CCATTCGGTAATCACC-1	B	RCC-PR3	Adjacent	FALSE
RCC-PR3-Normal_CCCAATCAGAGGTAGA-1	B	RCC-PR3	Adjacent	FALSE
RCC-PR3-Normal_CCCTCCTCAAACTGTC-1	B	RCC-PR3	Adjacent	FALSE
RCC-PR3-Normal_CCCTCCTCACCACGTG-1	B	RCC-PR3	Adjacent	TRUE
RCC-PR3-Normal_CCCTCCTGTCGAGATG-1	B	RCC-PR3	Adjacent	FALSE
RCC-PR3-Normal_CCCTCCTGTCGGCATC-1	B	RCC-PR3	Adjacent	FALSE
RCC-PR3-Normal_CCGGGATAGTCAATAG-1	B	RCC-PR3	Adjacent	FALSE
RCC-PR3-Normal_CCGGGATGTCGCGTGT-1	B	RCC-PR3	Adjacent	FALSE
RCC-PR3-Normal_CCGTACTGTCATGCAT-1	B	RCC-PR3	Adjacent	FALSE
RCC-PR3-Normal_CCTACCAAGTTGTAGA-1	B	RCC-PR3	Adjacent	FALSE
RCC-PR3-Normal_CCTAGCTAGTTCGCGC-1	B	RCC-PR3	Adjacent	FALSE
RCC-PR3-Normal_CCTATTATCGGCGGTT-1	B	RCC-PR3	Adjacent	FALSE
RCC-PR3-Normal_CCTTACGAGACCGGAT-1	B	RCC-PR3	Adjacent	FALSE
RCC-PR3-Normal_CCTTACGGTGGTGTAG-1	B	RCC-PR3	Adjacent	FALSE
RCC-PR3-Normal_CCTTCCCAGATCGATA-1	B	RCC-PR3	Adjacent	FALSE
RCC-PR3-Normal_CCTTCGAAGTGTACGG-1	B	RCC-PR3	Adjacent	FALSE
RCC-PR3-Normal_CCTTCGACACCACCAG-1	B	RCC-PR3	Adjacent	FALSE
RCC-PR3-Normal_CGAACATAGTAGCCGA-1	B	RCC-PR3	Adjacent	TRUE
RCC-PR3-Normal_CGAATGTTCTGCAGTA-1	B	RCC-PR3	Adjacent	FALSE
RCC-PR3-Normal_CGACCTTTCCACGTGG-1	B	RCC-PR3	Adjacent	FALSE
RCC-PR3-Normal_CGATGGCTCCTCATTA-1	B	RCC-PR3	Adjacent	FALSE
RCC-PR3-Normal_CGATGTATCTAACTCT-1	B	RCC-PR3	Adjacent	FALSE
RCC-PR3-Normal_CGCTGGAAGACCGGAT-1	B	RCC-PR3	Adjacent	FALSE
RCC-PR3-Normal_CGCTTCAGTAAGAGAG-1	B	RCC-PR3	Adjacent	FALSE
RCC-PR3-Normal_CGTAGCGAGGAGCGTT-1	B	RCC-PR3	Adjacent	TRUE
RCC-PR3-Normal_CGTCTACAGTCAAGGC-1	B	RCC-PR3	Adjacent	FALSE
RCC-PR3-Normal_CGTCTACTCGCTTGTC-1	B	RCC-PR3	Adjacent	FALSE
RCC-PR3-Normal_CGTTAGAGTTATCACG-1	B	RCC-PR3	Adjacent	FALSE
RCC-PR3-Normal_CGTTCTGCATAGTAAG-1	B	RCC-PR3	Adjacent	FALSE
RCC-PR3-Normal_CTACATTGTCGAGATG-1	B	RCC-PR3	Adjacent	FALSE
RCC-PR3-Normal_CTACATTGTTGGGACA-1	B	RCC-PR3	Adjacent	FALSE
RCC-PR3-Normal_CTAGCCTCACATTAGC-1	B	RCC-PR3	Adjacent	FALSE
RCC-PR3-Normal_CTCAGAATCAGAGACG-1	B	RCC-PR3	Adjacent	FALSE
RCC-PR3-Normal_CTCCTAGAGAATCTCC-1	B	RCC-PR3	Adjacent	TRUE
RCC-PR3-Normal_CTCCTAGAGACTAGGC-1	B	RCC-PR3	Adjacent	FALSE
RCC-PR3-Normal_CTCGGAGCATGCCTTC-1	B	RCC-PR3	Adjacent	FALSE
RCC-PR3-Normal_CTCGGGAGTGCCTTGG-1	B	RCC-PR3	Adjacent	FALSE
RCC-PR3-Normal_CTCGTACTCGTTTGCC-1	B	RCC-PR3	Adjacent	FALSE
RCC-PR3-Normal_CTCTGGTTCTTGTACT-1	B	RCC-PR3	Adjacent	FALSE
RCC-PR3-Normal_CTGAAACAGTGAAGTT-1	B	RCC-PR3	Adjacent	FALSE
RCC-PR3-Normal_CTGAAGTTCACAAACC-1	B	RCC-PR3	Adjacent	FALSE
RCC-PR3-Normal_CTGATCCGTATGAAAC-1	B	RCC-PR3	Adjacent	FALSE
RCC-PR3-Normal_CTGCGGAAGAGGACGG-1	B	RCC-PR3	Adjacent	FALSE
RCC-PR3-Normal_CTGCTGTAGTCTCAAC-1	B	RCC-PR3	Adjacent	FALSE
RCC-PR3-Normal_CTTAACTAGAGTACAT-1	B	RCC-PR3	Adjacent	FALSE
RCC-PR3-Normal_CTTGGCTAGGGCTTGA-1	B	RCC-PR3	Adjacent	FALSE
RCC-PR3-Normal_GAAACTCAGGCTCAGA-1	B	RCC-PR3	Adjacent	TRUE
RCC-PR3-Normal_GAACATCGTAAACACA-1	B	RCC-PR3	Adjacent	FALSE
RCC-PR3-Normal_GACACGCCAGCTTCGG-1	B	RCC-PR3	Adjacent	FALSE
RCC-PR3-Normal_GACAGAGCACGTCAGC-1	B	RCC-PR3	Adjacent	FALSE
RCC-PR3-Normal_GACGGCTTCGCCATAA-1	B	RCC-PR3	Adjacent	FALSE
RCC-PR3-Normal_GACGTTAAGTGAAGAG-1	B	RCC-PR3	Adjacent	FALSE
RCC-PR3-Normal_GACGTTAGTCGCTTTC-1	B	RCC-PR3	Adjacent	FALSE
RCC-PR3-Normal_GAGGTGAAGTGAAGAG-1	B	RCC-PR3	Adjacent	FALSE
RCC-PR3-Normal_GATCGTACAAGCGCTC-1	B	RCC-PR3	Adjacent	FALSE
RCC-PR3-Normal_GATGAGGCATGCCCGA-1	B	RCC-PR3	Adjacent	FALSE
RCC-PR3-Normal_GATGCTAAGTTGAGAT-1	B	RCC-PR3	Adjacent	FALSE
RCC-PR3-Normal_GCAATCATCCCTAATT-1	B	RCC-PR3	Adjacent	FALSE
RCC-PR3-Normal_GCACATAGTTCGTGAT-1	B	RCC-PR3	Adjacent	FALSE
RCC-PR3-Normal_GCACATATCATGCATG-1	B	RCC-PR3	Adjacent	FALSE
RCC-PR3-Normal_GCATACACATCGTCGG-1	B	RCC-PR3	Adjacent	FALSE
RCC-PR3-Normal_GCATGATAGGGAAACA-1	B	RCC-PR3	Adjacent	TRUE
RCC-PR3-Normal_GCATGCGCAATGCCAT-1	B	RCC-PR3	Adjacent	FALSE
RCC-PR3-Normal_GCATGTATCTTGTACT-1	B	RCC-PR3	Adjacent	FALSE
RCC-PR3-Normal_GCCAAATTCTACCTGC-1	B	RCC-PR3	Adjacent	FALSE
RCC-PR3-Normal_GCGCCAATCAACACCA-1	B	RCC-PR3	Adjacent	FALSE
RCC-PR3-Normal_GCGGGTTAGTGCCAGA-1	B	RCC-PR3	Adjacent	FALSE
RCC-PR3-Normal_GCGGGTTGTATAAACG-1	B	RCC-PR3	Adjacent	FALSE
RCC-PR3-Normal_GCTCCTAGTCTTCTCG-1	B	RCC-PR3	Adjacent	FALSE
RCC-PR3-Normal_GCTCTGTAGGGAACGG-1	B	RCC-PR3	Adjacent	FALSE
RCC-PR3-Normal_GCTTCCATCAAACCGT-1	B	RCC-PR3	Adjacent	FALSE
RCC-PR3-Normal_GGAAAGCAGGGAACGG-1	B	RCC-PR3	Adjacent	FALSE
RCC-PR3-Normal_GGAACTTAGACGCAAC-1	B	RCC-PR3	Adjacent	FALSE
RCC-PR3-Normal_GGACATTAGAATTCCC-1	B	RCC-PR3	Adjacent	TRUE
RCC-PR3-Normal_GGACGTCTCAACTCTT-1	B	RCC-PR3	Adjacent	FALSE
RCC-PR3-Normal_GTAACGTGTCTAAACC-1	B	RCC-PR3	Adjacent	FALSE
RCC-PR3-Normal_GTAACTGGTGTGCCTG-1	B	RCC-PR3	Adjacent	FALSE
RCC-PR3-Normal_GTATTCTAGTATTGGA-1	B	RCC-PR3	Adjacent	TRUE
RCC-PR3-Normal_GTCCTCACACATTAGC-1	B	RCC-PR3	Adjacent	FALSE
RCC-PR3-Normal_GTCTCGTAGAATGTTG-1	B	RCC-PR3	Adjacent	FALSE
RCC-PR3-Normal_GTCTCGTAGTGTTTGC-1	B	RCC-PR3	Adjacent	FALSE
RCC-PR3-Normal_GTCTTCGAGAGTTGGC-1	B	RCC-PR3	Adjacent	FALSE
RCC-PR3-Normal_GTGCAGCTCCAACCAA-1	B	RCC-PR3	Adjacent	FALSE
RCC-PR3-Normal_GTGCATACATACTACG-1	B	RCC-PR3	Adjacent	FALSE
RCC-PR3-Normal_GTGTGCGAGACCACGA-1	B	RCC-PR3	Adjacent	TRUE
RCC-PR3-Normal_GTTCATTCACAAGTAA-1	B	RCC-PR3	Adjacent	FALSE
RCC-PR3-Normal_TAAGCGTCACATTAGC-1	B	RCC-PR3	Adjacent	FALSE
RCC-PR3-Normal_TAAGTGCGTAGGCATG-1	B	RCC-PR3	Adjacent	FALSE
RCC-PR3-Normal_TACACGACAAGCTGGA-1	B	RCC-PR3	Adjacent	TRUE
RCC-PR3-Normal_TACACGACATGGGAAC-1	B	RCC-PR3	Adjacent	TRUE
RCC-PR3-Normal_TACCTTAGTCGGCACT-1	B	RCC-PR3	Adjacent	FALSE
RCC-PR3-Normal_TACGGGCAGCGATAGC-1	B	RCC-PR3	Adjacent	FALSE
RCC-PR3-Normal_TACTCATTCACGGTTA-1	B	RCC-PR3	Adjacent	FALSE
RCC-PR3-Normal_TACTCGCAGTGTGGCA-1	B	RCC-PR3	Adjacent	FALSE
RCC-PR3-Normal_TACTTACCATTGGCGC-1	B	RCC-PR3	Adjacent	FALSE
RCC-PR3-Normal_TAGCCGGGTGGTACAG-1	B	RCC-PR3	Adjacent	FALSE
RCC-PR3-Normal_TATCAGGAGTGGTAAT-1	B	RCC-PR3	Adjacent	FALSE
RCC-PR3-Normal_TATCAGGGTTCCCTTG-1	B	RCC-PR3	Adjacent	TRUE
RCC-PR3-Normal_TATCTCAAGCCGATTT-1	B	RCC-PR3	Adjacent	FALSE
RCC-PR3-Normal_TCAATCTAGTTAAGTG-1	B	RCC-PR3	Adjacent	FALSE
RCC-PR3-Normal_TCAGCAACATTACGAC-1	B	RCC-PR3	Adjacent	FALSE
RCC-PR3-Normal_TCAGCTCCAAATCCGT-1	B	RCC-PR3	Adjacent	FALSE
RCC-PR3-Normal_TCAGCTCTCGACAGCC-1	B	RCC-PR3	Adjacent	FALSE
RCC-PR3-Normal_TCATTACCAAACGTGG-1	B	RCC-PR3	Adjacent	FALSE
RCC-PR3-Normal_TCCACACCATACTCTT-1	B	RCC-PR3	Adjacent	TRUE
RCC-PR3-Normal_TCCCGATAGGGCATGT-1	B	RCC-PR3	Adjacent	FALSE
RCC-PR3-Normal_TCGAGGCAGCACCGCT-1	B	RCC-PR3	Adjacent	FALSE
RCC-PR3-Normal_TCTGAGAAGTGGTAAT-1	B	RCC-PR3	Adjacent	FALSE
RCC-PR3-Normal_TCTGGAACACACCGAC-1	B	RCC-PR3	Adjacent	TRUE
RCC-PR3-Normal_TCTGGAACATGGTCAT-1	B	RCC-PR3	Adjacent	TRUE
RCC-PR3-Normal_TCTGGAACATTAGGCT-1	B	RCC-PR3	Adjacent	FALSE
RCC-PR3-Normal_TGACGGCCATTGCGGC-1	B	RCC-PR3	Adjacent	FALSE
RCC-PR3-Normal_TGACTAGCAATCCAAC-1	B	RCC-PR3	Adjacent	FALSE
RCC-PR3-Normal_TGACTAGCATACGCTA-1	B	RCC-PR3	Adjacent	TRUE
RCC-PR3-Normal_TGAGAGGTCCCAAGAT-1	B	RCC-PR3	Adjacent	FALSE
RCC-PR3-Normal_TGAGCATCACAGTCGC-1	B	RCC-PR3	Adjacent	FALSE
RCC-PR3-Normal_TGAGCATTCGGAGCAA-1	B	RCC-PR3	Adjacent	FALSE
RCC-PR3-Normal_TGAGGGATCCTTCAAT-1	B	RCC-PR3	Adjacent	FALSE
RCC-PR3-Normal_TGCACCTAGCAGCGTA-1	B	RCC-PR3	Adjacent	FALSE
RCC-PR3-Normal_TGCACCTTCAACGCTA-1	B	RCC-PR3	Adjacent	FALSE
RCC-PR3-Normal_TGCACCTTCGGCATCG-1	B	RCC-PR3	Adjacent	FALSE
RCC-PR3-Normal_TGCGGGTCACCATCCT-1	B	RCC-PR3	Adjacent	FALSE
RCC-PR3-Normal_TGGACGCAGCTAGTCT-1	B	RCC-PR3	Adjacent	FALSE
RCC-PR3-Normal_TGGCGCACATGGTCAT-1	B	RCC-PR3	Adjacent	FALSE
RCC-PR3-Normal_TGGTTAGGTCTAAACC-1	B	RCC-PR3	Adjacent	TRUE
RCC-PR3-Normal_TGTGTTTTCCCAAGTA-1	B	RCC-PR3	Adjacent	FALSE
RCC-PR3-Normal_TTAGGACAGTCAAGGC-1	B	RCC-PR3	Adjacent	TRUE
RCC-PR3-Normal_TTATGCTAGGACAGAA-1	B	RCC-PR3	Adjacent	FALSE
RCC-PR3-Normal_TTATGCTTCAACGGGA-1	B	RCC-PR3	Adjacent	FALSE
RCC-PR3-Normal_TTCCCAGGTCATATCG-1	B	RCC-PR3	Adjacent	FALSE
RCC-PR3-Normal_TTCGGTCAGGAGCGTT-1	B	RCC-PR3	Adjacent	FALSE
RCC-PR3-Normal_TTCTCCTCAAGCGCTC-1	B	RCC-PR3	Adjacent	FALSE
RCC-PR3-Normal_TTGCCGTCAGTACACT-1	B	RCC-PR3	Adjacent	FALSE
RCC-PR3-Normal_TTGCCGTGTTGAGTTC-1	B	RCC-PR3	Adjacent	FALSE
RCC-PR3-Normal_TTTACTGCACCTGGTG-1	B	RCC-PR3	Adjacent	FALSE
RCC-PR3-Normal_TTTCCTCAGTTGTAGA-1	B	RCC-PR3	Adjacent	FALSE
RCC-PR3-Normal_TTTGCGCAGTTAGGTA-1	B	RCC-PR3	Adjacent	FALSE
RCC-PR3-Normal_TTTGGTTTCACCCGAG-1	B	RCC-PR3	Adjacent	FALSE
RCC-PR3-Normal_TTTGGTTTCCTTGGTC-1	B	RCC-PR3	Adjacent	FALSE
RCC-PR3-PTumor1_AAAGCAATCACTATTC-1	B	RCC-PR3	Tumor	FALSE
RCC-PR3-PTumor1_AAAGTAGCACAACTGT-1	B	RCC-PR3	Tumor	FALSE
RCC-PR3-PTumor1_AACTCCCGTCCGTTAA-1	B	RCC-PR3	Tumor	FALSE
RCC-PR3-PTumor1_AACTGGTGTGCACGAA-1	B	RCC-PR3	Tumor	FALSE
RCC-PR3-PTumor1_AAGCCGCCATATGGTC-1	B	RCC-PR3	Tumor	FALSE
RCC-PR3-PTumor1_ACATCAGCATTGAGCT-1	B	RCC-PR3	Tumor	FALSE
RCC-PR3-PTumor1_ACCAGTACATCCGGGT-1	B	RCC-PR3	Tumor	FALSE
RCC-PR3-PTumor1_ACCAGTATCTTTAGTC-1	B	RCC-PR3	Tumor	FALSE
RCC-PR3-PTumor1_ACGCCGACATTATCTC-1	B	RCC-PR3	Tumor	TRUE
RCC-PR3-PTumor1_ACGGGCTTCAACGCTA-1	B	RCC-PR3	Tumor	TRUE
RCC-PR3-PTumor1_ACGGGTCCAGTAAGAT-1	B	RCC-PR3	Tumor	FALSE
RCC-PR3-PTumor1_ACGGGTCTCTGTCTCG-1	B	RCC-PR3	Tumor	TRUE
RCC-PR3-PTumor1_ACTGTCCCACCGGAAA-1	B	RCC-PR3	Tumor	FALSE
RCC-PR3-PTumor1_ACTGTCCGTTGAGGTG-1	B	RCC-PR3	Tumor	FALSE
RCC-PR3-PTumor1_ACTTTCAAGGCTAGAC-1	B	RCC-PR3	Tumor	TRUE
RCC-PR3-PTumor1_AGACGTTTCTGCGGCA-1	B	RCC-PR3	Tumor	FALSE
RCC-PR3-PTumor1_AGATCTGTCACATACG-1	B	RCC-PR3	Tumor	FALSE
RCC-PR3-PTumor1_AGCATACCACGGTGTC-1	B	RCC-PR3	Tumor	FALSE
RCC-PR3-PTumor1_AGCGGTCTCTATCCCG-1	B	RCC-PR3	Tumor	TRUE
RCC-PR3-PTumor1_AGGCCACCACAGCGTC-1	B	RCC-PR3	Tumor	FALSE
RCC-PR3-PTumor1_AGGGATGGTACCGTTA-1	B	RCC-PR3	Tumor	FALSE
RCC-PR3-PTumor1_AGTGAGGAGAGTAAGG-1	B	RCC-PR3	Tumor	FALSE
RCC-PR3-PTumor1_AGTGGGAAGTGACATA-1	B	RCC-PR3	Tumor	TRUE
RCC-PR3-PTumor1_ATCTGCCGTAAACACA-1	B	RCC-PR3	Tumor	FALSE
RCC-PR3-PTumor1_ATGAGGGAGAAGCCCA-1	B	RCC-PR3	Tumor	TRUE
RCC-PR3-PTumor1_ATGCGATGTACCGTTA-1	B	RCC-PR3	Tumor	FALSE
RCC-PR3-PTumor1_ATTGGACCAAGACGTG-1	B	RCC-PR3	Tumor	FALSE
RCC-PR3-PTumor1_CAACCAAAGGAGCGTT-1	B	RCC-PR3	Tumor	FALSE
RCC-PR3-PTumor1_CAACCAACAGTATGCT-1	B	RCC-PR3	Tumor	TRUE
RCC-PR3-PTumor1_CAACCAAGTTCGCTAA-1	B	RCC-PR3	Tumor	FALSE
RCC-PR3-PTumor1_CAAGATCGTCTAGGTT-1	B	RCC-PR3	Tumor	FALSE
RCC-PR3-PTumor1_CAAGTTGCAATACGCT-1	B	RCC-PR3	Tumor	TRUE
RCC-PR3-PTumor1_CAAGTTGGTGAAGGCT-1	B	RCC-PR3	Tumor	TRUE
RCC-PR3-PTumor1_CAAGTTGTCAACGGCC-1	B	RCC-PR3	Tumor	FALSE
RCC-PR3-PTumor1_CACAAACCAACACGCC-1	B	RCC-PR3	Tumor	FALSE
RCC-PR3-PTumor1_CACACAACATCATCCC-1	B	RCC-PR3	Tumor	FALSE
RCC-PR3-PTumor1_CACCACTCACCAACCG-1	B	RCC-PR3	Tumor	TRUE
RCC-PR3-PTumor1_CAGAATCCATTCTCAT-1	B	RCC-PR3	Tumor	FALSE
RCC-PR3-PTumor1_CAGCATAAGATCTGCT-1	B	RCC-PR3	Tumor	FALSE
RCC-PR3-PTumor1_CAGCTAATCGTTTATC-1	B	RCC-PR3	Tumor	FALSE
RCC-PR3-PTumor1_CATCAAGAGTAAGTAC-1	B	RCC-PR3	Tumor	FALSE
RCC-PR3-PTumor1_CATCAAGTCCCTGACT-1	B	RCC-PR3	Tumor	TRUE
RCC-PR3-PTumor1_CATGACAGTCCGACGT-1	B	RCC-PR3	Tumor	FALSE
RCC-PR3-PTumor1_CATTATCAGCGTTCCG-1	B	RCC-PR3	Tumor	FALSE
RCC-PR3-PTumor1_CCACTACTCTCTGTCG-1	B	RCC-PR3	Tumor	TRUE
RCC-PR3-PTumor1_CCAGCGACACATCTTT-1	B	RCC-PR3	Tumor	FALSE
RCC-PR3-PTumor1_CCATGTCAGATATGCA-1	B	RCC-PR3	Tumor	FALSE
RCC-PR3-PTumor1_CCCAGTTCACAGGTTT-1	B	RCC-PR3	Tumor	TRUE
RCC-PR3-PTumor1_CCTTACGAGTTAACGA-1	B	RCC-PR3	Tumor	TRUE
RCC-PR3-PTumor1_CGAACATCAATAGAGT-1	B	RCC-PR3	Tumor	FALSE
RCC-PR3-PTumor1_CGAGCACCACTAGTAC-1	B	RCC-PR3	Tumor	TRUE
RCC-PR3-PTumor1_CGAGCCACATGAACCT-1	B	RCC-PR3	Tumor	TRUE
RCC-PR3-PTumor1_CGATTGATCGCTAGCG-1	B	RCC-PR3	Tumor	FALSE
RCC-PR3-PTumor1_CGCTGGAGTAGTGAAT-1	B	RCC-PR3	Tumor	TRUE
RCC-PR3-PTumor1_CGGACACGTAGAAAGG-1	B	RCC-PR3	Tumor	TRUE
RCC-PR3-PTumor1_CGGACTGTCATCGGAT-1	B	RCC-PR3	Tumor	TRUE
RCC-PR3-PTumor1_CGGAGTCCATCATCCC-1	B	RCC-PR3	Tumor	FALSE
RCC-PR3-PTumor1_CGTAGCGTCTCCGGTT-1	B	RCC-PR3	Tumor	FALSE
RCC-PR3-PTumor1_CGTCAGGAGACGACGT-1	B	RCC-PR3	Tumor	TRUE
RCC-PR3-PTumor1_CGTTCTGAGTTGCAGG-1	B	RCC-PR3	Tumor	FALSE
RCC-PR3-PTumor1_CGTTGGGGTTTGGCGC-1	B	RCC-PR3	Tumor	FALSE
RCC-PR3-PTumor1_CTCGAAACAGTCAGAG-1	B	RCC-PR3	Tumor	FALSE
RCC-PR3-PTumor1_CTCGGGAAGTGTTGAA-1	B	RCC-PR3	Tumor	FALSE
RCC-PR3-PTumor1_CTGAAGTAGGTGCACA-1	B	RCC-PR3	Tumor	FALSE
RCC-PR3-PTumor1_CTGATCCAGCGAAGGG-1	B	RCC-PR3	Tumor	TRUE
RCC-PR3-PTumor1_CTTTGCGGTGCAGTAG-1	B	RCC-PR3	Tumor	FALSE
RCC-PR3-PTumor1_GAATAAGGTCGACTAT-1	B	RCC-PR3	Tumor	FALSE
RCC-PR3-PTumor1_GACGCGTAGCAATATG-1	B	RCC-PR3	Tumor	FALSE
RCC-PR3-PTumor1_GACGGCTAGTGAATTG-1	B	RCC-PR3	Tumor	FALSE
RCC-PR3-PTumor1_GATCAGTGTGCAGGTA-1	B	RCC-PR3	Tumor	FALSE
RCC-PR3-PTumor1_GATGAGGCACCCATGG-1	B	RCC-PR3	Tumor	TRUE
RCC-PR3-PTumor1_GCAAACTGTCCAGTGC-1	B	RCC-PR3	Tumor	FALSE
RCC-PR3-PTumor1_GCACATAAGAGAGCTC-1	B	RCC-PR3	Tumor	TRUE
RCC-PR3-PTumor1_GCACATATCCAAGTAC-1	B	RCC-PR3	Tumor	FALSE
RCC-PR3-PTumor1_GCACATATCCATGCTC-1	B	RCC-PR3	Tumor	FALSE
RCC-PR3-PTumor1_GCACTCTCAGGTCCAC-1	B	RCC-PR3	Tumor	TRUE
RCC-PR3-PTumor1_GCATGCGGTCAGGACA-1	B	RCC-PR3	Tumor	FALSE
RCC-PR3-PTumor1_GCGCCAATCTTCAACT-1	B	RCC-PR3	Tumor	TRUE
RCC-PR3-PTumor1_GCGGGTTCACGACTCG-1	B	RCC-PR3	Tumor	FALSE
RCC-PR3-PTumor1_GCTCTGTAGAAAGTGG-1	B	RCC-PR3	Tumor	TRUE
RCC-PR3-PTumor1_GCTTCCAGTGAGGCTA-1	B	RCC-PR3	Tumor	FALSE
RCC-PR3-PTumor1_GGAAAGCGTTATCGGT-1	B	RCC-PR3	Tumor	FALSE
RCC-PR3-PTumor1_GGCCGATTCGTCCGTT-1	B	RCC-PR3	Tumor	FALSE
RCC-PR3-PTumor1_GGCTCGAGTGAGGGAG-1	B	RCC-PR3	Tumor	FALSE
RCC-PR3-PTumor1_GGCTGGTAGTTCGATC-1	B	RCC-PR3	Tumor	FALSE
RCC-PR3-PTumor1_GGGACCTCAGGTGCCT-1	B	RCC-PR3	Tumor	FALSE
RCC-PR3-PTumor1_GGGCATCCACAGTCGC-1	B	RCC-PR3	Tumor	FALSE
RCC-PR3-PTumor1_GGGCATCCACTTACGA-1	B	RCC-PR3	Tumor	FALSE
RCC-PR3-PTumor1_GGGCATCCAGTAACGG-1	B	RCC-PR3	Tumor	FALSE
RCC-PR3-PTumor1_GTAACTGTCTGACCTC-1	B	RCC-PR3	Tumor	TRUE
RCC-PR3-PTumor1_GTAGGCCAGCGTCAAG-1	B	RCC-PR3	Tumor	FALSE
RCC-PR3-PTumor1_GTAGGCCTCTCTGCTG-1	B	RCC-PR3	Tumor	FALSE
RCC-PR3-PTumor1_GTATCTTCACATGGGA-1	B	RCC-PR3	Tumor	TRUE
RCC-PR3-PTumor1_GTATTCTAGAGGTTGC-1	B	RCC-PR3	Tumor	TRUE
RCC-PR3-PTumor1_GTCTCGTTCTATCCTA-1	B	RCC-PR3	Tumor	FALSE
RCC-PR3-PTumor1_GTGCAGCTCCACGCAG-1	B	RCC-PR3	Tumor	TRUE
RCC-PR3-PTumor1_GTGGGTCGTTGACGTT-1	B	RCC-PR3	Tumor	FALSE
RCC-PR3-PTumor1_GTTCTCGTCGGATGTT-1	B	RCC-PR3	Tumor	FALSE
RCC-PR3-PTumor1_GTTCTCGTCTCCTATA-1	B	RCC-PR3	Tumor	FALSE
RCC-PR3-PTumor1_TAAGCGTAGACGCACA-1	B	RCC-PR3	Tumor	FALSE
RCC-PR3-PTumor1_TAAGCGTAGCAATATG-1	B	RCC-PR3	Tumor	FALSE
RCC-PR3-PTumor1_TACAGTGGTTTGACAC-1	B	RCC-PR3	Tumor	FALSE
RCC-PR3-PTumor1_TACCTTACAACAACCT-1	B	RCC-PR3	Tumor	TRUE
RCC-PR3-PTumor1_TACGGATTCCTCGCAT-1	B	RCC-PR3	Tumor	FALSE
RCC-PR3-PTumor1_TAGTGGTTCAGTTAGC-1	B	RCC-PR3	Tumor	FALSE
RCC-PR3-PTumor1_TATTACCTCCAGATCA-1	B	RCC-PR3	Tumor	FALSE
RCC-PR3-PTumor1_TCAATCTGTAGCTGCC-1	B	RCC-PR3	Tumor	FALSE
RCC-PR3-PTumor1_TCAATCTGTTAGAACA-1	B	RCC-PR3	Tumor	FALSE
RCC-PR3-PTumor1_TCACGAACATGTTCCC-1	B	RCC-PR3	Tumor	FALSE
RCC-PR3-PTumor1_TCAGATGTCGATAGAA-1	B	RCC-PR3	Tumor	TRUE
RCC-PR3-PTumor1_TCAGGATCAGACGCAA-1	B	RCC-PR3	Tumor	FALSE
RCC-PR3-PTumor1_TCCACACGTTACAGAA-1	B	RCC-PR3	Tumor	TRUE
RCC-PR3-PTumor1_TCCCGATAGTCGAGTG-1	B	RCC-PR3	Tumor	FALSE
RCC-PR3-PTumor1_TCGGGACGTTAAGACA-1	B	RCC-PR3	Tumor	TRUE
RCC-PR3-PTumor1_TCGGTAACATCCAACA-1	B	RCC-PR3	Tumor	TRUE
RCC-PR3-PTumor1_TCGTAGAGTGGTACAG-1	B	RCC-PR3	Tumor	TRUE
RCC-PR3-PTumor1_TCTATTGAGTCATCCA-1	B	RCC-PR3	Tumor	FALSE
RCC-PR3-PTumor1_TGAAAGAAGCAGGTCA-1	B	RCC-PR3	Tumor	FALSE
RCC-PR3-PTumor1_TGAGGGACATTACCTT-1	B	RCC-PR3	Tumor	FALSE
RCC-PR3-PTumor1_TGATTTCTCTTTACGT-1	B	RCC-PR3	Tumor	FALSE
RCC-PR3-PTumor1_TGCACCTAGAGGTACC-1	B	RCC-PR3	Tumor	TRUE
RCC-PR3-PTumor1_TGCCCATCACGCCAGT-1	B	RCC-PR3	Tumor	FALSE
RCC-PR3-PTumor1_TGCCCTACACCGAATT-1	B	RCC-PR3	Tumor	FALSE
RCC-PR3-PTumor1_TGGACGCAGTTACCCA-1	B	RCC-PR3	Tumor	FALSE
RCC-PR3-PTumor1_TGGCCAGTCATGTGGT-1	B	RCC-PR3	Tumor	TRUE
RCC-PR3-PTumor1_TGTCCCACACAGGTTT-1	B	RCC-PR3	Tumor	FALSE
RCC-PR3-PTumor1_TGTCCCAGTTGAGTTC-1	B	RCC-PR3	Tumor	FALSE
RCC-PR3-PTumor1_TGTGTTTTCAGCTGGC-1	B	RCC-PR3	Tumor	TRUE
RCC-PR3-PTumor1_TTAACTCTCAGTACGT-1	B	RCC-PR3	Tumor	FALSE
RCC-PR3-PTumor1_TTAGTTCAGAGAGCTC-1	B	RCC-PR3	Tumor	FALSE
RCC-PR3-PTumor1_TTAGTTCAGTCCATAC-1	B	RCC-PR3	Tumor	FALSE
RCC-PR3-PTumor1_TTAGTTCCATAGGATA-1	B	RCC-PR3	Tumor	FALSE
RCC-PR3-PTumor1_TTATGCTCAGAGTGTG-1	B	RCC-PR3	Tumor	FALSE
RCC-PR3-PTumor1_TTATGCTTCACCGTAA-1	B	RCC-PR3	Tumor	FALSE
RCC-PR3-PTumor1_TTCGAAGAGCTGGAAC-1	B	RCC-PR3	Tumor	FALSE
RCC-PR3-PTumor1_TTCTCCTGTGGTCCGT-1	B	RCC-PR3	Tumor	FALSE
RCC-PR3-PTumor1_TTGCGTCCAGCGTCCA-1	B	RCC-PR3	Tumor	FALSE
RCC-PR3-PTumor1_TTGCGTCTCGCAGGCT-1	B	RCC-PR3	Tumor	FALSE
RCC-PR3-PTumor1_TTGTAGGGTAACGCGA-1	B	RCC-PR3	Tumor	FALSE
RCC-PR3-PTumor1_TTTACTGTCCGATATG-1	B	RCC-PR3	Tumor	FALSE
RCC-PR3-PTumor1_TTTATGCAGAGACTAT-1	B	RCC-PR3	Tumor	FALSE
RCC-PR3-PTumor1_TTTCCTCCATGCCACG-1	B	RCC-PR3	Tumor	TRUE
RCC-PR3-PTumor1_TTTCCTCTCGGATGGA-1	B	RCC-PR3	Tumor	TRUE
RCC-PR3-PTumor2_AAACGGGGTCCAGTAT-1	B	RCC-PR3	Tumor	TRUE
RCC-PR3-PTumor2_AAAGATGCACGCCAGT-1	B	RCC-PR3	Tumor	TRUE
RCC-PR3-PTumor2_AAAGCAATCGTATCAG-1	B	RCC-PR3	Tumor	FALSE
RCC-PR3-PTumor2_AACCATGAGAGTCTGG-1	B	RCC-PR3	Tumor	FALSE
RCC-PR3-PTumor2_AACCATGCACGGTAAG-1	B	RCC-PR3	Tumor	TRUE
RCC-PR3-PTumor2_AACCATGCAGTAGAGC-1	B	RCC-PR3	Tumor	TRUE
RCC-PR3-PTumor2_AACCATGTCAGGCCCA-1	B	RCC-PR3	Tumor	FALSE
RCC-PR3-PTumor2_AACTCCCCATCCTAGA-1	B	RCC-PR3	Tumor	FALSE
RCC-PR3-PTumor2_AACTTTCAGTCGTACT-1	B	RCC-PR3	Tumor	FALSE
RCC-PR3-PTumor2_AACTTTCTCAATCTCT-1	B	RCC-PR3	Tumor	FALSE
RCC-PR3-PTumor2_AAGACCTAGAAGCCCA-1	B	RCC-PR3	Tumor	FALSE
RCC-PR3-PTumor2_AAGACCTCAGACAAGC-1	B	RCC-PR3	Tumor	TRUE
RCC-PR3-PTumor2_AAGACCTTCATGCATG-1	B	RCC-PR3	Tumor	FALSE
RCC-PR3-PTumor2_AAGACCTTCCAGAGGA-1	B	RCC-PR3	Tumor	TRUE
RCC-PR3-PTumor2_AAGGCAGAGCTAGTTC-1	B	RCC-PR3	Tumor	TRUE
RCC-PR3-PTumor2_AAGTCTGCACGAAAGC-1	B	RCC-PR3	Tumor	FALSE
RCC-PR3-PTumor2_AATCCAGAGAATAGGG-1	B	RCC-PR3	Tumor	FALSE
RCC-PR3-PTumor2_AATCCAGAGTTTGCGT-1	B	RCC-PR3	Tumor	TRUE
RCC-PR3-PTumor2_AATCCAGCATCGGAAG-1	B	RCC-PR3	Tumor	FALSE
RCC-PR3-PTumor2_AATCCAGTCTGGCGAC-1	B	RCC-PR3	Tumor	FALSE
RCC-PR3-PTumor2_AATCGGTCAACACCCG-1	B	RCC-PR3	Tumor	FALSE
RCC-PR3-PTumor2_ACACCAAAGCTAGTCT-1	B	RCC-PR3	Tumor	FALSE
RCC-PR3-PTumor2_ACACCCTCAAGGGTCA-1	B	RCC-PR3	Tumor	FALSE
RCC-PR3-PTumor2_ACACCCTCACACTGCG-1	B	RCC-PR3	Tumor	TRUE
RCC-PR3-PTumor2_ACACCCTGTTCAGTAC-1	B	RCC-PR3	Tumor	FALSE
RCC-PR3-PTumor2_ACACCGGTCTTTCCTC-1	B	RCC-PR3	Tumor	TRUE
RCC-PR3-PTumor2_ACAGCCGTCGACGGAA-1	B	RCC-PR3	Tumor	FALSE
RCC-PR3-PTumor2_ACATACGGTAATTGGA-1	B	RCC-PR3	Tumor	TRUE
RCC-PR3-PTumor2_ACATACGGTTCGAATC-1	B	RCC-PR3	Tumor	FALSE
RCC-PR3-PTumor2_ACATCAGTCATCACCC-1	B	RCC-PR3	Tumor	TRUE
RCC-PR3-PTumor2_ACCAGTACAGCTCGCA-1	B	RCC-PR3	Tumor	TRUE
RCC-PR3-PTumor2_ACCGTAAGTAAACCTC-1	B	RCC-PR3	Tumor	FALSE
RCC-PR3-PTumor2_ACCTTTATCCGTAGGC-1	B	RCC-PR3	Tumor	FALSE
RCC-PR3-PTumor2_ACCTTTATCGTACGGC-1	B	RCC-PR3	Tumor	FALSE
RCC-PR3-PTumor2_ACGATACTCAACCATG-1	B	RCC-PR3	Tumor	FALSE
RCC-PR3-PTumor2_ACGATGTGTTCAGACT-1	B	RCC-PR3	Tumor	FALSE
RCC-PR3-PTumor2_ACGCAGCAGGCGTACA-1	B	RCC-PR3	Tumor	TRUE
RCC-PR3-PTumor2_ACGCAGCCATGCAACT-1	B	RCC-PR3	Tumor	FALSE
RCC-PR3-PTumor2_ACGCAGCTCCGCGTTT-1	B	RCC-PR3	Tumor	FALSE
RCC-PR3-PTumor2_ACGCCAGAGAGCTTCT-1	B	RCC-PR3	Tumor	FALSE
RCC-PR3-PTumor2_ACGCCGAAGTAGGTGC-1	B	RCC-PR3	Tumor	TRUE
RCC-PR3-PTumor2_ACGCCGACATATACGC-1	B	RCC-PR3	Tumor	FALSE
RCC-PR3-PTumor2_ACGCCGAGTCAGATAA-1	B	RCC-PR3	Tumor	FALSE
RCC-PR3-PTumor2_ACGCCGATCAACGCTA-1	B	RCC-PR3	Tumor	FALSE
RCC-PR3-PTumor2_ACGGCCAGTATTCGTG-1	B	RCC-PR3	Tumor	TRUE
RCC-PR3-PTumor2_ACGGCCATCTTCAACT-1	B	RCC-PR3	Tumor	FALSE
RCC-PR3-PTumor2_ACGGGCTGTGTCGCTG-1	B	RCC-PR3	Tumor	TRUE
RCC-PR3-PTumor2_ACGGGTCAGACAGAGA-1	B	RCC-PR3	Tumor	FALSE
RCC-PR3-PTumor2_ACGGGTCAGACGACGT-1	B	RCC-PR3	Tumor	FALSE
RCC-PR3-PTumor2_ACGGGTCAGTGGTAAT-1	B	RCC-PR3	Tumor	FALSE
RCC-PR3-PTumor2_ACTATCTAGTAGGCCA-1	B	RCC-PR3	Tumor	FALSE
RCC-PR3-PTumor2_ACTGAGTCATCACCCT-1	B	RCC-PR3	Tumor	FALSE
RCC-PR3-PTumor2_ACTGATGAGCTGCAAG-1	B	RCC-PR3	Tumor	TRUE
RCC-PR3-PTumor2_ACTGCTCCATAAGACA-1	B	RCC-PR3	Tumor	TRUE
RCC-PR3-PTumor2_ACTGTCCTCAATCACG-1	B	RCC-PR3	Tumor	FALSE
RCC-PR3-PTumor2_ACTTACTCAACACGCC-1	B	RCC-PR3	Tumor	FALSE
RCC-PR3-PTumor2_ACTTACTCATTCCTGC-1	B	RCC-PR3	Tumor	TRUE
RCC-PR3-PTumor2_ACTTACTGTATGAAAC-1	B	RCC-PR3	Tumor	FALSE
RCC-PR3-PTumor2_ACTTACTTCCGCATAA-1	B	RCC-PR3	Tumor	FALSE
RCC-PR3-PTumor2_ACTTACTTCTTGGGTA-1	B	RCC-PR3	Tumor	FALSE
RCC-PR3-PTumor2_AGACGTTTCTCCCTGA-1	B	RCC-PR3	Tumor	FALSE
RCC-PR3-PTumor2_AGAGCGAAGTGCTGCC-1	B	RCC-PR3	Tumor	TRUE
RCC-PR3-PTumor2_AGAGCGACATAAAGGT-1	B	RCC-PR3	Tumor	TRUE
RCC-PR3-PTumor2_AGAGCTTAGGCCGAAT-1	B	RCC-PR3	Tumor	TRUE
RCC-PR3-PTumor2_AGAGTGGTCACAGGCC-1	B	RCC-PR3	Tumor	FALSE
RCC-PR3-PTumor2_AGATTGCAGTGGGATC-1	B	RCC-PR3	Tumor	TRUE
RCC-PR3-PTumor2_AGATTGCTCGTTTAGG-1	B	RCC-PR3	Tumor	FALSE
RCC-PR3-PTumor2_AGCAGCCAGCTGAAAT-1	B	RCC-PR3	Tumor	TRUE
RCC-PR3-PTumor2_AGCAGCCGTTCGAATC-1	B	RCC-PR3	Tumor	FALSE
RCC-PR3-PTumor2_AGCATACGTTCGTTGA-1	B	RCC-PR3	Tumor	TRUE
RCC-PR3-PTumor2_AGCCTAAAGATCGGGT-1	B	RCC-PR3	Tumor	FALSE
RCC-PR3-PTumor2_AGCGGTCGTACCTACA-1	B	RCC-PR3	Tumor	FALSE
RCC-PR3-PTumor2_AGCTCCTAGTGTGAAT-1	B	RCC-PR3	Tumor	FALSE
RCC-PR3-PTumor2_AGCTCCTCAATGAATG-1	B	RCC-PR3	Tumor	FALSE
RCC-PR3-PTumor2_AGCTCTCGTTAAAGAC-1	B	RCC-PR3	Tumor	TRUE
RCC-PR3-PTumor2_AGGCCACAGTGTTGAA-1	B	RCC-PR3	Tumor	TRUE
RCC-PR3-PTumor2_AGGGAGTAGATATGCA-1	B	RCC-PR3	Tumor	FALSE
RCC-PR3-PTumor2_AGGGAGTGTCAAGCGA-1	B	RCC-PR3	Tumor	FALSE
RCC-PR3-PTumor2_AGGTCATAGTTAACGA-1	B	RCC-PR3	Tumor	TRUE
RCC-PR3-PTumor2_AGGTCCGGTCTCACCT-1	B	RCC-PR3	Tumor	FALSE
RCC-PR3-PTumor2_AGTCTTTAGCTAGTTC-1	B	RCC-PR3	Tumor	TRUE
RCC-PR3-PTumor2_AGTGTCATCCAGTATG-1	B	RCC-PR3	Tumor	TRUE
RCC-PR3-PTumor2_AGTTGGTAGAGACTAT-1	B	RCC-PR3	Tumor	FALSE
RCC-PR3-PTumor2_ATAACGCCAGACTCGC-1	B	RCC-PR3	Tumor	TRUE
RCC-PR3-PTumor2_ATAACGCGTAGGCATG-1	B	RCC-PR3	Tumor	FALSE
RCC-PR3-PTumor2_ATAGACCTCCCAAGAT-1	B	RCC-PR3	Tumor	FALSE
RCC-PR3-PTumor2_ATCATCTCATGGGAAC-1	B	RCC-PR3	Tumor	FALSE
RCC-PR3-PTumor2_ATCATGGCAATAGCGG-1	B	RCC-PR3	Tumor	TRUE
RCC-PR3-PTumor2_ATCCACCCATGAAGTA-1	B	RCC-PR3	Tumor	TRUE
RCC-PR3-PTumor2_ATCCGAAGTATGAATG-1	B	RCC-PR3	Tumor	FALSE
RCC-PR3-PTumor2_ATCGAGTTCACTCTTA-1	B	RCC-PR3	Tumor	TRUE
RCC-PR3-PTumor2_ATCTACTTCAGCTGGC-1	B	RCC-PR3	Tumor	FALSE
RCC-PR3-PTumor2_ATCTGCCAGAAGGTTT-1	B	RCC-PR3	Tumor	TRUE
RCC-PR3-PTumor2_ATCTGCCAGTTGCAGG-1	B	RCC-PR3	Tumor	TRUE
RCC-PR3-PTumor2_ATCTGCCCACCAGCAC-1	B	RCC-PR3	Tumor	FALSE
RCC-PR3-PTumor2_ATCTGCCCAGCTTCGG-1	B	RCC-PR3	Tumor	TRUE
RCC-PR3-PTumor2_ATCTGCCGTCTAGAGG-1	B	RCC-PR3	Tumor	FALSE
RCC-PR3-PTumor2_ATCTGCCTCTGAGTGT-1	B	RCC-PR3	Tumor	FALSE
RCC-PR3-PTumor2_ATGAGGGAGAAGCCCA-1	B	RCC-PR3	Tumor	FALSE
RCC-PR3-PTumor2_ATGAGGGCAGCGTAAG-1	B	RCC-PR3	Tumor	FALSE
RCC-PR3-PTumor2_ATGAGGGGTGGTCTCG-1	B	RCC-PR3	Tumor	TRUE
RCC-PR3-PTumor2_ATGCGATCACACTGCG-1	B	RCC-PR3	Tumor	FALSE
RCC-PR3-PTumor2_ATGGGAGTCCACGTGG-1	B	RCC-PR3	Tumor	FALSE
RCC-PR3-PTumor2_ATGTGTGCAATGGAGC-1	B	RCC-PR3	Tumor	TRUE
RCC-PR3-PTumor2_ATGTGTGGTGCTCTTC-1	B	RCC-PR3	Tumor	FALSE
RCC-PR3-PTumor2_ATGTGTGTCGACAGCC-1	B	RCC-PR3	Tumor	FALSE
RCC-PR3-PTumor2_ATTACTCAGACTCGGA-1	B	RCC-PR3	Tumor	TRUE
RCC-PR3-PTumor2_ATTACTCCAGTTTACG-1	B	RCC-PR3	Tumor	FALSE
RCC-PR3-PTumor2_ATTATCCTCCGCATAA-1	B	RCC-PR3	Tumor	FALSE
RCC-PR3-PTumor2_ATTATCCTCTCTTGAT-1	B	RCC-PR3	Tumor	FALSE
RCC-PR3-PTumor2_ATTCTACTCCCAGGTG-1	B	RCC-PR3	Tumor	TRUE
RCC-PR3-PTumor2_ATTGGACGTCTCTTAT-1	B	RCC-PR3	Tumor	TRUE
RCC-PR3-PTumor2_ATTGGTGAGCTGAACG-1	B	RCC-PR3	Tumor	FALSE
RCC-PR3-PTumor2_ATTGGTGCACGGCGTT-1	B	RCC-PR3	Tumor	FALSE
RCC-PR3-PTumor2_ATTTCTGCACCAGGTC-1	B	RCC-PR3	Tumor	FALSE
RCC-PR3-PTumor2_CAACCAATCGCAAGCC-1	B	RCC-PR3	Tumor	FALSE
RCC-PR3-PTumor2_CAACCTCCACTGTTAG-1	B	RCC-PR3	Tumor	TRUE
RCC-PR3-PTumor2_CAACCTCGTAAATACG-1	B	RCC-PR3	Tumor	TRUE
RCC-PR3-PTumor2_CAACTAGAGATCTGCT-1	B	RCC-PR3	Tumor	FALSE
RCC-PR3-PTumor2_CAACTAGCAGACGCAA-1	B	RCC-PR3	Tumor	FALSE
RCC-PR3-PTumor2_CAAGGCCAGACTAAGT-1	B	RCC-PR3	Tumor	TRUE
RCC-PR3-PTumor2_CAAGGCCAGGCCCTCA-1	B	RCC-PR3	Tumor	TRUE
RCC-PR3-PTumor2_CAAGTTGCAGACAAAT-1	B	RCC-PR3	Tumor	FALSE
RCC-PR3-PTumor2_CACAAACAGGTAGCTG-1	B	RCC-PR3	Tumor	TRUE
RCC-PR3-PTumor2_CACAAACCATTACCTT-1	B	RCC-PR3	Tumor	FALSE
RCC-PR3-PTumor2_CACAAACGTCTGGTCG-1	B	RCC-PR3	Tumor	TRUE
RCC-PR3-PTumor2_CACACAAGTACAAGTA-1	B	RCC-PR3	Tumor	TRUE
RCC-PR3-PTumor2_CACAGGCAGACCACGA-1	B	RCC-PR3	Tumor	FALSE
RCC-PR3-PTumor2_CACAGGCCACCGCTAG-1	B	RCC-PR3	Tumor	TRUE
RCC-PR3-PTumor2_CACAGGCTCCGCATAA-1	B	RCC-PR3	Tumor	FALSE
RCC-PR3-PTumor2_CACAGTAAGTGACTCT-1	B	RCC-PR3	Tumor	TRUE
RCC-PR3-PTumor2_CACAGTAGTCGCTTCT-1	B	RCC-PR3	Tumor	TRUE
RCC-PR3-PTumor2_CACATTTAGCAGGTCA-1	B	RCC-PR3	Tumor	TRUE
RCC-PR3-PTumor2_CACATTTCAACGATGG-1	B	RCC-PR3	Tumor	FALSE
RCC-PR3-PTumor2_CACCACTCAAGTAGTA-1	B	RCC-PR3	Tumor	FALSE
RCC-PR3-PTumor2_CACCACTTCTGAAAGA-1	B	RCC-PR3	Tumor	FALSE
RCC-PR3-PTumor2_CACCAGGGTTCAGACT-1	B	RCC-PR3	Tumor	FALSE
RCC-PR3-PTumor2_CACTCCAAGCCCAATT-1	B	RCC-PR3	Tumor	FALSE
RCC-PR3-PTumor2_CACTCCAGTAGCGTAG-1	B	RCC-PR3	Tumor	FALSE
RCC-PR3-PTumor2_CACTCCATCAGCTCGG-1	B	RCC-PR3	Tumor	FALSE
RCC-PR3-PTumor2_CAGAATCTCCGTAGTA-1	B	RCC-PR3	Tumor	TRUE
RCC-PR3-PTumor2_CAGCAGCCAGATTGCT-1	B	RCC-PR3	Tumor	TRUE
RCC-PR3-PTumor2_CAGCCGAAGGCAAAGA-1	B	RCC-PR3	Tumor	FALSE
RCC-PR3-PTumor2_CAGCCGACAACGATGG-1	B	RCC-PR3	Tumor	FALSE
RCC-PR3-PTumor2_CAGCCGAGTAGATTAG-1	B	RCC-PR3	Tumor	TRUE
RCC-PR3-PTumor2_CAGCGACCATACAGCT-1	B	RCC-PR3	Tumor	FALSE
RCC-PR3-PTumor2_CAGCGACTCCCATTAT-1	B	RCC-PR3	Tumor	FALSE
RCC-PR3-PTumor2_CAGCTAAAGGTCGGAT-1	B	RCC-PR3	Tumor	FALSE
RCC-PR3-PTumor2_CAGCTAAGTGAGGCTA-1	B	RCC-PR3	Tumor	FALSE
RCC-PR3-PTumor2_CAGCTAATCGTTGACA-1	B	RCC-PR3	Tumor	TRUE
RCC-PR3-PTumor2_CAGCTGGCACAGCGTC-1	B	RCC-PR3	Tumor	TRUE
RCC-PR3-PTumor2_CAGGTGCCACCCTATC-1	B	RCC-PR3	Tumor	FALSE
RCC-PR3-PTumor2_CATATTCAGGGCTTGA-1	B	RCC-PR3	Tumor	TRUE
RCC-PR3-PTumor2_CATCAAGAGGTGTTAA-1	B	RCC-PR3	Tumor	TRUE
RCC-PR3-PTumor2_CATCAAGGTGCGAAAC-1	B	RCC-PR3	Tumor	TRUE
RCC-PR3-PTumor2_CATCAGAGTCGAACAG-1	B	RCC-PR3	Tumor	FALSE
RCC-PR3-PTumor2_CATCAGATCGGATGGA-1	B	RCC-PR3	Tumor	FALSE
RCC-PR3-PTumor2_CATCGAACAGGAATGC-1	B	RCC-PR3	Tumor	TRUE
RCC-PR3-PTumor2_CATCGAAGTACCGTAT-1	B	RCC-PR3	Tumor	FALSE
RCC-PR3-PTumor2_CATCGAATCCGCAAGC-1	B	RCC-PR3	Tumor	FALSE
RCC-PR3-PTumor2_CATCGGGAGAGTCTGG-1	B	RCC-PR3	Tumor	TRUE
RCC-PR3-PTumor2_CATCGGGAGGCAAAGA-1	B	RCC-PR3	Tumor	FALSE
RCC-PR3-PTumor2_CATCGGGCATTCTCAT-1	B	RCC-PR3	Tumor	FALSE
RCC-PR3-PTumor2_CATCGGGGTTCGGCAC-1	B	RCC-PR3	Tumor	TRUE
RCC-PR3-PTumor2_CATGACAGTTGTGGCC-1	B	RCC-PR3	Tumor	TRUE
RCC-PR3-PTumor2_CATGCCTAGCACACAG-1	B	RCC-PR3	Tumor	FALSE
RCC-PR3-PTumor2_CATGCCTGTCCTCTTG-1	B	RCC-PR3	Tumor	FALSE
RCC-PR3-PTumor2_CATGCCTGTCTTGTCC-1	B	RCC-PR3	Tumor	FALSE
RCC-PR3-PTumor2_CATGGCGCAATGGATA-1	B	RCC-PR3	Tumor	FALSE
RCC-PR3-PTumor2_CATGGCGGTCAACTGT-1	B	RCC-PR3	Tumor	FALSE
RCC-PR3-PTumor2_CATGGCGGTCATGCAT-1	B	RCC-PR3	Tumor	FALSE
RCC-PR3-PTumor2_CCACCTAGTGGTCTCG-1	B	RCC-PR3	Tumor	FALSE
RCC-PR3-PTumor2_CCACGGAGTACAGTTC-1	B	RCC-PR3	Tumor	TRUE
RCC-PR3-PTumor2_CCACTACTCCAGAGGA-1	B	RCC-PR3	Tumor	FALSE
RCC-PR3-PTumor2_CCATGTCTCCGAGCCA-1	B	RCC-PR3	Tumor	TRUE
RCC-PR3-PTumor2_CCATTCGCACATTCGA-1	B	RCC-PR3	Tumor	TRUE
RCC-PR3-PTumor2_CCCAGTTCAGGCTCAC-1	B	RCC-PR3	Tumor	FALSE
RCC-PR3-PTumor2_CCCAGTTTCAGGATCT-1	B	RCC-PR3	Tumor	TRUE
RCC-PR3-PTumor2_CCCATACGTAGCGTAG-1	B	RCC-PR3	Tumor	TRUE
RCC-PR3-PTumor2_CCCATACGTTAGAACA-1	B	RCC-PR3	Tumor	TRUE
RCC-PR3-PTumor2_CCCATACTCAGAGACG-1	B	RCC-PR3	Tumor	TRUE
RCC-PR3-PTumor2_CCCATACTCTTGTTTG-1	B	RCC-PR3	Tumor	FALSE
RCC-PR3-PTumor2_CCCTCCTTCAGCTCGG-1	B	RCC-PR3	Tumor	TRUE
RCC-PR3-PTumor2_CCGGTAGGTGTGGCTC-1	B	RCC-PR3	Tumor	TRUE
RCC-PR3-PTumor2_CCGTACTTCCAAGTAC-1	B	RCC-PR3	Tumor	TRUE
RCC-PR3-PTumor2_CCGTGGAAGTTAGCGG-1	B	RCC-PR3	Tumor	FALSE
RCC-PR3-PTumor2_CCGTGGATCCGTAGTA-1	B	RCC-PR3	Tumor	FALSE
RCC-PR3-PTumor2_CCGTTCATCGTGGACC-1	B	RCC-PR3	Tumor	FALSE
RCC-PR3-PTumor2_CCTAAAGAGTGGGCTA-1	B	RCC-PR3	Tumor	FALSE
RCC-PR3-PTumor2_CCTAAAGTCTGGCGAC-1	B	RCC-PR3	Tumor	FALSE
RCC-PR3-PTumor2_CCTAGCTCATGCAACT-1	B	RCC-PR3	Tumor	FALSE
RCC-PR3-PTumor2_CCTATTACAAGTTAAG-1	B	RCC-PR3	Tumor	TRUE
RCC-PR3-PTumor2_CCTCAGTCAAAGAATC-1	B	RCC-PR3	Tumor	FALSE
RCC-PR3-PTumor2_CCTCAGTGTTACAGAA-1	B	RCC-PR3	Tumor	FALSE
RCC-PR3-PTumor2_CCTTACGCAGCCAATT-1	B	RCC-PR3	Tumor	FALSE
RCC-PR3-PTumor2_CCTTCCCCAGGTCGTC-1	B	RCC-PR3	Tumor	FALSE
RCC-PR3-PTumor2_CCTTCCCGTCAGAATA-1	B	RCC-PR3	Tumor	FALSE
RCC-PR3-PTumor2_CCTTCCCGTGTAACGG-1	B	RCC-PR3	Tumor	FALSE
RCC-PR3-PTumor2_CCTTCGATCATTGCCC-1	B	RCC-PR3	Tumor	TRUE
RCC-PR3-PTumor2_CCTTTCTGTAGCACGA-1	B	RCC-PR3	Tumor	FALSE
RCC-PR3-PTumor2_CGACCTTAGCTAAGAT-1	B	RCC-PR3	Tumor	FALSE
RCC-PR3-PTumor2_CGACTTCGTCTTTCAT-1	B	RCC-PR3	Tumor	FALSE
RCC-PR3-PTumor2_CGAGCACCAAAGGCGT-1	B	RCC-PR3	Tumor	TRUE
RCC-PR3-PTumor2_CGAGCACGTATGAATG-1	B	RCC-PR3	Tumor	FALSE
RCC-PR3-PTumor2_CGAGCCACATGACGGA-1	B	RCC-PR3	Tumor	TRUE
RCC-PR3-PTumor2_CGAGCCAGTAGGAGTC-1	B	RCC-PR3	Tumor	TRUE
RCC-PR3-PTumor2_CGAGCCAGTGGCCCTA-1	B	RCC-PR3	Tumor	TRUE
RCC-PR3-PTumor2_CGATCGGAGAAGGGTA-1	B	RCC-PR3	Tumor	TRUE
RCC-PR3-PTumor2_CGATCGGGTGCTTCTC-1	B	RCC-PR3	Tumor	FALSE
RCC-PR3-PTumor2_CGATGTATCCCAAGTA-1	B	RCC-PR3	Tumor	FALSE
RCC-PR3-PTumor2_CGATTGAAGGATCGCA-1	B	RCC-PR3	Tumor	FALSE
RCC-PR3-PTumor2_CGATTGAGTCCAGTTA-1	B	RCC-PR3	Tumor	FALSE
RCC-PR3-PTumor2_CGCCAAGCACAACGTT-1	B	RCC-PR3	Tumor	TRUE
RCC-PR3-PTumor2_CGCGGTATCGCATGGC-1	B	RCC-PR3	Tumor	TRUE
RCC-PR3-PTumor2_CGCTGGAAGAGCCCAA-1	B	RCC-PR3	Tumor	FALSE
RCC-PR3-PTumor2_CGCTGGACATCAGTAC-1	B	RCC-PR3	Tumor	TRUE
RCC-PR3-PTumor2_CGCTTCAAGAAGATTC-1	B	RCC-PR3	Tumor	TRUE
RCC-PR3-PTumor2_CGGACACCATAGACTC-1	B	RCC-PR3	Tumor	TRUE
RCC-PR3-PTumor2_CGGACACGTAACGCGA-1	B	RCC-PR3	Tumor	FALSE
RCC-PR3-PTumor2_CGGACACGTGCTTCTC-1	B	RCC-PR3	Tumor	TRUE
RCC-PR3-PTumor2_CGGAGCTCACGAGGTA-1	B	RCC-PR3	Tumor	TRUE
RCC-PR3-PTumor2_CGGAGTCGTCAATGTC-1	B	RCC-PR3	Tumor	FALSE
RCC-PR3-PTumor2_CGGAGTCTCCCGACTT-1	B	RCC-PR3	Tumor	FALSE
RCC-PR3-PTumor2_CGGCTAGAGACTTTCG-1	B	RCC-PR3	Tumor	FALSE
RCC-PR3-PTumor2_CGGCTAGTCAACACAC-1	B	RCC-PR3	Tumor	FALSE
RCC-PR3-PTumor2_CGTCAGGCAACTGGCC-1	B	RCC-PR3	Tumor	TRUE
RCC-PR3-PTumor2_CGTCCATCAGCGAACA-1	B	RCC-PR3	Tumor	FALSE
RCC-PR3-PTumor2_CGTCCATTCAGCCTAA-1	B	RCC-PR3	Tumor	TRUE
RCC-PR3-PTumor2_CGTCCATTCGTCCAGG-1	B	RCC-PR3	Tumor	FALSE
RCC-PR3-PTumor2_CGTCCATTCTGTTTGT-1	B	RCC-PR3	Tumor	FALSE
RCC-PR3-PTumor2_CGTCTACCACAGCGTC-1	B	RCC-PR3	Tumor	FALSE
RCC-PR3-PTumor2_CGTCTACGTGTGGCTC-1	B	RCC-PR3	Tumor	FALSE
RCC-PR3-PTumor2_CGTGAGCCATTCTTAC-1	B	RCC-PR3	Tumor	TRUE
RCC-PR3-PTumor2_CGTGAGCGTTTAAGCC-1	B	RCC-PR3	Tumor	FALSE
RCC-PR3-PTumor2_CGTGAGCTCCGCGTTT-1	B	RCC-PR3	Tumor	FALSE
RCC-PR3-PTumor2_CGTGTAACATGCTAGT-1	B	RCC-PR3	Tumor	FALSE
RCC-PR3-PTumor2_CGTTAGACAAGCTGTT-1	B	RCC-PR3	Tumor	TRUE
RCC-PR3-PTumor2_CGTTAGAGTGAGGGAG-1	B	RCC-PR3	Tumor	FALSE
RCC-PR3-PTumor2_CGTTAGATCTTCTGGC-1	B	RCC-PR3	Tumor	FALSE
RCC-PR3-PTumor2_CGTTGGGCACCATGTA-1	B	RCC-PR3	Tumor	TRUE
RCC-PR3-PTumor2_CGTTGGGTCCTATGTT-1	B	RCC-PR3	Tumor	TRUE
RCC-PR3-PTumor2_CTAACTTAGAGCCTAG-1	B	RCC-PR3	Tumor	FALSE
RCC-PR3-PTumor2_CTAATGGAGGCAGGTT-1	B	RCC-PR3	Tumor	FALSE
RCC-PR3-PTumor2_CTACACCGTACCATCA-1	B	RCC-PR3	Tumor	TRUE
RCC-PR3-PTumor2_CTACACCTCGTCACGG-1	B	RCC-PR3	Tumor	FALSE
RCC-PR3-PTumor2_CTACCCACATTGCGGC-1	B	RCC-PR3	Tumor	FALSE
RCC-PR3-PTumor2_CTACCCAGTCCGAGTC-1	B	RCC-PR3	Tumor	TRUE
RCC-PR3-PTumor2_CTACGTCCAAGTCATC-1	B	RCC-PR3	Tumor	FALSE
RCC-PR3-PTumor2_CTCACACAGCCCAATT-1	B	RCC-PR3	Tumor	TRUE
RCC-PR3-PTumor2_CTCAGAACACATCTTT-1	B	RCC-PR3	Tumor	TRUE
RCC-PR3-PTumor2_CTCAGAATCGCGATCG-1	B	RCC-PR3	Tumor	FALSE
RCC-PR3-PTumor2_CTCATTAGTACGACCC-1	B	RCC-PR3	Tumor	TRUE
RCC-PR3-PTumor2_CTCATTAGTATATGAG-1	B	RCC-PR3	Tumor	FALSE
RCC-PR3-PTumor2_CTCATTAGTCCTAGCG-1	B	RCC-PR3	Tumor	TRUE
RCC-PR3-PTumor2_CTCGAAAGTACTTCTT-1	B	RCC-PR3	Tumor	TRUE
RCC-PR3-PTumor2_CTCGAGGAGTCGAGTG-1	B	RCC-PR3	Tumor	FALSE
RCC-PR3-PTumor2_CTCGAGGCAGCTGGCT-1	B	RCC-PR3	Tumor	TRUE
RCC-PR3-PTumor2_CTCGGAGAGCAGGTCA-1	B	RCC-PR3	Tumor	TRUE
RCC-PR3-PTumor2_CTCGGAGTCAGGCGAA-1	B	RCC-PR3	Tumor	FALSE
RCC-PR3-PTumor2_CTCGGAGTCCTGTAGA-1	B	RCC-PR3	Tumor	FALSE
RCC-PR3-PTumor2_CTCGGGACAAAGTGCG-1	B	RCC-PR3	Tumor	FALSE
RCC-PR3-PTumor2_CTCGTACCAAAGCGGT-1	B	RCC-PR3	Tumor	TRUE
RCC-PR3-PTumor2_CTCGTACCAGGAACGT-1	B	RCC-PR3	Tumor	FALSE
RCC-PR3-PTumor2_CTCGTCATCAACGAAA-1	B	RCC-PR3	Tumor	FALSE
RCC-PR3-PTumor2_CTCTAATAGGTTACCT-1	B	RCC-PR3	Tumor	FALSE
RCC-PR3-PTumor2_CTCTAATTCCAGAGGA-1	B	RCC-PR3	Tumor	TRUE
RCC-PR3-PTumor2_CTCTACGCAGTATCTG-1	B	RCC-PR3	Tumor	FALSE
RCC-PR3-PTumor2_CTGATAGAGGCAGTCA-1	B	RCC-PR3	Tumor	TRUE
RCC-PR3-PTumor2_CTGATCCTCCCAAGAT-1	B	RCC-PR3	Tumor	TRUE
RCC-PR3-PTumor2_CTGATCCTCGAATGCT-1	B	RCC-PR3	Tumor	TRUE
RCC-PR3-PTumor2_CTGCGGAAGAATTCCC-1	B	RCC-PR3	Tumor	FALSE
RCC-PR3-PTumor2_CTGCGGAGTGGTCCGT-1	B	RCC-PR3	Tumor	TRUE
RCC-PR3-PTumor2_CTGCTGTGTAGCCTAT-1	B	RCC-PR3	Tumor	FALSE
RCC-PR3-PTumor2_CTGGTCTTCCTAGAAC-1	B	RCC-PR3	Tumor	FALSE
RCC-PR3-PTumor2_CTGGTCTTCCTTGCCA-1	B	RCC-PR3	Tumor	TRUE
RCC-PR3-PTumor2_CTGTTTAAGCTAGTCT-1	B	RCC-PR3	Tumor	FALSE
RCC-PR3-PTumor2_CTTACCGCACGCCAGT-1	B	RCC-PR3	Tumor	TRUE
RCC-PR3-PTumor2_CTTACCGTCGTAGGTT-1	B	RCC-PR3	Tumor	FALSE
RCC-PR3-PTumor2_CTTTGCGAGGTTCCTA-1	B	RCC-PR3	Tumor	FALSE
RCC-PR3-PTumor2_CTTTGCGCACCGATAT-1	B	RCC-PR3	Tumor	FALSE
RCC-PR3-PTumor2_GAAATGAAGGCCCGTT-1	B	RCC-PR3	Tumor	TRUE
RCC-PR3-PTumor2_GAAATGACACACAGAG-1	B	RCC-PR3	Tumor	FALSE
RCC-PR3-PTumor2_GAACATCCAAGCGAGT-1	B	RCC-PR3	Tumor	FALSE
RCC-PR3-PTumor2_GAACATCCATTCTTAC-1	B	RCC-PR3	Tumor	FALSE
RCC-PR3-PTumor2_GAAGCAGTCTGTCTAT-1	B	RCC-PR3	Tumor	FALSE
RCC-PR3-PTumor2_GAATAAGAGAAGGACA-1	B	RCC-PR3	Tumor	FALSE
RCC-PR3-PTumor2_GAATAAGGTAAGGGAA-1	B	RCC-PR3	Tumor	TRUE
RCC-PR3-PTumor2_GAATGAAAGATGCGAC-1	B	RCC-PR3	Tumor	FALSE
RCC-PR3-PTumor2_GAATGAAAGTCGAGTG-1	B	RCC-PR3	Tumor	FALSE
RCC-PR3-PTumor2_GAATGAAGTAAGAGAG-1	B	RCC-PR3	Tumor	FALSE
RCC-PR3-PTumor2_GACACGCTCACTTACT-1	B	RCC-PR3	Tumor	FALSE
RCC-PR3-PTumor2_GACAGAGAGCTAGTCT-1	B	RCC-PR3	Tumor	TRUE
RCC-PR3-PTumor2_GACAGAGTCGGTCTAA-1	B	RCC-PR3	Tumor	FALSE
RCC-PR3-PTumor2_GACCTGGTCGAATGCT-1	B	RCC-PR3	Tumor	TRUE
RCC-PR3-PTumor2_GACGCGTTCTACCTGC-1	B	RCC-PR3	Tumor	TRUE
RCC-PR3-PTumor2_GACGGCTCACCCATGG-1	B	RCC-PR3	Tumor	TRUE
RCC-PR3-PTumor2_GACGTGCAGGACAGCT-1	B	RCC-PR3	Tumor	TRUE
RCC-PR3-PTumor2_GACGTTAAGTGAACGC-1	B	RCC-PR3	Tumor	FALSE
RCC-PR3-PTumor2_GACGTTACACAGACTT-1	B	RCC-PR3	Tumor	TRUE
RCC-PR3-PTumor2_GACTAACAGTGACTCT-1	B	RCC-PR3	Tumor	FALSE
RCC-PR3-PTumor2_GACTAACTCAACACGT-1	B	RCC-PR3	Tumor	TRUE
RCC-PR3-PTumor2_GACTACAAGACCTAGG-1	B	RCC-PR3	Tumor	FALSE
RCC-PR3-PTumor2_GACTACAAGTTCGCAT-1	B	RCC-PR3	Tumor	FALSE
RCC-PR3-PTumor2_GACTACAGTATAAACG-1	B	RCC-PR3	Tumor	FALSE
RCC-PR3-PTumor2_GACTACATCAACGGGA-1	B	RCC-PR3	Tumor	FALSE
RCC-PR3-PTumor2_GACTACATCTTGGGTA-1	B	RCC-PR3	Tumor	TRUE
RCC-PR3-PTumor2_GACTGCGGTAGCGATG-1	B	RCC-PR3	Tumor	FALSE
RCC-PR3-PTumor2_GACTGCGTCCTCCTAG-1	B	RCC-PR3	Tumor	FALSE
RCC-PR3-PTumor2_GATCAGTGTTTAAGCC-1	B	RCC-PR3	Tumor	TRUE
RCC-PR3-PTumor2_GATCGATCAATGGTCT-1	B	RCC-PR3	Tumor	TRUE
RCC-PR3-PTumor2_GATCGATCACGCTTTC-1	B	RCC-PR3	Tumor	FALSE
RCC-PR3-PTumor2_GATCGTAAGGAGCGTT-1	B	RCC-PR3	Tumor	FALSE
RCC-PR3-PTumor2_GATCGTAGTTATGCGT-1	B	RCC-PR3	Tumor	TRUE
RCC-PR3-PTumor2_GATGAGGCAGAGCCAA-1	B	RCC-PR3	Tumor	FALSE
RCC-PR3-PTumor2_GATGCTAAGGAGTAGA-1	B	RCC-PR3	Tumor	TRUE
RCC-PR3-PTumor2_GATTCAGGTACGCTGC-1	B	RCC-PR3	Tumor	TRUE
RCC-PR3-PTumor2_GCAAACTAGCGCCTTG-1	B	RCC-PR3	Tumor	TRUE
RCC-PR3-PTumor2_GCAAACTCACTATCTT-1	B	RCC-PR3	Tumor	FALSE
RCC-PR3-PTumor2_GCAATCAAGGCTATCT-1	B	RCC-PR3	Tumor	TRUE
RCC-PR3-PTumor2_GCACATAAGAAGATTC-1	B	RCC-PR3	Tumor	FALSE
RCC-PR3-PTumor2_GCACATAAGCCGGTAA-1	B	RCC-PR3	Tumor	FALSE
RCC-PR3-PTumor2_GCACATATCCTAGAAC-1	B	RCC-PR3	Tumor	FALSE
RCC-PR3-PTumor2_GCATGATTCTTGACGA-1	B	RCC-PR3	Tumor	TRUE
RCC-PR3-PTumor2_GCATGCGAGGCTCAGA-1	B	RCC-PR3	Tumor	TRUE
RCC-PR3-PTumor2_GCATGTACAAGCTGAG-1	B	RCC-PR3	Tumor	TRUE
RCC-PR3-PTumor2_GCATGTACATCCGGGT-1	B	RCC-PR3	Tumor	FALSE
RCC-PR3-PTumor2_GCCTCTAGTTACGGAG-1	B	RCC-PR3	Tumor	FALSE
RCC-PR3-PTumor2_GCCTCTATCACCGTAA-1	B	RCC-PR3	Tumor	TRUE
RCC-PR3-PTumor2_GCGACCATCTATGTGG-1	B	RCC-PR3	Tumor	FALSE
RCC-PR3-PTumor2_GCGAGAAAGGAGTTTA-1	B	RCC-PR3	Tumor	TRUE
RCC-PR3-PTumor2_GCGAGAAAGGATGTAT-1	B	RCC-PR3	Tumor	TRUE
RCC-PR3-PTumor2_GCGCAACCAACTTGAC-1	B	RCC-PR3	Tumor	FALSE
RCC-PR3-PTumor2_GCGCAACCACCATGTA-1	B	RCC-PR3	Tumor	FALSE
RCC-PR3-PTumor2_GCGCAGTGTCAATGTC-1	B	RCC-PR3	Tumor	TRUE
RCC-PR3-PTumor2_GCGCCAAAGTTTCCTT-1	B	RCC-PR3	Tumor	FALSE
RCC-PR3-PTumor2_GCGCGATCAAGCCCAC-1	B	RCC-PR3	Tumor	FALSE
RCC-PR3-PTumor2_GCGCGATGTCATGCCG-1	B	RCC-PR3	Tumor	FALSE
RCC-PR3-PTumor2_GCTCCTAAGACTAGAT-1	B	RCC-PR3	Tumor	TRUE
RCC-PR3-PTumor2_GCTCCTAGTAGAGGAA-1	B	RCC-PR3	Tumor	FALSE
RCC-PR3-PTumor2_GCTCTGTAGTACGCGA-1	B	RCC-PR3	Tumor	TRUE
RCC-PR3-PTumor2_GCTGCGACAAGTCTGT-1	B	RCC-PR3	Tumor	TRUE
RCC-PR3-PTumor2_GCTGCTTAGCAGATCG-1	B	RCC-PR3	Tumor	FALSE
RCC-PR3-PTumor2_GCTTGAAAGTTACGGG-1	B	RCC-PR3	Tumor	FALSE
RCC-PR3-PTumor2_GCTTGAACAAGTACCT-1	B	RCC-PR3	Tumor	TRUE
RCC-PR3-PTumor2_GGAAAGCGTTAAGTAG-1	B	RCC-PR3	Tumor	FALSE
RCC-PR3-PTumor2_GGAACTTAGATGTGTA-1	B	RCC-PR3	Tumor	FALSE
RCC-PR3-PTumor2_GGAACTTCACTTGGAT-1	B	RCC-PR3	Tumor	FALSE
RCC-PR3-PTumor2_GGAATAAAGAGTACCG-1	B	RCC-PR3	Tumor	FALSE
RCC-PR3-PTumor2_GGAATAAAGGTAGCTG-1	B	RCC-PR3	Tumor	FALSE
RCC-PR3-PTumor2_GGAATAAGTGCTAGCC-1	B	RCC-PR3	Tumor	TRUE
RCC-PR3-PTumor2_GGACAGACATCGGTTA-1	B	RCC-PR3	Tumor	TRUE
RCC-PR3-PTumor2_GGACAGAGTGATGCCC-1	B	RCC-PR3	Tumor	TRUE
RCC-PR3-PTumor2_GGACATTAGCTGATAA-1	B	RCC-PR3	Tumor	FALSE
RCC-PR3-PTumor2_GGACGTCAGTTGCAGG-1	B	RCC-PR3	Tumor	TRUE
RCC-PR3-PTumor2_GGACGTCCAAATTGCC-1	B	RCC-PR3	Tumor	FALSE
RCC-PR3-PTumor2_GGACGTCGTTAAAGTG-1	B	RCC-PR3	Tumor	FALSE
RCC-PR3-PTumor2_GGATGTTGTGGCTCCA-1	B	RCC-PR3	Tumor	TRUE
RCC-PR3-PTumor2_GGATGTTTCGCACTCT-1	B	RCC-PR3	Tumor	FALSE
RCC-PR3-PTumor2_GGATGTTTCTGGTATG-1	B	RCC-PR3	Tumor	FALSE
RCC-PR3-PTumor2_GGCCGATGTCGACTGC-1	B	RCC-PR3	Tumor	TRUE
RCC-PR3-PTumor2_GGCGACTAGCACGCCT-1	B	RCC-PR3	Tumor	FALSE
RCC-PR3-PTumor2_GGCGACTTCTTCCTTC-1	B	RCC-PR3	Tumor	TRUE
RCC-PR3-PTumor2_GGCTGGTCATTCGACA-1	B	RCC-PR3	Tumor	FALSE
RCC-PR3-PTumor2_GGCTGGTGTAAATGTG-1	B	RCC-PR3	Tumor	FALSE
RCC-PR3-PTumor2_GGGAATGAGAGAACAG-1	B	RCC-PR3	Tumor	TRUE
RCC-PR3-PTumor2_GGGACCTTCATGCATG-1	B	RCC-PR3	Tumor	FALSE
RCC-PR3-PTumor2_GGGACCTTCGTACCGG-1	B	RCC-PR3	Tumor	TRUE
RCC-PR3-PTumor2_GGGAGATAGTGGACGT-1	B	RCC-PR3	Tumor	TRUE
RCC-PR3-PTumor2_GGGATGAGTCTCCACT-1	B	RCC-PR3	Tumor	TRUE
RCC-PR3-PTumor2_GGGATGATCTTAGAGC-1	B	RCC-PR3	Tumor	TRUE
RCC-PR3-PTumor2_GGGATGATCTTGACGA-1	B	RCC-PR3	Tumor	FALSE
RCC-PR3-PTumor2_GGGCACTCAAGCCTAT-1	B	RCC-PR3	Tumor	TRUE
RCC-PR3-PTumor2_GGGCACTCAGTAAGAT-1	B	RCC-PR3	Tumor	FALSE
RCC-PR3-PTumor2_GGGCATCAGAATAGGG-1	B	RCC-PR3	Tumor	FALSE
RCC-PR3-PTumor2_GGGCATCAGCATGGCA-1	B	RCC-PR3	Tumor	FALSE
RCC-PR3-PTumor2_GGGCATCAGCGATCCC-1	B	RCC-PR3	Tumor	FALSE
RCC-PR3-PTumor2_GGGTCTGAGATCTGAA-1	B	RCC-PR3	Tumor	TRUE
RCC-PR3-PTumor2_GGGTCTGGTAATTGGA-1	B	RCC-PR3	Tumor	TRUE
RCC-PR3-PTumor2_GGGTTGCCACGCTTTC-1	B	RCC-PR3	Tumor	FALSE
RCC-PR3-PTumor2_GGTATTGCACCGAATT-1	B	RCC-PR3	Tumor	TRUE
RCC-PR3-PTumor2_GGTATTGGTATTACCG-1	B	RCC-PR3	Tumor	FALSE
RCC-PR3-PTumor2_GGTGCGTGTTCACCTC-1	B	RCC-PR3	Tumor	TRUE
RCC-PR3-PTumor2_GGTGTTATCCATGAGT-1	B	RCC-PR3	Tumor	TRUE
RCC-PR3-PTumor2_GTACGTAAGCATCATC-1	B	RCC-PR3	Tumor	TRUE
RCC-PR3-PTumor2_GTACTCCGTTTGTTTC-1	B	RCC-PR3	Tumor	FALSE
RCC-PR3-PTumor2_GTAGGCCAGGTGTTAA-1	B	RCC-PR3	Tumor	FALSE
RCC-PR3-PTumor2_GTAGGCCGTTAGTGGG-1	B	RCC-PR3	Tumor	FALSE
RCC-PR3-PTumor2_GTAGTCAGTGACTACT-1	B	RCC-PR3	Tumor	TRUE
RCC-PR3-PTumor2_GTAGTCAGTTACGGAG-1	B	RCC-PR3	Tumor	TRUE
RCC-PR3-PTumor2_GTATCTTAGCTGAAAT-1	B	RCC-PR3	Tumor	TRUE
RCC-PR3-PTumor2_GTATTCTAGTTTAGGA-1	B	RCC-PR3	Tumor	TRUE
RCC-PR3-PTumor2_GTCAAGTTCGTCGTTC-1	B	RCC-PR3	Tumor	TRUE
RCC-PR3-PTumor2_GTCACAAGTTCGGCAC-1	B	RCC-PR3	Tumor	FALSE
RCC-PR3-PTumor2_GTCACAATCTCAAACG-1	B	RCC-PR3	Tumor	FALSE
RCC-PR3-PTumor2_GTCACGGTCACCTCGT-1	B	RCC-PR3	Tumor	TRUE
RCC-PR3-PTumor2_GTCACGGTCTCTGTCG-1	B	RCC-PR3	Tumor	FALSE
RCC-PR3-PTumor2_GTCATTTCATATACCG-1	B	RCC-PR3	Tumor	TRUE
RCC-PR3-PTumor2_GTCATTTGTTTCCACC-1	B	RCC-PR3	Tumor	FALSE
RCC-PR3-PTumor2_GTCGGGTCAAGGCTCC-1	B	RCC-PR3	Tumor	FALSE
RCC-PR3-PTumor2_GTCGTAACACCTGGTG-1	B	RCC-PR3	Tumor	FALSE
RCC-PR3-PTumor2_GTCTCGTGTGAACCTT-1	B	RCC-PR3	Tumor	FALSE
RCC-PR3-PTumor2_GTCTCGTGTTAGATGA-1	B	RCC-PR3	Tumor	TRUE
RCC-PR3-PTumor2_GTGAAGGTCACTTACT-1	B	RCC-PR3	Tumor	FALSE
RCC-PR3-PTumor2_GTGCAGCTCACATACG-1	B	RCC-PR3	Tumor	TRUE
RCC-PR3-PTumor2_GTGCATAGTCTCGTTC-1	B	RCC-PR3	Tumor	FALSE
RCC-PR3-PTumor2_GTGCGGTTCACTGGGC-1	B	RCC-PR3	Tumor	FALSE
RCC-PR3-PTumor2_GTGCTTCAGCTGCGAA-1	B	RCC-PR3	Tumor	TRUE
RCC-PR3-PTumor2_GTGTGCGCATGGTCTA-1	B	RCC-PR3	Tumor	TRUE
RCC-PR3-PTumor2_GTGTTAGAGAGTAAGG-1	B	RCC-PR3	Tumor	FALSE
RCC-PR3-PTumor2_GTGTTAGGTAAGTGGC-1	B	RCC-PR3	Tumor	TRUE
RCC-PR3-PTumor2_GTGTTAGGTCAAAGAT-1	B	RCC-PR3	Tumor	TRUE
RCC-PR3-PTumor2_GTGTTAGTCAACCAAC-1	B	RCC-PR3	Tumor	TRUE
RCC-PR3-PTumor2_GTTAAGCGTACCGCTG-1	B	RCC-PR3	Tumor	FALSE
RCC-PR3-PTumor2_GTTACAGAGGGTCTCC-1	B	RCC-PR3	Tumor	TRUE
RCC-PR3-PTumor2_GTTACAGGTCCCTACT-1	B	RCC-PR3	Tumor	TRUE
RCC-PR3-PTumor2_GTTCATTAGCTAGTGG-1	B	RCC-PR3	Tumor	FALSE
RCC-PR3-PTumor2_GTTCATTGTACCGGCT-1	B	RCC-PR3	Tumor	FALSE
RCC-PR3-PTumor2_GTTCATTGTGATGATA-1	B	RCC-PR3	Tumor	FALSE
RCC-PR3-PTumor2_GTTCATTTCGCGTAGC-1	B	RCC-PR3	Tumor	FALSE
RCC-PR3-PTumor2_TAAACCGCACGGCGTT-1	B	RCC-PR3	Tumor	FALSE
RCC-PR3-PTumor2_TAAGAGACATCGGGTC-1	B	RCC-PR3	Tumor	FALSE
RCC-PR3-PTumor2_TAAGAGATCTTCGGTC-1	B	RCC-PR3	Tumor	FALSE
RCC-PR3-PTumor2_TAAGCGTTCAAGGTAA-1	B	RCC-PR3	Tumor	FALSE
RCC-PR3-PTumor2_TACACGAGTCCGTGAC-1	B	RCC-PR3	Tumor	TRUE
RCC-PR3-PTumor2_TACACGAGTCTCAACA-1	B	RCC-PR3	Tumor	FALSE
RCC-PR3-PTumor2_TACAGTGTCTTGAGGT-1	B	RCC-PR3	Tumor	TRUE
RCC-PR3-PTumor2_TACCTATAGCAATATG-1	B	RCC-PR3	Tumor	TRUE
RCC-PR3-PTumor2_TACCTATGTAATCGTC-1	B	RCC-PR3	Tumor	FALSE
RCC-PR3-PTumor2_TACCTATGTTACGTCA-1	B	RCC-PR3	Tumor	FALSE
RCC-PR3-PTumor2_TACCTATTCAGAGGTG-1	B	RCC-PR3	Tumor	FALSE
RCC-PR3-PTumor2_TACCTATTCCCATTAT-1	B	RCC-PR3	Tumor	FALSE
RCC-PR3-PTumor2_TACCTTAGTTGACGTT-1	B	RCC-PR3	Tumor	FALSE
RCC-PR3-PTumor2_TACGGATAGCCAACAG-1	B	RCC-PR3	Tumor	FALSE
RCC-PR3-PTumor2_TACGGTATCGGTTAAC-1	B	RCC-PR3	Tumor	TRUE
RCC-PR3-PTumor2_TACTCGCTCCAGAGGA-1	B	RCC-PR3	Tumor	TRUE
RCC-PR3-PTumor2_TACTTACAGCTGCAAG-1	B	RCC-PR3	Tumor	FALSE
RCC-PR3-PTumor2_TACTTACCAGGGTACA-1	B	RCC-PR3	Tumor	TRUE
RCC-PR3-PTumor2_TACTTGTGTAGTAGTA-1	B	RCC-PR3	Tumor	TRUE
RCC-PR3-PTumor2_TACTTGTGTCCGCTGA-1	B	RCC-PR3	Tumor	TRUE
RCC-PR3-PTumor2_TAGACCATCGTACGGC-1	B	RCC-PR3	Tumor	TRUE
RCC-PR3-PTumor2_TAGAGCTAGCGATATA-1	B	RCC-PR3	Tumor	FALSE
RCC-PR3-PTumor2_TAGAGCTTCTGATTCT-1	B	RCC-PR3	Tumor	TRUE
RCC-PR3-PTumor2_TAGCCGGAGTAACCCT-1	B	RCC-PR3	Tumor	TRUE
RCC-PR3-PTumor2_TAGCCGGCACTCGACG-1	B	RCC-PR3	Tumor	FALSE
RCC-PR3-PTumor2_TAGCCGGTCGGTCCGA-1	B	RCC-PR3	Tumor	FALSE
RCC-PR3-PTumor2_TAGGCATTCGAATCCA-1	B	RCC-PR3	Tumor	FALSE
RCC-PR3-PTumor2_TAGTTGGAGTACACCT-1	B	RCC-PR3	Tumor	TRUE
RCC-PR3-PTumor2_TATCAGGAGTGGTAAT-1	B	RCC-PR3	Tumor	FALSE
RCC-PR3-PTumor2_TATCAGGCAAACCTAC-1	B	RCC-PR3	Tumor	TRUE
RCC-PR3-PTumor2_TATCAGGCATTGTGCA-1	B	RCC-PR3	Tumor	FALSE
RCC-PR3-PTumor2_TATGCCCTCGCTTGTC-1	B	RCC-PR3	Tumor	FALSE
RCC-PR3-PTumor2_TATGCCCTCTCAACTT-1	B	RCC-PR3	Tumor	TRUE
RCC-PR3-PTumor2_TCAACGATCTCCTATA-1	B	RCC-PR3	Tumor	FALSE
RCC-PR3-PTumor2_TCACAAGCATATACGC-1	B	RCC-PR3	Tumor	FALSE
RCC-PR3-PTumor2_TCACAAGGTAAACACA-1	B	RCC-PR3	Tumor	FALSE
RCC-PR3-PTumor2_TCACGAAAGTAAGTAC-1	B	RCC-PR3	Tumor	FALSE
RCC-PR3-PTumor2_TCAGATGAGTACATGA-1	B	RCC-PR3	Tumor	FALSE
RCC-PR3-PTumor2_TCAGATGCACCCATGG-1	B	RCC-PR3	Tumor	FALSE
RCC-PR3-PTumor2_TCAGATGTCCCACTTG-1	B	RCC-PR3	Tumor	TRUE
RCC-PR3-PTumor2_TCAGCAACACTCTGTC-1	B	RCC-PR3	Tumor	TRUE
RCC-PR3-PTumor2_TCAGCTCGTTAAGATG-1	B	RCC-PR3	Tumor	FALSE
RCC-PR3-PTumor2_TCAGCTCGTTATCCGA-1	B	RCC-PR3	Tumor	FALSE
RCC-PR3-PTumor2_TCAGGATCAAAGTCAA-1	B	RCC-PR3	Tumor	FALSE
RCC-PR3-PTumor2_TCATTACCATGCCTTC-1	B	RCC-PR3	Tumor	FALSE
RCC-PR3-PTumor2_TCATTACGTAAATACG-1	B	RCC-PR3	Tumor	FALSE
RCC-PR3-PTumor2_TCATTTGAGACAAAGG-1	B	RCC-PR3	Tumor	TRUE
RCC-PR3-PTumor2_TCATTTGGTCCCGACA-1	B	RCC-PR3	Tumor	FALSE
RCC-PR3-PTumor2_TCATTTGTCTGGCGAC-1	B	RCC-PR3	Tumor	FALSE
RCC-PR3-PTumor2_TCCACACGTATAATGG-1	B	RCC-PR3	Tumor	FALSE
RCC-PR3-PTumor2_TCGAGGCAGATCCCGC-1	B	RCC-PR3	Tumor	TRUE
RCC-PR3-PTumor2_TCGGGACGTTAAGTAG-1	B	RCC-PR3	Tumor	FALSE
RCC-PR3-PTumor2_TCGGTAAGTCAGTGGA-1	B	RCC-PR3	Tumor	TRUE
RCC-PR3-PTumor2_TCGGTAATCCTTGGTC-1	B	RCC-PR3	Tumor	FALSE
RCC-PR3-PTumor2_TCGTACCAGACCCACC-1	B	RCC-PR3	Tumor	FALSE
RCC-PR3-PTumor2_TCTATTGAGTGACTCT-1	B	RCC-PR3	Tumor	FALSE
RCC-PR3-PTumor2_TCTATTGTCTGGTTCC-1	B	RCC-PR3	Tumor	TRUE
RCC-PR3-PTumor2_TCTTCGGAGAGTGACC-1	B	RCC-PR3	Tumor	FALSE
RCC-PR3-PTumor2_TCTTTCCCAGCCTTGG-1	B	RCC-PR3	Tumor	FALSE
RCC-PR3-PTumor2_TCTTTCCTCTCGCTTG-1	B	RCC-PR3	Tumor	TRUE
RCC-PR3-PTumor2_TGACAACAGGACAGAA-1	B	RCC-PR3	Tumor	FALSE
RCC-PR3-PTumor2_TGACGGCGTTTGTGTG-1	B	RCC-PR3	Tumor	TRUE
RCC-PR3-PTumor2_TGACTTTGTCCAGTTA-1	B	RCC-PR3	Tumor	TRUE
RCC-PR3-PTumor2_TGAGAGGCAAGTTCTG-1	B	RCC-PR3	Tumor	TRUE
RCC-PR3-PTumor2_TGAGCATAGCCAGTAG-1	B	RCC-PR3	Tumor	TRUE
RCC-PR3-PTumor2_TGAGCCGTCCAGTATG-1	B	RCC-PR3	Tumor	TRUE
RCC-PR3-PTumor2_TGAGGGACACGCATCG-1	B	RCC-PR3	Tumor	FALSE
RCC-PR3-PTumor2_TGATTTCAGAAACGCC-1	B	RCC-PR3	Tumor	FALSE
RCC-PR3-PTumor2_TGCACCTTCCAAGCCG-1	B	RCC-PR3	Tumor	TRUE
RCC-PR3-PTumor2_TGCCAAAGTTAAAGAC-1	B	RCC-PR3	Tumor	TRUE
RCC-PR3-PTumor2_TGCCCATCATGTAAGA-1	B	RCC-PR3	Tumor	TRUE
RCC-PR3-PTumor2_TGCCCATTCCGCGCAA-1	B	RCC-PR3	Tumor	TRUE
RCC-PR3-PTumor2_TGCCCTAGTACTCAAC-1	B	RCC-PR3	Tumor	TRUE
RCC-PR3-PTumor2_TGCGCAGGTACGAAAT-1	B	RCC-PR3	Tumor	FALSE
RCC-PR3-PTumor2_TGCGGGTTCTTCCTTC-1	B	RCC-PR3	Tumor	FALSE
RCC-PR3-PTumor2_TGCGTGGCACGTCAGC-1	B	RCC-PR3	Tumor	FALSE
RCC-PR3-PTumor2_TGCGTGGGTGAGTGAC-1	B	RCC-PR3	Tumor	FALSE
RCC-PR3-PTumor2_TGCGTGGTCCTTTCGG-1	B	RCC-PR3	Tumor	FALSE
RCC-PR3-PTumor2_TGCTACCAGTGAAGAG-1	B	RCC-PR3	Tumor	FALSE
RCC-PR3-PTumor2_TGGACGCCAAGCGAGT-1	B	RCC-PR3	Tumor	TRUE
RCC-PR3-PTumor2_TGGACGCCACGAGGTA-1	B	RCC-PR3	Tumor	FALSE
RCC-PR3-PTumor2_TGGACGCGTAAATACG-1	B	RCC-PR3	Tumor	FALSE
RCC-PR3-PTumor2_TGGCCAGTCGTTTGCC-1	B	RCC-PR3	Tumor	TRUE
RCC-PR3-PTumor2_TGGCGCACAGCGTCCA-1	B	RCC-PR3	Tumor	TRUE
RCC-PR3-PTumor2_TGGCTGGAGGCGCTCT-1	B	RCC-PR3	Tumor	FALSE
RCC-PR3-PTumor2_TGGCTGGTCACCATAG-1	B	RCC-PR3	Tumor	FALSE
RCC-PR3-PTumor2_TGGGAAGCAATAACGA-1	B	RCC-PR3	Tumor	FALSE
RCC-PR3-PTumor2_TGGGAAGGTTAAGGGC-1	B	RCC-PR3	Tumor	TRUE
RCC-PR3-PTumor2_TGGTTAGCACAGACTT-1	B	RCC-PR3	Tumor	FALSE
RCC-PR3-PTumor2_TGTATTCAGCGTGAAC-1	B	RCC-PR3	Tumor	FALSE
RCC-PR3-PTumor2_TGTATTCTCCAAACTG-1	B	RCC-PR3	Tumor	FALSE
RCC-PR3-PTumor2_TGTCCCACAGGTCCAC-1	B	RCC-PR3	Tumor	FALSE
RCC-PR3-PTumor2_TGTCCCATCATTATCC-1	B	RCC-PR3	Tumor	FALSE
RCC-PR3-PTumor2_TGTGGTACAAAGTCAA-1	B	RCC-PR3	Tumor	FALSE
RCC-PR3-PTumor2_TGTGGTAGTCTCGTTC-1	B	RCC-PR3	Tumor	TRUE
RCC-PR3-PTumor2_TGTTCCGCACTGTCGG-1	B	RCC-PR3	Tumor	FALSE
RCC-PR3-PTumor2_TGTTCCGCAGCGTTCG-1	B	RCC-PR3	Tumor	TRUE
RCC-PR3-PTumor2_TGTTCCGGTGACCAAG-1	B	RCC-PR3	Tumor	FALSE
RCC-PR3-PTumor2_TTAACTCGTCGGGTCT-1	B	RCC-PR3	Tumor	FALSE
RCC-PR3-PTumor2_TTAGGCAAGCACAGGT-1	B	RCC-PR3	Tumor	FALSE
RCC-PR3-PTumor2_TTCGAAGGTACTTCTT-1	B	RCC-PR3	Tumor	TRUE
RCC-PR3-PTumor2_TTCGGTCAGAAACCAT-1	B	RCC-PR3	Tumor	TRUE
RCC-PR3-PTumor2_TTCTCCTAGAGACTTA-1	B	RCC-PR3	Tumor	TRUE
RCC-PR3-PTumor2_TTGAACGAGCGTGTCC-1	B	RCC-PR3	Tumor	FALSE
RCC-PR3-PTumor2_TTGAACGCACAGCCCA-1	B	RCC-PR3	Tumor	FALSE
RCC-PR3-PTumor2_TTGAACGGTCCGAGTC-1	B	RCC-PR3	Tumor	FALSE
RCC-PR3-PTumor2_TTGAACGTCAATCTCT-1	B	RCC-PR3	Tumor	FALSE
RCC-PR3-PTumor2_TTGAACGTCCTTGCCA-1	B	RCC-PR3	Tumor	TRUE
RCC-PR3-PTumor2_TTGAACGTCGATGAGG-1	B	RCC-PR3	Tumor	TRUE
RCC-PR3-PTumor2_TTGACTTGTGTCAATC-1	B	RCC-PR3	Tumor	FALSE
RCC-PR3-PTumor2_TTGCCGTAGGACACCA-1	B	RCC-PR3	Tumor	FALSE
RCC-PR3-PTumor2_TTGCCGTAGGATTCGG-1	B	RCC-PR3	Tumor	FALSE
RCC-PR3-PTumor2_TTGCCGTAGTGTCCAT-1	B	RCC-PR3	Tumor	FALSE
RCC-PR3-PTumor2_TTGGAACAGCCACGCT-1	B	RCC-PR3	Tumor	FALSE
RCC-PR3-PTumor2_TTGTAGGGTATTCTCT-1	B	RCC-PR3	Tumor	TRUE
RCC-PR3-PTumor2_TTTACTGAGTTATCGC-1	B	RCC-PR3	Tumor	TRUE
RCC-PR3-PTumor2_TTTACTGCAGTCCTTC-1	B	RCC-PR3	Tumor	TRUE
RCC-PR3-PTumor2_TTTATGCCAGCGTTCG-1	B	RCC-PR3	Tumor	FALSE
RCC-PR3-PTumor2_TTTGCGCAGATAGGAG-1	B	RCC-PR3	Tumor	TRUE
RCC-PR3-PTumor2_TTTGCGCCATCTGGTA-1	B	RCC-PR3	Tumor	TRUE
RCC-PR3-PTumor3_AAACCTGGTCGAATCT-1	B	RCC-PR3	Tumor	TRUE
RCC-PR3-PTumor3_AAACCTGGTGATGCCC-1	B	RCC-PR3	Tumor	FALSE
RCC-PR3-PTumor3_AAACGGGAGGTAGCCA-1	B	RCC-PR3	Tumor	FALSE
RCC-PR3-PTumor3_AAAGATGTCCGCAGTG-1	B	RCC-PR3	Tumor	FALSE
RCC-PR3-PTumor3_AAAGCAAAGCAGACTG-1	B	RCC-PR3	Tumor	FALSE
RCC-PR3-PTumor3_AAAGCAACACCCTATC-1	B	RCC-PR3	Tumor	TRUE
RCC-PR3-PTumor3_AAAGTAGTCACATACG-1	B	RCC-PR3	Tumor	TRUE
RCC-PR3-PTumor3_AAATGCCGTTGATTCG-1	B	RCC-PR3	Tumor	TRUE
RCC-PR3-PTumor3_AACACGTAGACATAAC-1	B	RCC-PR3	Tumor	FALSE
RCC-PR3-PTumor3_AACACGTAGGCGTACA-1	B	RCC-PR3	Tumor	TRUE
RCC-PR3-PTumor3_AACACGTGTCAACTGT-1	B	RCC-PR3	Tumor	TRUE
RCC-PR3-PTumor3_AACACGTGTCGAGTTT-1	B	RCC-PR3	Tumor	TRUE
RCC-PR3-PTumor3_AACCATGAGACCTAGG-1	B	RCC-PR3	Tumor	FALSE
RCC-PR3-PTumor3_AACCATGCACGGCTAC-1	B	RCC-PR3	Tumor	TRUE
RCC-PR3-PTumor3_AACCATGCAGCGAACA-1	B	RCC-PR3	Tumor	FALSE
RCC-PR3-PTumor3_AACCATGTCATAGCAC-1	B	RCC-PR3	Tumor	TRUE
RCC-PR3-PTumor3_AACCGCGCATGAACCT-1	B	RCC-PR3	Tumor	TRUE
RCC-PR3-PTumor3_AACCGCGGTCTTGTCC-1	B	RCC-PR3	Tumor	TRUE
RCC-PR3-PTumor3_AACTCAGCACACCGAC-1	B	RCC-PR3	Tumor	TRUE
RCC-PR3-PTumor3_AACTCTTAGTTGAGTA-1	B	RCC-PR3	Tumor	FALSE
RCC-PR3-PTumor3_AACTCTTCACCGCTAG-1	B	RCC-PR3	Tumor	FALSE
RCC-PR3-PTumor3_AACTGGTCAATAGCGG-1	B	RCC-PR3	Tumor	TRUE
RCC-PR3-PTumor3_AACTGGTGTACCGAGA-1	B	RCC-PR3	Tumor	TRUE
RCC-PR3-PTumor3_AACTGGTGTCCAACTA-1	B	RCC-PR3	Tumor	TRUE
RCC-PR3-PTumor3_AACTGGTGTCCCTACT-1	B	RCC-PR3	Tumor	TRUE
RCC-PR3-PTumor3_AACTGGTGTCGTGGCT-1	B	RCC-PR3	Tumor	FALSE
RCC-PR3-PTumor3_AACTTTCTCTGCCAGG-1	B	RCC-PR3	Tumor	TRUE
RCC-PR3-PTumor3_AAGACCTTCATTGCCC-1	B	RCC-PR3	Tumor	FALSE
RCC-PR3-PTumor3_AAGCCGCTCTGCTGCT-1	B	RCC-PR3	Tumor	FALSE
RCC-PR3-PTumor3_AAGGCAGAGAGCTGCA-1	B	RCC-PR3	Tumor	TRUE
RCC-PR3-PTumor3_AAGGCAGAGCTTATCG-1	B	RCC-PR3	Tumor	TRUE
RCC-PR3-PTumor3_AAGGTTCGTGTTCTTT-1	B	RCC-PR3	Tumor	TRUE
RCC-PR3-PTumor3_AAGTCTGAGCCAGGAT-1	B	RCC-PR3	Tumor	TRUE
RCC-PR3-PTumor3_AAGTCTGAGGGTCGAT-1	B	RCC-PR3	Tumor	TRUE
RCC-PR3-PTumor3_AAGTCTGCAATCGAAA-1	B	RCC-PR3	Tumor	FALSE
RCC-PR3-PTumor3_AAGTCTGCACATCCAA-1	B	RCC-PR3	Tumor	FALSE
RCC-PR3-PTumor3_AAGTCTGTCCGCATAA-1	B	RCC-PR3	Tumor	FALSE
RCC-PR3-PTumor3_AATCCAGCAAAGTGCG-1	B	RCC-PR3	Tumor	TRUE
RCC-PR3-PTumor3_AATCGGTCACGTCAGC-1	B	RCC-PR3	Tumor	FALSE
RCC-PR3-PTumor3_AATCGGTGTTCCCTTG-1	B	RCC-PR3	Tumor	TRUE
RCC-PR3-PTumor3_AATCGGTTCGCATGAT-1	B	RCC-PR3	Tumor	FALSE
RCC-PR3-PTumor3_AATCGGTTCTCTTGAT-1	B	RCC-PR3	Tumor	TRUE
RCC-PR3-PTumor3_ACACCAACATTTCACT-1	B	RCC-PR3	Tumor	TRUE
RCC-PR3-PTumor3_ACACCAAGTTACGGAG-1	B	RCC-PR3	Tumor	FALSE
RCC-PR3-PTumor3_ACACCCTAGACTAGGC-1	B	RCC-PR3	Tumor	TRUE
RCC-PR3-PTumor3_ACACCCTAGCACCGCT-1	B	RCC-PR3	Tumor	FALSE
RCC-PR3-PTumor3_ACACCCTAGGTAGCCA-1	B	RCC-PR3	Tumor	FALSE
RCC-PR3-PTumor3_ACACCCTAGTTGTAGA-1	B	RCC-PR3	Tumor	FALSE
RCC-PR3-PTumor3_ACACCCTCACAGGAGT-1	B	RCC-PR3	Tumor	FALSE
RCC-PR3-PTumor3_ACACCCTCACATGGGA-1	B	RCC-PR3	Tumor	TRUE
RCC-PR3-PTumor3_ACACCCTCAGGGTACA-1	B	RCC-PR3	Tumor	TRUE
RCC-PR3-PTumor3_ACAGCCGAGTATGACA-1	B	RCC-PR3	Tumor	FALSE
RCC-PR3-PTumor3_ACAGCCGCACCTATCC-1	B	RCC-PR3	Tumor	TRUE
RCC-PR3-PTumor3_ACAGCCGCACGGTTTA-1	B	RCC-PR3	Tumor	TRUE
RCC-PR3-PTumor3_ACAGCTAGTTCGGGCT-1	B	RCC-PR3	Tumor	TRUE
RCC-PR3-PTumor3_ACATACGGTGAAGGCT-1	B	RCC-PR3	Tumor	FALSE
RCC-PR3-PTumor3_ACATCAGAGCCAGTTT-1	B	RCC-PR3	Tumor	FALSE
RCC-PR3-PTumor3_ACATCAGCACAGAGGT-1	B	RCC-PR3	Tumor	TRUE
RCC-PR3-PTumor3_ACATCAGGTTACGACT-1	B	RCC-PR3	Tumor	FALSE
RCC-PR3-PTumor3_ACATCAGTCCGAAGAG-1	B	RCC-PR3	Tumor	FALSE
RCC-PR3-PTumor3_ACATCAGTCGCAAACT-1	B	RCC-PR3	Tumor	TRUE
RCC-PR3-PTumor3_ACATCAGTCTCTGCTG-1	B	RCC-PR3	Tumor	TRUE
RCC-PR3-PTumor3_ACATGGTGTAATCGTC-1	B	RCC-PR3	Tumor	TRUE
RCC-PR3-PTumor3_ACATGGTGTCAACTGT-1	B	RCC-PR3	Tumor	FALSE
RCC-PR3-PTumor3_ACATGGTTCTCCGGTT-1	B	RCC-PR3	Tumor	TRUE
RCC-PR3-PTumor3_ACCAGTATCAGGTAAA-1	B	RCC-PR3	Tumor	FALSE
RCC-PR3-PTumor3_ACCCACTAGGTAAACT-1	B	RCC-PR3	Tumor	FALSE
RCC-PR3-PTumor3_ACCCACTTCTGTTTGT-1	B	RCC-PR3	Tumor	TRUE
RCC-PR3-PTumor3_ACCGTAAGTGATAAAC-1	B	RCC-PR3	Tumor	TRUE
RCC-PR3-PTumor3_ACCTTTACACGAAACG-1	B	RCC-PR3	Tumor	FALSE
RCC-PR3-PTumor3_ACCTTTACAGCTGTTA-1	B	RCC-PR3	Tumor	FALSE
RCC-PR3-PTumor3_ACCTTTAGTCAAACTC-1	B	RCC-PR3	Tumor	TRUE
RCC-PR3-PTumor3_ACCTTTAGTCATCGGC-1	B	RCC-PR3	Tumor	FALSE
RCC-PR3-PTumor3_ACCTTTATCTGGGCCA-1	B	RCC-PR3	Tumor	FALSE
RCC-PR3-PTumor3_ACGAGCCAGGGTCTCC-1	B	RCC-PR3	Tumor	FALSE
RCC-PR3-PTumor3_ACGAGCCGTCTTCTCG-1	B	RCC-PR3	Tumor	TRUE
RCC-PR3-PTumor3_ACGAGGAAGCTAAGAT-1	B	RCC-PR3	Tumor	TRUE
RCC-PR3-PTumor3_ACGAGGACAAAGGTGC-1	B	RCC-PR3	Tumor	TRUE
RCC-PR3-PTumor3_ACGAGGAGTAGCTCCG-1	B	RCC-PR3	Tumor	FALSE
RCC-PR3-PTumor3_ACGATACAGCCCAACC-1	B	RCC-PR3	Tumor	FALSE
RCC-PR3-PTumor3_ACGATACCATGCCACG-1	B	RCC-PR3	Tumor	FALSE
RCC-PR3-PTumor3_ACGATGTCAAGCTGGA-1	B	RCC-PR3	Tumor	TRUE
RCC-PR3-PTumor3_ACGATGTCATCTACGA-1	B	RCC-PR3	Tumor	FALSE
RCC-PR3-PTumor3_ACGCAGCCAAACAACA-1	B	RCC-PR3	Tumor	TRUE
RCC-PR3-PTumor3_ACGCAGCCAGATTGCT-1	B	RCC-PR3	Tumor	FALSE
RCC-PR3-PTumor3_ACGCAGCCATGCTAGT-1	B	RCC-PR3	Tumor	TRUE
RCC-PR3-PTumor3_ACGCAGCCATGGTCAT-1	B	RCC-PR3	Tumor	FALSE
RCC-PR3-PTumor3_ACGCCAGAGGCTCTTA-1	B	RCC-PR3	Tumor	FALSE
RCC-PR3-PTumor3_ACGCCGACAAACAACA-1	B	RCC-PR3	Tumor	TRUE
RCC-PR3-PTumor3_ACGGAGACAAAGGAAG-1	B	RCC-PR3	Tumor	FALSE
RCC-PR3-PTumor3_ACGGAGACAAGAAGAG-1	B	RCC-PR3	Tumor	TRUE
RCC-PR3-PTumor3_ACGGAGACATTCACTT-1	B	RCC-PR3	Tumor	TRUE
RCC-PR3-PTumor3_ACGGCCAGTCTTCTCG-1	B	RCC-PR3	Tumor	TRUE
RCC-PR3-PTumor3_ACGGCCATCAGTACGT-1	B	RCC-PR3	Tumor	FALSE
RCC-PR3-PTumor3_ACGGGTCTCCCAAGAT-1	B	RCC-PR3	Tumor	FALSE
RCC-PR3-PTumor3_ACGTCAACAGACAAAT-1	B	RCC-PR3	Tumor	FALSE
RCC-PR3-PTumor3_ACGTCAAGTGAGGGTT-1	B	RCC-PR3	Tumor	FALSE
RCC-PR3-PTumor3_ACTATCTCAGTCTTCC-1	B	RCC-PR3	Tumor	FALSE
RCC-PR3-PTumor3_ACTATCTGTGCACTTA-1	B	RCC-PR3	Tumor	FALSE
RCC-PR3-PTumor3_ACTGAACTCCCAAGAT-1	B	RCC-PR3	Tumor	TRUE
RCC-PR3-PTumor3_ACTGAGTGTTCTCATT-1	B	RCC-PR3	Tumor	TRUE
RCC-PR3-PTumor3_ACTGATGAGGCCGAAT-1	B	RCC-PR3	Tumor	TRUE
RCC-PR3-PTumor3_ACTGATGCACGTGAGA-1	B	RCC-PR3	Tumor	TRUE
RCC-PR3-PTumor3_ACTGCTCAGTATTGGA-1	B	RCC-PR3	Tumor	TRUE
RCC-PR3-PTumor3_ACTGCTCCAAAGAATC-1	B	RCC-PR3	Tumor	TRUE
RCC-PR3-PTumor3_ACTGCTCCAATCCGAT-1	B	RCC-PR3	Tumor	TRUE
RCC-PR3-PTumor3_ACTGCTCGTAGCGATG-1	B	RCC-PR3	Tumor	FALSE
RCC-PR3-PTumor3_ACTGCTCTCTGCCCTA-1	B	RCC-PR3	Tumor	FALSE
RCC-PR3-PTumor3_ACTGTCCCAAGCTGGA-1	B	RCC-PR3	Tumor	TRUE
RCC-PR3-PTumor3_ACTGTCCCAGAGTGTG-1	B	RCC-PR3	Tumor	FALSE
RCC-PR3-PTumor3_ACTGTCCCATCTACGA-1	B	RCC-PR3	Tumor	TRUE
RCC-PR3-PTumor3_ACTGTCCGTCCGAACC-1	B	RCC-PR3	Tumor	FALSE
RCC-PR3-PTumor3_ACTTACTAGTTCGCGC-1	B	RCC-PR3	Tumor	FALSE
RCC-PR3-PTumor3_ACTTACTCACTAGTAC-1	B	RCC-PR3	Tumor	TRUE
RCC-PR3-PTumor3_ACTTACTTCGCCGTGA-1	B	RCC-PR3	Tumor	FALSE
RCC-PR3-PTumor3_ACTTGTTTCAACGAAA-1	B	RCC-PR3	Tumor	FALSE
RCC-PR3-PTumor3_ACTTTCACAGATAATG-1	B	RCC-PR3	Tumor	FALSE
RCC-PR3-PTumor3_ACTTTCACATTCTCAT-1	B	RCC-PR3	Tumor	TRUE
RCC-PR3-PTumor3_ACTTTCAGTTGCCTCT-1	B	RCC-PR3	Tumor	TRUE
RCC-PR3-PTumor3_AGACGTTAGGCATTGG-1	B	RCC-PR3	Tumor	TRUE
RCC-PR3-PTumor3_AGACGTTTCTTCGGTC-1	B	RCC-PR3	Tumor	FALSE
RCC-PR3-PTumor3_AGAGCTTGTCACTTCC-1	B	RCC-PR3	Tumor	TRUE
RCC-PR3-PTumor3_AGAGCTTGTCGCATAT-1	B	RCC-PR3	Tumor	FALSE
RCC-PR3-PTumor3_AGAGTGGAGCTCCTCT-1	B	RCC-PR3	Tumor	FALSE
RCC-PR3-PTumor3_AGAGTGGAGGTGCACA-1	B	RCC-PR3	Tumor	FALSE
RCC-PR3-PTumor3_AGAGTGGGTTATCGGT-1	B	RCC-PR3	Tumor	FALSE
RCC-PR3-PTumor3_AGATCTGGTCTGCAAT-1	B	RCC-PR3	Tumor	TRUE
RCC-PR3-PTumor3_AGATCTGTCAAACAAG-1	B	RCC-PR3	Tumor	TRUE
RCC-PR3-PTumor3_AGATCTGTCATGCTCC-1	B	RCC-PR3	Tumor	TRUE
RCC-PR3-PTumor3_AGATTGCCATTCCTGC-1	B	RCC-PR3	Tumor	FALSE
RCC-PR3-PTumor3_AGCAGCCAGACGACGT-1	B	RCC-PR3	Tumor	TRUE
RCC-PR3-PTumor3_AGCAGCCAGCCACGCT-1	B	RCC-PR3	Tumor	FALSE
RCC-PR3-PTumor3_AGCAGCCCAAGGTGTG-1	B	RCC-PR3	Tumor	TRUE
RCC-PR3-PTumor3_AGCAGCCGTCATTAGC-1	B	RCC-PR3	Tumor	TRUE
RCC-PR3-PTumor3_AGCATACAGGCCATAG-1	B	RCC-PR3	Tumor	FALSE
RCC-PR3-PTumor3_AGCATACAGTGTCCAT-1	B	RCC-PR3	Tumor	TRUE
RCC-PR3-PTumor3_AGCGGTCAGATATGGT-1	B	RCC-PR3	Tumor	FALSE
RCC-PR3-PTumor3_AGCGGTCCACAAGTAA-1	B	RCC-PR3	Tumor	FALSE
RCC-PR3-PTumor3_AGCGTATCATTGAGCT-1	B	RCC-PR3	Tumor	TRUE
RCC-PR3-PTumor3_AGCGTATGTGATGTCT-1	B	RCC-PR3	Tumor	TRUE
RCC-PR3-PTumor3_AGCGTATGTTCCAACA-1	B	RCC-PR3	Tumor	TRUE
RCC-PR3-PTumor3_AGCGTATTCGACGGAA-1	B	RCC-PR3	Tumor	FALSE
RCC-PR3-PTumor3_AGCTCCTCATACCATG-1	B	RCC-PR3	Tumor	TRUE
RCC-PR3-PTumor3_AGCTCCTGTCTGCCAG-1	B	RCC-PR3	Tumor	FALSE
RCC-PR3-PTumor3_AGCTCTCCATGGAATA-1	B	RCC-PR3	Tumor	TRUE
RCC-PR3-PTumor3_AGCTCTCGTAGCACGA-1	B	RCC-PR3	Tumor	FALSE
RCC-PR3-PTumor3_AGCTCTCTCTGCCAGG-1	B	RCC-PR3	Tumor	TRUE
RCC-PR3-PTumor3_AGCTTGAAGCCAGAAC-1	B	RCC-PR3	Tumor	FALSE
RCC-PR3-PTumor3_AGGCCACAGCCATCGC-1	B	RCC-PR3	Tumor	TRUE
RCC-PR3-PTumor3_AGGCCACTCAGGCGAA-1	B	RCC-PR3	Tumor	FALSE
RCC-PR3-PTumor3_AGGGAGTAGACAGACC-1	B	RCC-PR3	Tumor	FALSE
RCC-PR3-PTumor3_AGGGAGTAGCTGATAA-1	B	RCC-PR3	Tumor	FALSE
RCC-PR3-PTumor3_AGGGAGTGTATAAACG-1	B	RCC-PR3	Tumor	FALSE
RCC-PR3-PTumor3_AGGGAGTGTCGAACAG-1	B	RCC-PR3	Tumor	FALSE
RCC-PR3-PTumor3_AGGGATGAGGCTATCT-1	B	RCC-PR3	Tumor	TRUE
RCC-PR3-PTumor3_AGGGATGGTACTCTCC-1	B	RCC-PR3	Tumor	TRUE
RCC-PR3-PTumor3_AGGGTGAGTGATAAAC-1	B	RCC-PR3	Tumor	FALSE
RCC-PR3-PTumor3_AGGGTGATCAACCAAC-1	B	RCC-PR3	Tumor	TRUE
RCC-PR3-PTumor3_AGGGTGATCTGGTATG-1	B	RCC-PR3	Tumor	FALSE
RCC-PR3-PTumor3_AGGTCCGAGATGCGAC-1	B	RCC-PR3	Tumor	TRUE
RCC-PR3-PTumor3_AGGTCCGCACCAACCG-1	B	RCC-PR3	Tumor	FALSE
RCC-PR3-PTumor3_AGGTCCGGTAGCTCCG-1	B	RCC-PR3	Tumor	FALSE
RCC-PR3-PTumor3_AGGTCCGTCGGTCTAA-1	B	RCC-PR3	Tumor	FALSE
RCC-PR3-PTumor3_AGTAGTCGTCCAAGTT-1	B	RCC-PR3	Tumor	FALSE
RCC-PR3-PTumor3_AGTAGTCGTGGTGTAG-1	B	RCC-PR3	Tumor	TRUE
RCC-PR3-PTumor3_AGTAGTCTCCAGGGCT-1	B	RCC-PR3	Tumor	TRUE
RCC-PR3-PTumor3_AGTAGTCTCGGGAGTA-1	B	RCC-PR3	Tumor	TRUE
RCC-PR3-PTumor3_AGTCTTTGTTGCTCCT-1	B	RCC-PR3	Tumor	FALSE
RCC-PR3-PTumor3_AGTGAGGAGGAACTGC-1	B	RCC-PR3	Tumor	TRUE
RCC-PR3-PTumor3_AGTGAGGTCAACGCTA-1	B	RCC-PR3	Tumor	FALSE
RCC-PR3-PTumor3_AGTGAGGTCTGATTCT-1	B	RCC-PR3	Tumor	FALSE
RCC-PR3-PTumor3_AGTGGGACATACTACG-1	B	RCC-PR3	Tumor	FALSE
RCC-PR3-PTumor3_AGTGTCACATAGGATA-1	B	RCC-PR3	Tumor	FALSE
RCC-PR3-PTumor3_AGTGTCACATCCTAGA-1	B	RCC-PR3	Tumor	FALSE
RCC-PR3-PTumor3_AGTGTCAGTCGCTTCT-1	B	RCC-PR3	Tumor	FALSE
RCC-PR3-PTumor3_AGTGTCAGTGCATCTA-1	B	RCC-PR3	Tumor	TRUE
RCC-PR3-PTumor3_AGTGTCAGTTAAGGGC-1	B	RCC-PR3	Tumor	TRUE
RCC-PR3-PTumor3_AGTGTCATCAACCATG-1	B	RCC-PR3	Tumor	FALSE
RCC-PR3-PTumor3_AGTTGGTCACTTCTGC-1	B	RCC-PR3	Tumor	FALSE
RCC-PR3-PTumor3_AGTTGGTCAGTCGATT-1	B	RCC-PR3	Tumor	FALSE
RCC-PR3-PTumor3_AGTTGGTTCGATAGAA-1	B	RCC-PR3	Tumor	TRUE
RCC-PR3-PTumor3_ATAAGAGGTTCGAATC-1	B	RCC-PR3	Tumor	FALSE
RCC-PR3-PTumor3_ATAGACCGTAAGGATT-1	B	RCC-PR3	Tumor	FALSE
RCC-PR3-PTumor3_ATCATCTCACTTGGAT-1	B	RCC-PR3	Tumor	FALSE
RCC-PR3-PTumor3_ATCATCTTCTTAGAGC-1	B	RCC-PR3	Tumor	FALSE
RCC-PR3-PTumor3_ATCCACCCAACTGCTA-1	B	RCC-PR3	Tumor	FALSE
RCC-PR3-PTumor3_ATCCACCCATATGGTC-1	B	RCC-PR3	Tumor	TRUE
RCC-PR3-PTumor3_ATCCACCGTTACGACT-1	B	RCC-PR3	Tumor	TRUE
RCC-PR3-PTumor3_ATCCACCTCGAATCCA-1	B	RCC-PR3	Tumor	FALSE
RCC-PR3-PTumor3_ATCCGAAAGGGCACTA-1	B	RCC-PR3	Tumor	FALSE
RCC-PR3-PTumor3_ATCCGAAGTGGTAACG-1	B	RCC-PR3	Tumor	TRUE
RCC-PR3-PTumor3_ATCGAGTCACCAGATT-1	B	RCC-PR3	Tumor	TRUE
RCC-PR3-PTumor3_ATCGAGTGTCCTAGCG-1	B	RCC-PR3	Tumor	FALSE
RCC-PR3-PTumor3_ATCGAGTTCGAATCCA-1	B	RCC-PR3	Tumor	FALSE
RCC-PR3-PTumor3_ATCTACTAGGCTAGAC-1	B	RCC-PR3	Tumor	TRUE
RCC-PR3-PTumor3_ATCTACTCAAGTCTGT-1	B	RCC-PR3	Tumor	TRUE
RCC-PR3-PTumor3_ATCTACTGTCATATGC-1	B	RCC-PR3	Tumor	TRUE
RCC-PR3-PTumor3_ATCTACTGTTACCAGT-1	B	RCC-PR3	Tumor	FALSE
RCC-PR3-PTumor3_ATCTGCCCATTCTCAT-1	B	RCC-PR3	Tumor	TRUE
RCC-PR3-PTumor3_ATCTGCCGTAGAGTGC-1	B	RCC-PR3	Tumor	TRUE
RCC-PR3-PTumor3_ATGAGGGAGTCCGTAT-1	B	RCC-PR3	Tumor	TRUE
RCC-PR3-PTumor3_ATGAGGGTCATTGCCC-1	B	RCC-PR3	Tumor	FALSE
RCC-PR3-PTumor3_ATGCGATCACAACGTT-1	B	RCC-PR3	Tumor	FALSE
RCC-PR3-PTumor3_ATGCGATCACGACGAA-1	B	RCC-PR3	Tumor	TRUE
RCC-PR3-PTumor3_ATGCGATGTAAGAGGA-1	B	RCC-PR3	Tumor	TRUE
RCC-PR3-PTumor3_ATGCGATTCAAAGACA-1	B	RCC-PR3	Tumor	TRUE
RCC-PR3-PTumor3_ATGGGAGAGTCAAGGC-1	B	RCC-PR3	Tumor	FALSE
RCC-PR3-PTumor3_ATGGGAGGTTCGGCAC-1	B	RCC-PR3	Tumor	TRUE
RCC-PR3-PTumor3_ATGGGAGTCATCACCC-1	B	RCC-PR3	Tumor	TRUE
RCC-PR3-PTumor3_ATGTGTGCAGGATTGG-1	B	RCC-PR3	Tumor	TRUE
RCC-PR3-PTumor3_ATTACTCCAAAGGTGC-1	B	RCC-PR3	Tumor	FALSE
RCC-PR3-PTumor3_ATTACTCGTGCCTTGG-1	B	RCC-PR3	Tumor	FALSE
RCC-PR3-PTumor3_ATTACTCTCCGCAGTG-1	B	RCC-PR3	Tumor	FALSE
RCC-PR3-PTumor3_ATTACTCTCGTAGGAG-1	B	RCC-PR3	Tumor	FALSE
RCC-PR3-PTumor3_ATTATCCTCTATCCCG-1	B	RCC-PR3	Tumor	FALSE
RCC-PR3-PTumor3_ATTCTACAGCTGTCTA-1	B	RCC-PR3	Tumor	FALSE
RCC-PR3-PTumor3_ATTCTACTCCATTCTA-1	B	RCC-PR3	Tumor	FALSE
RCC-PR3-PTumor3_ATTGGACAGTACGCCC-1	B	RCC-PR3	Tumor	TRUE
RCC-PR3-PTumor3_ATTGGACTCAGCTGGC-1	B	RCC-PR3	Tumor	FALSE
RCC-PR3-PTumor3_ATTGGACTCTGTTGAG-1	B	RCC-PR3	Tumor	FALSE
RCC-PR3-PTumor3_ATTGGTGAGAGTCGGT-1	B	RCC-PR3	Tumor	TRUE
RCC-PR3-PTumor3_ATTGGTGCATAGACTC-1	B	RCC-PR3	Tumor	TRUE
RCC-PR3-PTumor3_ATTGGTGGTACCAGTT-1	B	RCC-PR3	Tumor	FALSE
RCC-PR3-PTumor3_ATTGGTGTCAGCTGGC-1	B	RCC-PR3	Tumor	TRUE
RCC-PR3-PTumor3_ATTGGTGTCGCCTGTT-1	B	RCC-PR3	Tumor	TRUE
RCC-PR3-PTumor3_ATTTCTGGTAATCGTC-1	B	RCC-PR3	Tumor	FALSE
RCC-PR3-PTumor3_ATTTCTGTCCACGACG-1	B	RCC-PR3	Tumor	TRUE
RCC-PR3-PTumor3_CAACCAAAGACTACAA-1	B	RCC-PR3	Tumor	FALSE
RCC-PR3-PTumor3_CAACCAATCGCATGAT-1	B	RCC-PR3	Tumor	TRUE
RCC-PR3-PTumor3_CAAGAAAAGGAGCGTT-1	B	RCC-PR3	Tumor	TRUE
RCC-PR3-PTumor3_CAAGTTGTCTGATTCT-1	B	RCC-PR3	Tumor	TRUE
RCC-PR3-PTumor3_CACAAACAGGGTCTCC-1	B	RCC-PR3	Tumor	TRUE
RCC-PR3-PTumor3_CACAAACGTTTCGCTC-1	B	RCC-PR3	Tumor	TRUE
RCC-PR3-PTumor3_CACACAACAAGTTGTC-1	B	RCC-PR3	Tumor	FALSE
RCC-PR3-PTumor3_CACACCTAGTGGCACA-1	B	RCC-PR3	Tumor	FALSE
RCC-PR3-PTumor3_CACACCTCAAGCTGGA-1	B	RCC-PR3	Tumor	FALSE
RCC-PR3-PTumor3_CACACCTGTTGTCTTT-1	B	RCC-PR3	Tumor	TRUE
RCC-PR3-PTumor3_CACACCTTCGGCGCAT-1	B	RCC-PR3	Tumor	FALSE
RCC-PR3-PTumor3_CACACCTTCGGTTCGG-1	B	RCC-PR3	Tumor	TRUE
RCC-PR3-PTumor3_CACACTCAGCGCCTTG-1	B	RCC-PR3	Tumor	FALSE
RCC-PR3-PTumor3_CACAGGCAGACAGGCT-1	B	RCC-PR3	Tumor	FALSE
RCC-PR3-PTumor3_CACAGGCCAAGCGTAG-1	B	RCC-PR3	Tumor	FALSE
RCC-PR3-PTumor3_CACAGGCGTGTTAAGA-1	B	RCC-PR3	Tumor	FALSE
RCC-PR3-PTumor3_CACAGTAAGGCTACGA-1	B	RCC-PR3	Tumor	TRUE
RCC-PR3-PTumor3_CACAGTACACGACGAA-1	B	RCC-PR3	Tumor	FALSE
RCC-PR3-PTumor3_CACATAGAGCTAGCCC-1	B	RCC-PR3	Tumor	FALSE
RCC-PR3-PTumor3_CACATTTCACTCAGGC-1	B	RCC-PR3	Tumor	TRUE
RCC-PR3-PTumor3_CACATTTGTAGAGCTG-1	B	RCC-PR3	Tumor	FALSE
RCC-PR3-PTumor3_CACATTTGTCGGCATC-1	B	RCC-PR3	Tumor	FALSE
RCC-PR3-PTumor3_CACCACTCACGAGGTA-1	B	RCC-PR3	Tumor	FALSE
RCC-PR3-PTumor3_CACCACTTCTTTACGT-1	B	RCC-PR3	Tumor	TRUE
RCC-PR3-PTumor3_CACCAGGCAAAGGAAG-1	B	RCC-PR3	Tumor	TRUE
RCC-PR3-PTumor3_CACTCCAAGTATCGAA-1	B	RCC-PR3	Tumor	FALSE
RCC-PR3-PTumor3_CAGAATCAGTCCGGTC-1	B	RCC-PR3	Tumor	FALSE
RCC-PR3-PTumor3_CAGAATCGTTCTGAAC-1	B	RCC-PR3	Tumor	FALSE
RCC-PR3-PTumor3_CAGAATCTCACCTTAT-1	B	RCC-PR3	Tumor	TRUE
RCC-PR3-PTumor3_CAGAGAGCACACCGCA-1	B	RCC-PR3	Tumor	TRUE
RCC-PR3-PTumor3_CAGATCAAGTTGTAGA-1	B	RCC-PR3	Tumor	TRUE
RCC-PR3-PTumor3_CAGATCAGTCTAGGTT-1	B	RCC-PR3	Tumor	FALSE
RCC-PR3-PTumor3_CAGATCATCAATAAGG-1	B	RCC-PR3	Tumor	FALSE
RCC-PR3-PTumor3_CAGCAGCAGTTATCGC-1	B	RCC-PR3	Tumor	FALSE
RCC-PR3-PTumor3_CAGCAGCCAGCCTATA-1	B	RCC-PR3	Tumor	TRUE
RCC-PR3-PTumor3_CAGCAGCGTGTCGCTG-1	B	RCC-PR3	Tumor	FALSE
RCC-PR3-PTumor3_CAGCAGCTCTACGAGT-1	B	RCC-PR3	Tumor	TRUE
RCC-PR3-PTumor3_CAGCATATCCACGAAT-1	B	RCC-PR3	Tumor	TRUE
RCC-PR3-PTumor3_CAGCATATCGCACTCT-1	B	RCC-PR3	Tumor	TRUE
RCC-PR3-PTumor3_CAGCGACCAGTTAACC-1	B	RCC-PR3	Tumor	TRUE
RCC-PR3-PTumor3_CAGCGACGTAAACCTC-1	B	RCC-PR3	Tumor	FALSE
RCC-PR3-PTumor3_CAGCTAAAGTCACGCC-1	B	RCC-PR3	Tumor	TRUE
RCC-PR3-PTumor3_CAGCTAACACGGACAA-1	B	RCC-PR3	Tumor	TRUE
RCC-PR3-PTumor3_CAGCTAATCACCGTAA-1	B	RCC-PR3	Tumor	TRUE
RCC-PR3-PTumor3_CAGCTGGCACCGGAAA-1	B	RCC-PR3	Tumor	TRUE
RCC-PR3-PTumor3_CAGCTGGCAGACAAGC-1	B	RCC-PR3	Tumor	FALSE
RCC-PR3-PTumor3_CAGCTGGCATCCGCGA-1	B	RCC-PR3	Tumor	FALSE
RCC-PR3-PTumor3_CAGCTGGTCACATAGC-1	B	RCC-PR3	Tumor	TRUE
RCC-PR3-PTumor3_CAGGTGCTCCTATTCA-1	B	RCC-PR3	Tumor	FALSE
RCC-PR3-PTumor3_CAGTAACCACAACTGT-1	B	RCC-PR3	Tumor	FALSE
RCC-PR3-PTumor3_CAGTCCTAGTCTTGCA-1	B	RCC-PR3	Tumor	FALSE
RCC-PR3-PTumor3_CATATGGAGATCTGAA-1	B	RCC-PR3	Tumor	FALSE
RCC-PR3-PTumor3_CATATGGCATTCTCAT-1	B	RCC-PR3	Tumor	FALSE
RCC-PR3-PTumor3_CATATTCTCCAAGCCG-1	B	RCC-PR3	Tumor	FALSE
RCC-PR3-PTumor3_CATATTCTCTTTACGT-1	B	RCC-PR3	Tumor	TRUE
RCC-PR3-PTumor3_CATCAAGAGTCATCCA-1	B	RCC-PR3	Tumor	FALSE
RCC-PR3-PTumor3_CATCAAGGTTCTCATT-1	B	RCC-PR3	Tumor	FALSE
RCC-PR3-PTumor3_CATCAGATCACTGGGC-1	B	RCC-PR3	Tumor	FALSE
RCC-PR3-PTumor3_CATCAGATCCGCAAGC-1	B	RCC-PR3	Tumor	TRUE
RCC-PR3-PTumor3_CATCCACAGATGGGTC-1	B	RCC-PR3	Tumor	FALSE
RCC-PR3-PTumor3_CATCCACCACCTCGTT-1	B	RCC-PR3	Tumor	FALSE
RCC-PR3-PTumor3_CATCGAAAGCATGGCA-1	B	RCC-PR3	Tumor	FALSE
RCC-PR3-PTumor3_CATCGGGAGAGATGAG-1	B	RCC-PR3	Tumor	FALSE
RCC-PR3-PTumor3_CATCGGGCAAGAGTCG-1	B	RCC-PR3	Tumor	TRUE
RCC-PR3-PTumor3_CATCGGGGTTAAGACA-1	B	RCC-PR3	Tumor	FALSE
RCC-PR3-PTumor3_CATCGGGTCACTTACT-1	B	RCC-PR3	Tumor	TRUE
RCC-PR3-PTumor3_CATGACACAGGTGGAT-1	B	RCC-PR3	Tumor	TRUE
RCC-PR3-PTumor3_CATGACAGTGCTTCTC-1	B	RCC-PR3	Tumor	FALSE
RCC-PR3-PTumor3_CATGACATCTTATCTG-1	B	RCC-PR3	Tumor	FALSE
RCC-PR3-PTumor3_CATGGCGCAGCCACCA-1	B	RCC-PR3	Tumor	FALSE
RCC-PR3-PTumor3_CATGGCGTCTTGTCAT-1	B	RCC-PR3	Tumor	FALSE
RCC-PR3-PTumor3_CATTATCAGCGATAGC-1	B	RCC-PR3	Tumor	FALSE
RCC-PR3-PTumor3_CATTATCTCTTGAGAC-1	B	RCC-PR3	Tumor	TRUE
RCC-PR3-PTumor3_CATTCGCAGGCTAGGT-1	B	RCC-PR3	Tumor	FALSE
RCC-PR3-PTumor3_CATTCGCCAGGGTATG-1	B	RCC-PR3	Tumor	TRUE
RCC-PR3-PTumor3_CATTCGCTCCATGAGT-1	B	RCC-PR3	Tumor	FALSE
RCC-PR3-PTumor3_CCAATCCAGGTGACCA-1	B	RCC-PR3	Tumor	FALSE
RCC-PR3-PTumor3_CCAATCCGTCCATGAT-1	B	RCC-PR3	Tumor	TRUE
RCC-PR3-PTumor3_CCAATCCGTCCCGACA-1	B	RCC-PR3	Tumor	TRUE
RCC-PR3-PTumor3_CCAATCCGTTGTGGCC-1	B	RCC-PR3	Tumor	FALSE
RCC-PR3-PTumor3_CCACCTACAGGCTGAA-1	B	RCC-PR3	Tumor	FALSE
RCC-PR3-PTumor3_CCACTACCATACAGCT-1	B	RCC-PR3	Tumor	FALSE
RCC-PR3-PTumor3_CCAGCGAGTCATATCG-1	B	RCC-PR3	Tumor	TRUE
RCC-PR3-PTumor3_CCATGTCCAGACAAGC-1	B	RCC-PR3	Tumor	TRUE
RCC-PR3-PTumor3_CCATTCGTCGGCGGTT-1	B	RCC-PR3	Tumor	FALSE
RCC-PR3-PTumor3_CCCAATCGTCTGATCA-1	B	RCC-PR3	Tumor	TRUE
RCC-PR3-PTumor3_CCCAATCTCATTTGGG-1	B	RCC-PR3	Tumor	TRUE
RCC-PR3-PTumor3_CCCAGTTAGACATAAC-1	B	RCC-PR3	Tumor	FALSE
RCC-PR3-PTumor3_CCCAGTTAGCTCTCGG-1	B	RCC-PR3	Tumor	FALSE
RCC-PR3-PTumor3_CCCAGTTTCCGCGTTT-1	B	RCC-PR3	Tumor	FALSE
RCC-PR3-PTumor3_CCCATACCAAGGTGTG-1	B	RCC-PR3	Tumor	TRUE
RCC-PR3-PTumor3_CCCATACCATGCTGGC-1	B	RCC-PR3	Tumor	TRUE
RCC-PR3-PTumor3_CCCTCCTAGCCTATGT-1	B	RCC-PR3	Tumor	TRUE
RCC-PR3-PTumor3_CCCTCCTCAGGACCCT-1	B	RCC-PR3	Tumor	TRUE
RCC-PR3-PTumor3_CCCTCCTTCTACCTGC-1	B	RCC-PR3	Tumor	FALSE
RCC-PR3-PTumor3_CCGGGATCACGAAAGC-1	B	RCC-PR3	Tumor	FALSE
RCC-PR3-PTumor3_CCGGGATGTCAAACTC-1	B	RCC-PR3	Tumor	FALSE
RCC-PR3-PTumor3_CCGTACTCATGTAAGA-1	B	RCC-PR3	Tumor	TRUE
RCC-PR3-PTumor3_CCGTACTGTTGGTGGA-1	B	RCC-PR3	Tumor	TRUE
RCC-PR3-PTumor3_CCGTACTTCTTTACGT-1	B	RCC-PR3	Tumor	TRUE
RCC-PR3-PTumor3_CCGTTCAGTCGGGTCT-1	B	RCC-PR3	Tumor	TRUE
RCC-PR3-PTumor3_CCTAAAGCAATAGCAA-1	B	RCC-PR3	Tumor	TRUE
RCC-PR3-PTumor3_CCTACACAGTGAATTG-1	B	RCC-PR3	Tumor	FALSE
RCC-PR3-PTumor3_CCTACACCATGAGCGA-1	B	RCC-PR3	Tumor	TRUE
RCC-PR3-PTumor3_CCTACCAGTGAGGCTA-1	B	RCC-PR3	Tumor	FALSE
RCC-PR3-PTumor3_CCTCAGTAGATCGGGT-1	B	RCC-PR3	Tumor	TRUE
RCC-PR3-PTumor3_CCTCTGAAGTGTACCT-1	B	RCC-PR3	Tumor	TRUE
RCC-PR3-PTumor3_CCTTCGAGTCAATGTC-1	B	RCC-PR3	Tumor	FALSE
RCC-PR3-PTumor3_CCTTCGAGTTACGGAG-1	B	RCC-PR3	Tumor	FALSE
RCC-PR3-PTumor3_CCTTCGATCACCACCT-1	B	RCC-PR3	Tumor	FALSE
RCC-PR3-PTumor3_CCTTCGATCGGATGGA-1	B	RCC-PR3	Tumor	FALSE
RCC-PR3-PTumor3_CCTTTCTCAACTGGCC-1	B	RCC-PR3	Tumor	FALSE
RCC-PR3-PTumor3_CCTTTCTGTGTTCTTT-1	B	RCC-PR3	Tumor	FALSE
RCC-PR3-PTumor3_CCTTTCTTCATGTAGC-1	B	RCC-PR3	Tumor	TRUE
RCC-PR3-PTumor3_CGAACATCAATAGCGG-1	B	RCC-PR3	Tumor	TRUE
RCC-PR3-PTumor3_CGAACATCAATTGCTG-1	B	RCC-PR3	Tumor	FALSE
RCC-PR3-PTumor3_CGAACATTCGCATGAT-1	B	RCC-PR3	Tumor	TRUE
RCC-PR3-PTumor3_CGAATGTAGACCTAGG-1	B	RCC-PR3	Tumor	TRUE
RCC-PR3-PTumor3_CGAATGTTCCAGTAGT-1	B	RCC-PR3	Tumor	FALSE
RCC-PR3-PTumor3_CGACCTTAGACAGACC-1	B	RCC-PR3	Tumor	FALSE
RCC-PR3-PTumor3_CGACCTTAGAGATGAG-1	B	RCC-PR3	Tumor	TRUE
RCC-PR3-PTumor3_CGACTTCAGTTAGCGG-1	B	RCC-PR3	Tumor	TRUE
RCC-PR3-PTumor3_CGACTTCCAGTCGTGC-1	B	RCC-PR3	Tumor	TRUE
RCC-PR3-PTumor3_CGACTTCCATGGAATA-1	B	RCC-PR3	Tumor	TRUE
RCC-PR3-PTumor3_CGACTTCGTAAGTAGT-1	B	RCC-PR3	Tumor	TRUE
RCC-PR3-PTumor3_CGAGAAGAGAATCTCC-1	B	RCC-PR3	Tumor	FALSE
RCC-PR3-PTumor3_CGAGAAGAGCACCGTC-1	B	RCC-PR3	Tumor	FALSE
RCC-PR3-PTumor3_CGAGCACCACCTCGTT-1	B	RCC-PR3	Tumor	TRUE
RCC-PR3-PTumor3_CGAGCCAAGCTAGTCT-1	B	RCC-PR3	Tumor	TRUE
RCC-PR3-PTumor3_CGAGCCAAGTAATCCC-1	B	RCC-PR3	Tumor	TRUE
RCC-PR3-PTumor3_CGAGCCACACACGCTG-1	B	RCC-PR3	Tumor	FALSE
RCC-PR3-PTumor3_CGAGCCAGTCGAGATG-1	B	RCC-PR3	Tumor	TRUE
RCC-PR3-PTumor3_CGATGGCTCGTGGTCG-1	B	RCC-PR3	Tumor	TRUE
RCC-PR3-PTumor3_CGATGTAAGAACTGTA-1	B	RCC-PR3	Tumor	TRUE
RCC-PR3-PTumor3_CGATTGACACTGTGTA-1	B	RCC-PR3	Tumor	FALSE
RCC-PR3-PTumor3_CGATTGACATACGCCG-1	B	RCC-PR3	Tumor	FALSE
RCC-PR3-PTumor3_CGATTGAGTTGCTCCT-1	B	RCC-PR3	Tumor	FALSE
RCC-PR3-PTumor3_CGCCAAGAGCTTCGCG-1	B	RCC-PR3	Tumor	FALSE
RCC-PR3-PTumor3_CGCCAAGAGTCAATAG-1	B	RCC-PR3	Tumor	FALSE
RCC-PR3-PTumor3_CGCCAAGCAAGTCTGT-1	B	RCC-PR3	Tumor	TRUE
RCC-PR3-PTumor3_CGCGGTAAGGTTCCTA-1	B	RCC-PR3	Tumor	FALSE
RCC-PR3-PTumor3_CGCGGTATCAGCACAT-1	B	RCC-PR3	Tumor	TRUE
RCC-PR3-PTumor3_CGCGGTATCGGTTAAC-1	B	RCC-PR3	Tumor	FALSE
RCC-PR3-PTumor3_CGCGTTTGTCTTCGTC-1	B	RCC-PR3	Tumor	TRUE
RCC-PR3-PTumor3_CGCGTTTTCTTGACGA-1	B	RCC-PR3	Tumor	FALSE
RCC-PR3-PTumor3_CGCTATCAGGGCACTA-1	B	RCC-PR3	Tumor	TRUE
RCC-PR3-PTumor3_CGCTATCCAGATCCAT-1	B	RCC-PR3	Tumor	FALSE
RCC-PR3-PTumor3_CGCTATCGTTTGACTG-1	B	RCC-PR3	Tumor	FALSE
RCC-PR3-PTumor3_CGCTATCTCCAGTATG-1	B	RCC-PR3	Tumor	FALSE
RCC-PR3-PTumor3_CGCTGGAGTGTGGCTC-1	B	RCC-PR3	Tumor	TRUE
RCC-PR3-PTumor3_CGCTTCAAGACCGGAT-1	B	RCC-PR3	Tumor	TRUE
RCC-PR3-PTumor3_CGCTTCAGTGTTGGGA-1	B	RCC-PR3	Tumor	FALSE
RCC-PR3-PTumor3_CGGACGTCACGGTAGA-1	B	RCC-PR3	Tumor	FALSE
RCC-PR3-PTumor3_CGGACTGAGGGTCGAT-1	B	RCC-PR3	Tumor	TRUE
RCC-PR3-PTumor3_CGGCTAGAGCTACCTA-1	B	RCC-PR3	Tumor	TRUE
RCC-PR3-PTumor3_CGGGTCACAAACGCGA-1	B	RCC-PR3	Tumor	FALSE
RCC-PR3-PTumor3_CGGTTAAAGTTGTCGT-1	B	RCC-PR3	Tumor	FALSE
RCC-PR3-PTumor3_CGGTTAATCCACTGGG-1	B	RCC-PR3	Tumor	TRUE
RCC-PR3-PTumor3_CGTAGCGAGAGCTGGT-1	B	RCC-PR3	Tumor	TRUE
RCC-PR3-PTumor3_CGTAGCGTCTGTCTAT-1	B	RCC-PR3	Tumor	FALSE
RCC-PR3-PTumor3_CGTAGGCAGCTAGTTC-1	B	RCC-PR3	Tumor	FALSE
RCC-PR3-PTumor3_CGTAGGCTCAACTCTT-1	B	RCC-PR3	Tumor	TRUE
RCC-PR3-PTumor3_CGTCACTAGAATGTGT-1	B	RCC-PR3	Tumor	FALSE
RCC-PR3-PTumor3_CGTCACTCAAGTCATC-1	B	RCC-PR3	Tumor	FALSE
RCC-PR3-PTumor3_CGTCAGGAGAGGTTAT-1	B	RCC-PR3	Tumor	FALSE
RCC-PR3-PTumor3_CGTCAGGGTGCATCTA-1	B	RCC-PR3	Tumor	TRUE
RCC-PR3-PTumor3_CGTCCATAGATCTGAA-1	B	RCC-PR3	Tumor	FALSE
RCC-PR3-PTumor3_CGTCCATAGCTAACTC-1	B	RCC-PR3	Tumor	FALSE
RCC-PR3-PTumor3_CGTCCATAGTCAAGCG-1	B	RCC-PR3	Tumor	FALSE
RCC-PR3-PTumor3_CGTCTACAGCCAGAAC-1	B	RCC-PR3	Tumor	FALSE
RCC-PR3-PTumor3_CGTCTACCATATGAGA-1	B	RCC-PR3	Tumor	FALSE
RCC-PR3-PTumor3_CGTCTACTCACCGTAA-1	B	RCC-PR3	Tumor	TRUE
RCC-PR3-PTumor3_CGTGTAAAGTTCGATC-1	B	RCC-PR3	Tumor	TRUE
RCC-PR3-PTumor3_CGTGTCTAGCCAGTAG-1	B	RCC-PR3	Tumor	TRUE
RCC-PR3-PTumor3_CGTGTCTTCCTCAACC-1	B	RCC-PR3	Tumor	FALSE
RCC-PR3-PTumor3_CGTTAGAAGAGCCTAG-1	B	RCC-PR3	Tumor	FALSE
RCC-PR3-PTumor3_CGTTAGAGTAGCTTGT-1	B	RCC-PR3	Tumor	TRUE
RCC-PR3-PTumor3_CGTTCTGAGACAGAGA-1	B	RCC-PR3	Tumor	TRUE
RCC-PR3-PTumor3_CGTTCTGGTAGCGTAG-1	B	RCC-PR3	Tumor	TRUE
RCC-PR3-PTumor3_CGTTGGGAGGCCATAG-1	B	RCC-PR3	Tumor	TRUE
RCC-PR3-PTumor3_CGTTGGGCACCCAGTG-1	B	RCC-PR3	Tumor	FALSE
RCC-PR3-PTumor3_CGTTGGGTCGGCCGAT-1	B	RCC-PR3	Tumor	TRUE
RCC-PR3-PTumor3_CTAACTTCACCGAAAG-1	B	RCC-PR3	Tumor	FALSE
RCC-PR3-PTumor3_CTAAGACCAAGTTAAG-1	B	RCC-PR3	Tumor	TRUE
RCC-PR3-PTumor3_CTAAGACCACGCCAGT-1	B	RCC-PR3	Tumor	TRUE
RCC-PR3-PTumor3_CTAATGGAGACCTAGG-1	B	RCC-PR3	Tumor	TRUE
RCC-PR3-PTumor3_CTAATGGCATCCGGGT-1	B	RCC-PR3	Tumor	TRUE
RCC-PR3-PTumor3_CTAATGGGTAATAGCA-1	B	RCC-PR3	Tumor	FALSE
RCC-PR3-PTumor3_CTACACCCACTGTTAG-1	B	RCC-PR3	Tumor	TRUE
RCC-PR3-PTumor3_CTACATTAGGCGCTCT-1	B	RCC-PR3	Tumor	TRUE
RCC-PR3-PTumor3_CTACATTTCAACCAAC-1	B	RCC-PR3	Tumor	FALSE
RCC-PR3-PTumor3_CTACCCACATGTCGAT-1	B	RCC-PR3	Tumor	TRUE
RCC-PR3-PTumor3_CTACCCATCCCTAACC-1	B	RCC-PR3	Tumor	FALSE
RCC-PR3-PTumor3_CTACGTCAGCCGATTT-1	B	RCC-PR3	Tumor	FALSE
RCC-PR3-PTumor3_CTAGAGTGTAGCGCAA-1	B	RCC-PR3	Tumor	TRUE
RCC-PR3-PTumor3_CTAGAGTGTCCGAACC-1	B	RCC-PR3	Tumor	FALSE
RCC-PR3-PTumor3_CTAGCCTAGCCAGTAG-1	B	RCC-PR3	Tumor	FALSE
RCC-PR3-PTumor3_CTAGTGACATGTCCTC-1	B	RCC-PR3	Tumor	FALSE
RCC-PR3-PTumor3_CTAGTGATCATGCTCC-1	B	RCC-PR3	Tumor	FALSE
RCC-PR3-PTumor3_CTCACACGTGTAACGG-1	B	RCC-PR3	Tumor	FALSE
RCC-PR3-PTumor3_CTCACACGTTTGGCGC-1	B	RCC-PR3	Tumor	FALSE
RCC-PR3-PTumor3_CTCAGAAAGACTAAGT-1	B	RCC-PR3	Tumor	TRUE
RCC-PR3-PTumor3_CTCAGAATCTCTAGGA-1	B	RCC-PR3	Tumor	TRUE
RCC-PR3-PTumor3_CTCAGAATCTTGAGGT-1	B	RCC-PR3	Tumor	TRUE
RCC-PR3-PTumor3_CTCATTAAGGCACATG-1	B	RCC-PR3	Tumor	FALSE
RCC-PR3-PTumor3_CTCATTAAGGTGCAAC-1	B	RCC-PR3	Tumor	FALSE
RCC-PR3-PTumor3_CTCATTAAGTCATCCA-1	B	RCC-PR3	Tumor	TRUE
RCC-PR3-PTumor3_CTCATTACACTATCTT-1	B	RCC-PR3	Tumor	FALSE
RCC-PR3-PTumor3_CTCATTAGTAGAGTGC-1	B	RCC-PR3	Tumor	TRUE
RCC-PR3-PTumor3_CTCATTATCCGAATGT-1	B	RCC-PR3	Tumor	FALSE
RCC-PR3-PTumor3_CTCCTAGAGGTGCACA-1	B	RCC-PR3	Tumor	TRUE
RCC-PR3-PTumor3_CTCGAAACACAGACAG-1	B	RCC-PR3	Tumor	FALSE
RCC-PR3-PTumor3_CTCGAGGCAGGCGATA-1	B	RCC-PR3	Tumor	TRUE
RCC-PR3-PTumor3_CTCGAGGCATCATCCC-1	B	RCC-PR3	Tumor	TRUE
RCC-PR3-PTumor3_CTCGAGGGTGTTCGAT-1	B	RCC-PR3	Tumor	FALSE
RCC-PR3-PTumor3_CTCGAGGGTTGAGGTG-1	B	RCC-PR3	Tumor	TRUE
RCC-PR3-PTumor3_CTCGAGGTCAAAGACA-1	B	RCC-PR3	Tumor	TRUE
RCC-PR3-PTumor3_CTCGAGGTCCACGCAG-1	B	RCC-PR3	Tumor	FALSE
RCC-PR3-PTumor3_CTCGAGGTCTCCGGTT-1	B	RCC-PR3	Tumor	FALSE
RCC-PR3-PTumor3_CTCGGAGGTTCAGCGC-1	B	RCC-PR3	Tumor	TRUE
RCC-PR3-PTumor3_CTCGGAGTCGAATCCA-1	B	RCC-PR3	Tumor	FALSE
RCC-PR3-PTumor3_CTCGGGAAGGCTATCT-1	B	RCC-PR3	Tumor	TRUE
RCC-PR3-PTumor3_CTCGGGAAGGGTCTCC-1	B	RCC-PR3	Tumor	TRUE
RCC-PR3-PTumor3_CTCGGGAAGGTCATCT-1	B	RCC-PR3	Tumor	FALSE
RCC-PR3-PTumor3_CTCGTACCACGGTGTC-1	B	RCC-PR3	Tumor	TRUE
RCC-PR3-PTumor3_CTCGTCAAGACGCACA-1	B	RCC-PR3	Tumor	FALSE
RCC-PR3-PTumor3_CTCTAATTCACTCCTG-1	B	RCC-PR3	Tumor	FALSE
RCC-PR3-PTumor3_CTCTACGCAACACGCC-1	B	RCC-PR3	Tumor	TRUE
RCC-PR3-PTumor3_CTCTACGCACCAGCAC-1	B	RCC-PR3	Tumor	TRUE
RCC-PR3-PTumor3_CTCTACGTCGTACCGG-1	B	RCC-PR3	Tumor	FALSE
RCC-PR3-PTumor3_CTCTGGTCATTAGGCT-1	B	RCC-PR3	Tumor	TRUE
RCC-PR3-PTumor3_CTCTGGTTCACCCTCA-1	B	RCC-PR3	Tumor	FALSE
RCC-PR3-PTumor3_CTGAAACCACGGCGTT-1	B	RCC-PR3	Tumor	TRUE
RCC-PR3-PTumor3_CTGAAACGTTCCCGAG-1	B	RCC-PR3	Tumor	FALSE
RCC-PR3-PTumor3_CTGAAACTCGCGGATC-1	B	RCC-PR3	Tumor	FALSE
RCC-PR3-PTumor3_CTGAAACTCTGTGCAA-1	B	RCC-PR3	Tumor	TRUE
RCC-PR3-PTumor3_CTGAAGTAGGAATGGA-1	B	RCC-PR3	Tumor	FALSE
RCC-PR3-PTumor3_CTGAAGTCACCACGTG-1	B	RCC-PR3	Tumor	TRUE
RCC-PR3-PTumor3_CTGAAGTGTCCAGTAT-1	B	RCC-PR3	Tumor	TRUE
RCC-PR3-PTumor3_CTGATAGCAACGATGG-1	B	RCC-PR3	Tumor	TRUE
RCC-PR3-PTumor3_CTGATAGGTCAAAGAT-1	B	RCC-PR3	Tumor	FALSE
RCC-PR3-PTumor3_CTGATCCCAATGGAAT-1	B	RCC-PR3	Tumor	FALSE
RCC-PR3-PTumor3_CTGCCTATCCGCAGTG-1	B	RCC-PR3	Tumor	TRUE
RCC-PR3-PTumor3_CTGCGGACAGGGAGAG-1	B	RCC-PR3	Tumor	FALSE
RCC-PR3-PTumor3_CTGCGGATCGGAGGTA-1	B	RCC-PR3	Tumor	FALSE
RCC-PR3-PTumor3_CTGCTGTAGAAGGTGA-1	B	RCC-PR3	Tumor	FALSE
RCC-PR3-PTumor3_CTGCTGTAGCAGATCG-1	B	RCC-PR3	Tumor	TRUE
RCC-PR3-PTumor3_CTGCTGTCATGCCCGA-1	B	RCC-PR3	Tumor	FALSE
RCC-PR3-PTumor3_CTGCTGTGTAGGGACT-1	B	RCC-PR3	Tumor	FALSE
RCC-PR3-PTumor3_CTGCTGTGTCTGGAGA-1	B	RCC-PR3	Tumor	FALSE
RCC-PR3-PTumor3_CTGCTGTTCTTACCGC-1	B	RCC-PR3	Tumor	FALSE
RCC-PR3-PTumor3_CTGGTCTCAGCCACCA-1	B	RCC-PR3	Tumor	FALSE
RCC-PR3-PTumor3_CTGGTCTTCGTCTGAA-1	B	RCC-PR3	Tumor	TRUE
RCC-PR3-PTumor3_CTGTGCTAGATGAGAG-1	B	RCC-PR3	Tumor	TRUE
RCC-PR3-PTumor3_CTGTTTAAGCTAGCCC-1	B	RCC-PR3	Tumor	FALSE
RCC-PR3-PTumor3_CTTAACTTCAAAGTAG-1	B	RCC-PR3	Tumor	TRUE
RCC-PR3-PTumor3_CTTAACTTCAAGCCTA-1	B	RCC-PR3	Tumor	TRUE
RCC-PR3-PTumor3_CTTAACTTCCTATTCA-1	B	RCC-PR3	Tumor	FALSE
RCC-PR3-PTumor3_CTTACCGCAAGTCTGT-1	B	RCC-PR3	Tumor	TRUE
RCC-PR3-PTumor3_CTTCTCTTCTTGTCAT-1	B	RCC-PR3	Tumor	FALSE
RCC-PR3-PTumor3_CTTGGCTCACACTGCG-1	B	RCC-PR3	Tumor	TRUE
RCC-PR3-PTumor3_CTTGGCTGTGAGGGTT-1	B	RCC-PR3	Tumor	FALSE
RCC-PR3-PTumor3_CTTTGCGCAATGTAAG-1	B	RCC-PR3	Tumor	FALSE
RCC-PR3-PTumor3_CTTTGCGCACTCGACG-1	B	RCC-PR3	Tumor	FALSE
RCC-PR3-PTumor3_GAAACTCAGTGGTAGC-1	B	RCC-PR3	Tumor	TRUE
RCC-PR3-PTumor3_GAAACTCCATCACAAC-1	B	RCC-PR3	Tumor	TRUE
RCC-PR3-PTumor3_GAAACTCGTATCACCA-1	B	RCC-PR3	Tumor	TRUE
RCC-PR3-PTumor3_GAAACTCGTATTCTCT-1	B	RCC-PR3	Tumor	FALSE
RCC-PR3-PTumor3_GAAATGACACGCCAGT-1	B	RCC-PR3	Tumor	TRUE
RCC-PR3-PTumor3_GAACATCTCACCACCT-1	B	RCC-PR3	Tumor	TRUE
RCC-PR3-PTumor3_GAACCTAAGGAATGGA-1	B	RCC-PR3	Tumor	FALSE
RCC-PR3-PTumor3_GAACCTAGTTCAACCA-1	B	RCC-PR3	Tumor	TRUE
RCC-PR3-PTumor3_GAACGGACAATCTGCA-1	B	RCC-PR3	Tumor	TRUE
RCC-PR3-PTumor3_GAACGGACACAACGTT-1	B	RCC-PR3	Tumor	TRUE
RCC-PR3-PTumor3_GAACGGAGTCTAGCCG-1	B	RCC-PR3	Tumor	TRUE
RCC-PR3-PTumor3_GAAGCAGAGAGGTAGA-1	B	RCC-PR3	Tumor	TRUE
RCC-PR3-PTumor3_GAAGCAGTCTCGAGTA-1	B	RCC-PR3	Tumor	FALSE
RCC-PR3-PTumor3_GAATGAAAGCAAATCA-1	B	RCC-PR3	Tumor	FALSE
RCC-PR3-PTumor3_GAATGAACAAGGGTCA-1	B	RCC-PR3	Tumor	TRUE
RCC-PR3-PTumor3_GAATGAAGTTTGGGCC-1	B	RCC-PR3	Tumor	FALSE
RCC-PR3-PTumor3_GAATGAATCCGTTGCT-1	B	RCC-PR3	Tumor	TRUE
RCC-PR3-PTumor3_GACACGCAGGCTCTTA-1	B	RCC-PR3	Tumor	FALSE
RCC-PR3-PTumor3_GACACGCAGTGGGTTG-1	B	RCC-PR3	Tumor	FALSE
RCC-PR3-PTumor3_GACAGAGAGAATGTGT-1	B	RCC-PR3	Tumor	TRUE
RCC-PR3-PTumor3_GACAGAGAGCTTTGGT-1	B	RCC-PR3	Tumor	TRUE
RCC-PR3-PTumor3_GACCAATAGTGCAAGC-1	B	RCC-PR3	Tumor	TRUE
RCC-PR3-PTumor3_GACCAATCAAGGGTCA-1	B	RCC-PR3	Tumor	FALSE
RCC-PR3-PTumor3_GACCAATCAGACGCCT-1	B	RCC-PR3	Tumor	TRUE
RCC-PR3-PTumor3_GACCTGGGTAAGTTCC-1	B	RCC-PR3	Tumor	FALSE
RCC-PR3-PTumor3_GACCTGGGTAGCGCAA-1	B	RCC-PR3	Tumor	FALSE
RCC-PR3-PTumor3_GACGCGTAGGCAATTA-1	B	RCC-PR3	Tumor	FALSE
RCC-PR3-PTumor3_GACGCGTAGTGTACTC-1	B	RCC-PR3	Tumor	FALSE
RCC-PR3-PTumor3_GACGCGTTCTCCTATA-1	B	RCC-PR3	Tumor	FALSE
RCC-PR3-PTumor3_GACGTGCCATTTCAGG-1	B	RCC-PR3	Tumor	TRUE
RCC-PR3-PTumor3_GACGTGCGTCGCATAT-1	B	RCC-PR3	Tumor	TRUE
RCC-PR3-PTumor3_GACGTGCTCGTCCGTT-1	B	RCC-PR3	Tumor	TRUE
RCC-PR3-PTumor3_GACGTTAAGGTAGCTG-1	B	RCC-PR3	Tumor	TRUE
RCC-PR3-PTumor3_GACGTTAGTCCGTTAA-1	B	RCC-PR3	Tumor	TRUE
RCC-PR3-PTumor3_GACGTTATCCTCAATT-1	B	RCC-PR3	Tumor	FALSE
RCC-PR3-PTumor3_GACTAACCATGCCTAA-1	B	RCC-PR3	Tumor	FALSE
RCC-PR3-PTumor3_GACTACACACCTCGTT-1	B	RCC-PR3	Tumor	TRUE
RCC-PR3-PTumor3_GACTGCGAGTTCGCGC-1	B	RCC-PR3	Tumor	TRUE
RCC-PR3-PTumor3_GACTGCGCACCCTATC-1	B	RCC-PR3	Tumor	TRUE
RCC-PR3-PTumor3_GACTGCGTCCTGCCAT-1	B	RCC-PR3	Tumor	TRUE
RCC-PR3-PTumor3_GAGCAGAGTAGCGTGA-1	B	RCC-PR3	Tumor	TRUE
RCC-PR3-PTumor3_GAGCAGATCAGTTTGG-1	B	RCC-PR3	Tumor	FALSE
RCC-PR3-PTumor3_GAGCAGATCGGCTACG-1	B	RCC-PR3	Tumor	FALSE
RCC-PR3-PTumor3_GAGTCCGCATATACCG-1	B	RCC-PR3	Tumor	TRUE
RCC-PR3-PTumor3_GATCAGTGTTAAGACA-1	B	RCC-PR3	Tumor	FALSE
RCC-PR3-PTumor3_GATCAGTGTTCAGTAC-1	B	RCC-PR3	Tumor	FALSE
RCC-PR3-PTumor3_GATCGATCACCAGGCT-1	B	RCC-PR3	Tumor	FALSE
RCC-PR3-PTumor3_GATCGCGAGAGCTTCT-1	B	RCC-PR3	Tumor	TRUE
RCC-PR3-PTumor3_GATCGCGAGCTCAACT-1	B	RCC-PR3	Tumor	TRUE
RCC-PR3-PTumor3_GATCGCGCACCACGTG-1	B	RCC-PR3	Tumor	TRUE
RCC-PR3-PTumor3_GATCGCGTCTATCCTA-1	B	RCC-PR3	Tumor	FALSE
RCC-PR3-PTumor3_GATCGTAAGATGTGTA-1	B	RCC-PR3	Tumor	FALSE
RCC-PR3-PTumor3_GATCTAGCATGCCTTC-1	B	RCC-PR3	Tumor	TRUE
RCC-PR3-PTumor3_GATGAAACAAAGCAAT-1	B	RCC-PR3	Tumor	TRUE
RCC-PR3-PTumor3_GATGAAATCATTGCGA-1	B	RCC-PR3	Tumor	FALSE
RCC-PR3-PTumor3_GATGAAATCCTATGTT-1	B	RCC-PR3	Tumor	TRUE
RCC-PR3-PTumor3_GATGAGGGTGTTAAGA-1	B	RCC-PR3	Tumor	TRUE
RCC-PR3-PTumor3_GATGAGGGTTGTGGAG-1	B	RCC-PR3	Tumor	TRUE
RCC-PR3-PTumor3_GATGAGGTCTTAGCCC-1	B	RCC-PR3	Tumor	TRUE
RCC-PR3-PTumor3_GATGCTACAGATGAGC-1	B	RCC-PR3	Tumor	TRUE
RCC-PR3-PTumor3_GATGCTACAGGTTTCA-1	B	RCC-PR3	Tumor	TRUE
RCC-PR3-PTumor3_GATGCTAGTCGAAAGC-1	B	RCC-PR3	Tumor	FALSE
RCC-PR3-PTumor3_GATGCTAGTGGACGAT-1	B	RCC-PR3	Tumor	TRUE
RCC-PR3-PTumor3_GATGCTATCACTTATC-1	B	RCC-PR3	Tumor	FALSE
RCC-PR3-PTumor3_GATTCAGAGCCTTGAT-1	B	RCC-PR3	Tumor	TRUE
RCC-PR3-PTumor3_GCAAACTAGGCACATG-1	B	RCC-PR3	Tumor	FALSE
RCC-PR3-PTumor3_GCAAACTCACGGTTTA-1	B	RCC-PR3	Tumor	FALSE
RCC-PR3-PTumor3_GCAAACTTCCGTCATC-1	B	RCC-PR3	Tumor	FALSE
RCC-PR3-PTumor3_GCAATCAAGCTAGCCC-1	B	RCC-PR3	Tumor	FALSE
RCC-PR3-PTumor3_GCACATACATAAAGGT-1	B	RCC-PR3	Tumor	TRUE
RCC-PR3-PTumor3_GCACATAGTACAGACG-1	B	RCC-PR3	Tumor	TRUE
RCC-PR3-PTumor3_GCACATAGTAGGAGTC-1	B	RCC-PR3	Tumor	FALSE
RCC-PR3-PTumor3_GCAGCCACAAGAAAGG-1	B	RCC-PR3	Tumor	TRUE
RCC-PR3-PTumor3_GCAGCCAGTCGATTGT-1	B	RCC-PR3	Tumor	FALSE
RCC-PR3-PTumor3_GCAGTTAAGAGACTAT-1	B	RCC-PR3	Tumor	FALSE
RCC-PR3-PTumor3_GCAGTTAAGCTTTGGT-1	B	RCC-PR3	Tumor	FALSE
RCC-PR3-PTumor3_GCATACAAGCCTATGT-1	B	RCC-PR3	Tumor	FALSE
RCC-PR3-PTumor3_GCATACAAGGCTCAGA-1	B	RCC-PR3	Tumor	TRUE
RCC-PR3-PTumor3_GCATACAAGTATCGAA-1	B	RCC-PR3	Tumor	TRUE
RCC-PR3-PTumor3_GCATACAGTAACGCGA-1	B	RCC-PR3	Tumor	FALSE
RCC-PR3-PTumor3_GCATACATCGACAGCC-1	B	RCC-PR3	Tumor	FALSE
RCC-PR3-PTumor3_GCATGCGAGTATCTCG-1	B	RCC-PR3	Tumor	FALSE
RCC-PR3-PTumor3_GCATGCGCAAACGCGA-1	B	RCC-PR3	Tumor	TRUE
RCC-PR3-PTumor3_GCATGCGGTTCGAATC-1	B	RCC-PR3	Tumor	TRUE
RCC-PR3-PTumor3_GCATGTACACCATGTA-1	B	RCC-PR3	Tumor	TRUE
RCC-PR3-PTumor3_GCATGTACAGTAACGG-1	B	RCC-PR3	Tumor	TRUE
RCC-PR3-PTumor3_GCATGTACATACGCCG-1	B	RCC-PR3	Tumor	TRUE
RCC-PR3-PTumor3_GCATGTAGTGTATGGG-1	B	RCC-PR3	Tumor	FALSE
RCC-PR3-PTumor3_GCATGTATCTGTCTAT-1	B	RCC-PR3	Tumor	FALSE
RCC-PR3-PTumor3_GCCAAATAGGATGTAT-1	B	RCC-PR3	Tumor	TRUE
RCC-PR3-PTumor3_GCCAAATGTTGTGGAG-1	B	RCC-PR3	Tumor	TRUE
RCC-PR3-PTumor3_GCCAAATTCCGATATG-1	B	RCC-PR3	Tumor	TRUE
RCC-PR3-PTumor3_GCCTCTACATACTCTT-1	B	RCC-PR3	Tumor	FALSE
RCC-PR3-PTumor3_GCCTCTAGTCTGATTG-1	B	RCC-PR3	Tumor	FALSE
RCC-PR3-PTumor3_GCGACCACAGGGCATA-1	B	RCC-PR3	Tumor	TRUE
RCC-PR3-PTumor3_GCGCAACCACATGTGT-1	B	RCC-PR3	Tumor	FALSE
RCC-PR3-PTumor3_GCGCAACGTGCCTTGG-1	B	RCC-PR3	Tumor	TRUE
RCC-PR3-PTumor3_GCGCAGTAGAGCTTCT-1	B	RCC-PR3	Tumor	TRUE
RCC-PR3-PTumor3_GCGCAGTGTGCACTTA-1	B	RCC-PR3	Tumor	TRUE
RCC-PR3-PTumor3_GCGCCAAGTAATAGCA-1	B	RCC-PR3	Tumor	FALSE
RCC-PR3-PTumor3_GCGGGTTAGTGTACTC-1	B	RCC-PR3	Tumor	TRUE
RCC-PR3-PTumor3_GCGGGTTCAATCACAC-1	B	RCC-PR3	Tumor	FALSE
RCC-PR3-PTumor3_GCGGGTTCACAAGCCC-1	B	RCC-PR3	Tumor	TRUE
RCC-PR3-PTumor3_GCGGGTTGTGCAACTT-1	B	RCC-PR3	Tumor	FALSE
RCC-PR3-PTumor3_GCTCCTACAAAGGTGC-1	B	RCC-PR3	Tumor	TRUE
RCC-PR3-PTumor3_GCTCCTACATACGCCG-1	B	RCC-PR3	Tumor	FALSE
RCC-PR3-PTumor3_GCTCTGTTCTCAACTT-1	B	RCC-PR3	Tumor	FALSE
RCC-PR3-PTumor3_GCTGCAGAGTGCCAGA-1	B	RCC-PR3	Tumor	TRUE
RCC-PR3-PTumor3_GCTGCAGTCTGGCGAC-1	B	RCC-PR3	Tumor	FALSE
RCC-PR3-PTumor3_GCTGCGAAGCGATGAC-1	B	RCC-PR3	Tumor	FALSE
RCC-PR3-PTumor3_GCTGCGAGTCAGATAA-1	B	RCC-PR3	Tumor	TRUE
RCC-PR3-PTumor3_GCTGCGAGTTATTCTC-1	B	RCC-PR3	Tumor	TRUE
RCC-PR3-PTumor3_GCTGGGTGTATATGAG-1	B	RCC-PR3	Tumor	FALSE
RCC-PR3-PTumor3_GCTTCCAAGTGGAGTC-1	B	RCC-PR3	Tumor	FALSE
RCC-PR3-PTumor3_GGAACTTCAAGAAGAG-1	B	RCC-PR3	Tumor	TRUE
RCC-PR3-PTumor3_GGAACTTCAGTGGAGT-1	B	RCC-PR3	Tumor	FALSE
RCC-PR3-PTumor3_GGAACTTTCCGATATG-1	B	RCC-PR3	Tumor	FALSE
RCC-PR3-PTumor3_GGAATAACACCGCTAG-1	B	RCC-PR3	Tumor	FALSE
RCC-PR3-PTumor3_GGAATAAGTCTTTCAT-1	B	RCC-PR3	Tumor	FALSE
RCC-PR3-PTumor3_GGAATAATCATGCATG-1	B	RCC-PR3	Tumor	TRUE
RCC-PR3-PTumor3_GGACAGAGTCTGCCAG-1	B	RCC-PR3	Tumor	FALSE
RCC-PR3-PTumor3_GGACAGATCAGATAAG-1	B	RCC-PR3	Tumor	TRUE
RCC-PR3-PTumor3_GGACATTGTAACGTTC-1	B	RCC-PR3	Tumor	FALSE
RCC-PR3-PTumor3_GGACATTGTTAAGGGC-1	B	RCC-PR3	Tumor	TRUE
RCC-PR3-PTumor3_GGACATTTCCTTGCCA-1	B	RCC-PR3	Tumor	FALSE
RCC-PR3-PTumor3_GGACATTTCTATCCTA-1	B	RCC-PR3	Tumor	TRUE
RCC-PR3-PTumor3_GGACGTCCAGCTTAAC-1	B	RCC-PR3	Tumor	FALSE
RCC-PR3-PTumor3_GGAGCAAAGGAGCGAG-1	B	RCC-PR3	Tumor	FALSE
RCC-PR3-PTumor3_GGAGCAAGTCCCGACA-1	B	RCC-PR3	Tumor	TRUE
RCC-PR3-PTumor3_GGAGCAAGTCGAATCT-1	B	RCC-PR3	Tumor	TRUE
RCC-PR3-PTumor3_GGAGCAATCCCATTAT-1	B	RCC-PR3	Tumor	TRUE
RCC-PR3-PTumor3_GGATGTTAGCTTTGGT-1	B	RCC-PR3	Tumor	TRUE
RCC-PR3-PTumor3_GGATGTTCAAGTACCT-1	B	RCC-PR3	Tumor	FALSE
RCC-PR3-PTumor3_GGATGTTCACATGGGA-1	B	RCC-PR3	Tumor	TRUE
RCC-PR3-PTumor3_GGATGTTCACATGTGT-1	B	RCC-PR3	Tumor	TRUE
RCC-PR3-PTumor3_GGATGTTTCTTTAGTC-1	B	RCC-PR3	Tumor	FALSE
RCC-PR3-PTumor3_GGATTACGTATAATGG-1	B	RCC-PR3	Tumor	FALSE
RCC-PR3-PTumor3_GGCAATTAGGACAGCT-1	B	RCC-PR3	Tumor	FALSE
RCC-PR3-PTumor3_GGCAATTAGTACATGA-1	B	RCC-PR3	Tumor	TRUE
RCC-PR3-PTumor3_GGCCGATAGATTACCC-1	B	RCC-PR3	Tumor	FALSE
RCC-PR3-PTumor3_GGCCGATTCGTCTGAA-1	B	RCC-PR3	Tumor	TRUE
RCC-PR3-PTumor3_GGCGTGTAGCTTATCG-1	B	RCC-PR3	Tumor	FALSE
RCC-PR3-PTumor3_GGCTCGACACCACGTG-1	B	RCC-PR3	Tumor	FALSE
RCC-PR3-PTumor3_GGCTCGAGTCGGCATC-1	B	RCC-PR3	Tumor	TRUE
RCC-PR3-PTumor3_GGGAATGAGAGTAAGG-1	B	RCC-PR3	Tumor	FALSE
RCC-PR3-PTumor3_GGGACCTGTCGACTAT-1	B	RCC-PR3	Tumor	FALSE
RCC-PR3-PTumor3_GGGAGATAGTCCGGTC-1	B	RCC-PR3	Tumor	FALSE
RCC-PR3-PTumor3_GGGAGATGTCTCTCTG-1	B	RCC-PR3	Tumor	FALSE
RCC-PR3-PTumor3_GGGAGATTCCTAGGGC-1	B	RCC-PR3	Tumor	FALSE
RCC-PR3-PTumor3_GGGAGATTCTGGGCCA-1	B	RCC-PR3	Tumor	TRUE
RCC-PR3-PTumor3_GGGATGATCGCGTTTC-1	B	RCC-PR3	Tumor	FALSE
RCC-PR3-PTumor3_GGGCACTAGCAGACTG-1	B	RCC-PR3	Tumor	TRUE
RCC-PR3-PTumor3_GGGCACTTCTTTCCTC-1	B	RCC-PR3	Tumor	FALSE
RCC-PR3-PTumor3_GGGCATCCACGGTAGA-1	B	RCC-PR3	Tumor	TRUE
RCC-PR3-PTumor3_GGGTCTGCAAACGCGA-1	B	RCC-PR3	Tumor	FALSE
RCC-PR3-PTumor3_GGGTTGCAGGAGCGAG-1	B	RCC-PR3	Tumor	TRUE
RCC-PR3-PTumor3_GGGTTGCAGTGTCTCA-1	B	RCC-PR3	Tumor	TRUE
RCC-PR3-PTumor3_GGGTTGCGTCCAACTA-1	B	RCC-PR3	Tumor	FALSE
RCC-PR3-PTumor3_GGTATTGGTGTTGGGA-1	B	RCC-PR3	Tumor	FALSE
RCC-PR3-PTumor3_GGTATTGTCACATGCA-1	B	RCC-PR3	Tumor	FALSE
RCC-PR3-PTumor3_GGTGAAGAGCTGCAAG-1	B	RCC-PR3	Tumor	TRUE
RCC-PR3-PTumor3_GGTGAAGAGGTACTCT-1	B	RCC-PR3	Tumor	FALSE
RCC-PR3-PTumor3_GGTGAAGAGTATCGAA-1	B	RCC-PR3	Tumor	FALSE
RCC-PR3-PTumor3_GGTGAAGTCGGACAAG-1	B	RCC-PR3	Tumor	TRUE
RCC-PR3-PTumor3_GGTGCGTAGGATGCGT-1	B	RCC-PR3	Tumor	FALSE
RCC-PR3-PTumor3_GGTGCGTAGGTAAACT-1	B	RCC-PR3	Tumor	FALSE
RCC-PR3-PTumor3_GTAACTGGTACATGTC-1	B	RCC-PR3	Tumor	FALSE
RCC-PR3-PTumor3_GTAACTGTCAGCGACC-1	B	RCC-PR3	Tumor	FALSE
RCC-PR3-PTumor3_GTAACTGTCGGATGGA-1	B	RCC-PR3	Tumor	FALSE
RCC-PR3-PTumor3_GTACGTACAGTCGATT-1	B	RCC-PR3	Tumor	FALSE
RCC-PR3-PTumor3_GTACGTATCCGTACAA-1	B	RCC-PR3	Tumor	FALSE
RCC-PR3-PTumor3_GTACTTTCAACACGCC-1	B	RCC-PR3	Tumor	TRUE
RCC-PR3-PTumor3_GTACTTTCAACTTGAC-1	B	RCC-PR3	Tumor	TRUE
RCC-PR3-PTumor3_GTACTTTCAGCGTAAG-1	B	RCC-PR3	Tumor	FALSE
RCC-PR3-PTumor3_GTACTTTGTAGGCTGA-1	B	RCC-PR3	Tumor	TRUE
RCC-PR3-PTumor3_GTAGGCCAGCAGGCTA-1	B	RCC-PR3	Tumor	TRUE
RCC-PR3-PTumor3_GTAGGCCAGCGTAATA-1	B	RCC-PR3	Tumor	TRUE
RCC-PR3-PTumor3_GTAGGCCGTTCCCGAG-1	B	RCC-PR3	Tumor	FALSE
RCC-PR3-PTumor3_GTAGTCAGTAACGACG-1	B	RCC-PR3	Tumor	FALSE
RCC-PR3-PTumor3_GTATCTTCAATACGCT-1	B	RCC-PR3	Tumor	TRUE
RCC-PR3-PTumor3_GTATTCTAGATGTGGC-1	B	RCC-PR3	Tumor	TRUE
RCC-PR3-PTumor3_GTATTCTCAACACGCC-1	B	RCC-PR3	Tumor	FALSE
RCC-PR3-PTumor3_GTATTCTTCCGCGTTT-1	B	RCC-PR3	Tumor	TRUE
RCC-PR3-PTumor3_GTATTCTTCGTGTAGT-1	B	RCC-PR3	Tumor	TRUE
RCC-PR3-PTumor3_GTCAAGTAGATGTCGG-1	B	RCC-PR3	Tumor	TRUE
RCC-PR3-PTumor3_GTCACAAGTGAGGGAG-1	B	RCC-PR3	Tumor	FALSE
RCC-PR3-PTumor3_GTCACGGCACGAGGTA-1	B	RCC-PR3	Tumor	FALSE
RCC-PR3-PTumor3_GTCACGGGTAGAGTGC-1	B	RCC-PR3	Tumor	TRUE
RCC-PR3-PTumor3_GTCACGGTCACCATAG-1	B	RCC-PR3	Tumor	FALSE
RCC-PR3-PTumor3_GTCCTCAAGCGCTTAT-1	B	RCC-PR3	Tumor	TRUE
RCC-PR3-PTumor3_GTCCTCAAGTGTACGG-1	B	RCC-PR3	Tumor	TRUE
RCC-PR3-PTumor3_GTCCTCAGTGACTCAT-1	B	RCC-PR3	Tumor	FALSE
RCC-PR3-PTumor3_GTCCTCATCTGCCCTA-1	B	RCC-PR3	Tumor	FALSE
RCC-PR3-PTumor3_GTCGGGTAGTCAAGCG-1	B	RCC-PR3	Tumor	FALSE
RCC-PR3-PTumor3_GTCGGGTGTGTAAGTA-1	B	RCC-PR3	Tumor	FALSE
RCC-PR3-PTumor3_GTCGGGTGTTCCACTC-1	B	RCC-PR3	Tumor	FALSE
RCC-PR3-PTumor3_GTCGGGTTCGTGGGAA-1	B	RCC-PR3	Tumor	TRUE
RCC-PR3-PTumor3_GTCGTAATCTGTGCAA-1	B	RCC-PR3	Tumor	TRUE
RCC-PR3-PTumor3_GTCTCGTAGTTGCAGG-1	B	RCC-PR3	Tumor	FALSE
RCC-PR3-PTumor3_GTCTCGTTCTTGTACT-1	B	RCC-PR3	Tumor	TRUE
RCC-PR3-PTumor3_GTCTTCGGTAATCACC-1	B	RCC-PR3	Tumor	FALSE
RCC-PR3-PTumor3_GTCTTCGTCGTGGACC-1	B	RCC-PR3	Tumor	FALSE
RCC-PR3-PTumor3_GTGCAGCAGACAGGCT-1	B	RCC-PR3	Tumor	FALSE
RCC-PR3-PTumor3_GTGCAGCAGAGGTTGC-1	B	RCC-PR3	Tumor	TRUE
RCC-PR3-PTumor3_GTGCAGCCAAACGTGG-1	B	RCC-PR3	Tumor	TRUE
RCC-PR3-PTumor3_GTGCAGCGTCGAACAG-1	B	RCC-PR3	Tumor	FALSE
RCC-PR3-PTumor3_GTGCAGCGTCGTTGTA-1	B	RCC-PR3	Tumor	FALSE
RCC-PR3-PTumor3_GTGCAGCGTTCGTGAT-1	B	RCC-PR3	Tumor	TRUE
RCC-PR3-PTumor3_GTGCATATCCGCGTTT-1	B	RCC-PR3	Tumor	FALSE
RCC-PR3-PTumor3_GTGCGGTCAGCTGCTG-1	B	RCC-PR3	Tumor	FALSE
RCC-PR3-PTumor3_GTGCGGTTCGGATGTT-1	B	RCC-PR3	Tumor	FALSE
RCC-PR3-PTumor3_GTGCTTCCAATCGAAA-1	B	RCC-PR3	Tumor	TRUE
RCC-PR3-PTumor3_GTGCTTCCATGCAACT-1	B	RCC-PR3	Tumor	TRUE
RCC-PR3-PTumor3_GTGCTTCTCAAAGACA-1	B	RCC-PR3	Tumor	TRUE
RCC-PR3-PTumor3_GTGGGTCAGGACCACA-1	B	RCC-PR3	Tumor	FALSE
RCC-PR3-PTumor3_GTGGGTCAGTCAAGGC-1	B	RCC-PR3	Tumor	TRUE
RCC-PR3-PTumor3_GTGGGTCCATCGATTG-1	B	RCC-PR3	Tumor	FALSE
RCC-PR3-PTumor3_GTGGGTCGTAGTAGTA-1	B	RCC-PR3	Tumor	FALSE
RCC-PR3-PTumor3_GTGTGCGAGACCGGAT-1	B	RCC-PR3	Tumor	TRUE
RCC-PR3-PTumor3_GTGTTAGAGAATAGGG-1	B	RCC-PR3	Tumor	TRUE
RCC-PR3-PTumor3_GTGTTAGAGCTAAACA-1	B	RCC-PR3	Tumor	FALSE
RCC-PR3-PTumor3_GTGTTAGGTAGAAGGA-1	B	RCC-PR3	Tumor	FALSE
RCC-PR3-PTumor3_GTTAAGCAGTTAAGTG-1	B	RCC-PR3	Tumor	TRUE
RCC-PR3-PTumor3_GTTAAGCGTGGCAAAC-1	B	RCC-PR3	Tumor	TRUE
RCC-PR3-PTumor3_GTTAAGCGTTTAGGAA-1	B	RCC-PR3	Tumor	FALSE
RCC-PR3-PTumor3_GTTACAGCAGACAAGC-1	B	RCC-PR3	Tumor	TRUE
RCC-PR3-PTumor3_GTTACAGTCTCCTATA-1	B	RCC-PR3	Tumor	TRUE
RCC-PR3-PTumor3_GTTCGGGGTTTAAGCC-1	B	RCC-PR3	Tumor	FALSE
RCC-PR3-PTumor3_GTTCGGGTCTTGCAAG-1	B	RCC-PR3	Tumor	FALSE
RCC-PR3-PTumor3_GTTCTCGTCGTCCGTT-1	B	RCC-PR3	Tumor	FALSE
RCC-PR3-PTumor3_GTTTCTAAGCTGCAAG-1	B	RCC-PR3	Tumor	TRUE
RCC-PR3-PTumor3_TAAACCGGTAACGTTC-1	B	RCC-PR3	Tumor	FALSE
RCC-PR3-PTumor3_TAAACCGTCTGCCCTA-1	B	RCC-PR3	Tumor	FALSE
RCC-PR3-PTumor3_TAAGAGACAAGAAAGG-1	B	RCC-PR3	Tumor	TRUE
RCC-PR3-PTumor3_TAAGAGACACATCCGG-1	B	RCC-PR3	Tumor	FALSE
RCC-PR3-PTumor3_TAAGAGACAGGGTACA-1	B	RCC-PR3	Tumor	FALSE
RCC-PR3-PTumor3_TAAGCGTCAATGTAAG-1	B	RCC-PR3	Tumor	FALSE
RCC-PR3-PTumor3_TAAGCGTGTAACGTTC-1	B	RCC-PR3	Tumor	FALSE
RCC-PR3-PTumor3_TAAGTGCAGTACACCT-1	B	RCC-PR3	Tumor	FALSE
RCC-PR3-PTumor3_TAAGTGCAGTACCGGA-1	B	RCC-PR3	Tumor	FALSE
RCC-PR3-PTumor3_TAAGTGCGTAACGACG-1	B	RCC-PR3	Tumor	TRUE
RCC-PR3-PTumor3_TACAGTGCACGACGAA-1	B	RCC-PR3	Tumor	FALSE
RCC-PR3-PTumor3_TACAGTGTCACTCTTA-1	B	RCC-PR3	Tumor	TRUE
RCC-PR3-PTumor3_TACCTATAGCCCAATT-1	B	RCC-PR3	Tumor	FALSE
RCC-PR3-PTumor3_TACCTATGTCACCCAG-1	B	RCC-PR3	Tumor	TRUE
RCC-PR3-PTumor3_TACCTATGTTATCCGA-1	B	RCC-PR3	Tumor	TRUE
RCC-PR3-PTumor3_TACCTATTCGAACGGA-1	B	RCC-PR3	Tumor	FALSE
RCC-PR3-PTumor3_TACCTTACATGTTGAC-1	B	RCC-PR3	Tumor	FALSE
RCC-PR3-PTumor3_TACCTTAGTGACAAAT-1	B	RCC-PR3	Tumor	TRUE
RCC-PR3-PTumor3_TACCTTAGTGCTAGCC-1	B	RCC-PR3	Tumor	FALSE
RCC-PR3-PTumor3_TACGGATAGGGTGTTG-1	B	RCC-PR3	Tumor	FALSE
RCC-PR3-PTumor3_TACGGATGTACGCTGC-1	B	RCC-PR3	Tumor	TRUE
RCC-PR3-PTumor3_TACGGATGTCATATGC-1	B	RCC-PR3	Tumor	TRUE
RCC-PR3-PTumor3_TACGGATGTCCATCCT-1	B	RCC-PR3	Tumor	FALSE
RCC-PR3-PTumor3_TACGGATTCAAGAAGT-1	B	RCC-PR3	Tumor	FALSE
RCC-PR3-PTumor3_TACGGATTCCAAAGTC-1	B	RCC-PR3	Tumor	FALSE
RCC-PR3-PTumor3_TACGGGCCACAGCCCA-1	B	RCC-PR3	Tumor	FALSE
RCC-PR3-PTumor3_TACGGGCCAGGACCCT-1	B	RCC-PR3	Tumor	FALSE
RCC-PR3-PTumor3_TACGGGCGTCATACTG-1	B	RCC-PR3	Tumor	TRUE
RCC-PR3-PTumor3_TACGGTAAGGTACTCT-1	B	RCC-PR3	Tumor	FALSE
RCC-PR3-PTumor3_TACGGTATCACTGGGC-1	B	RCC-PR3	Tumor	FALSE
RCC-PR3-PTumor3_TACTCATAGTTTAGGA-1	B	RCC-PR3	Tumor	TRUE
RCC-PR3-PTumor3_TACTCGCAGACAAGCC-1	B	RCC-PR3	Tumor	FALSE
RCC-PR3-PTumor3_TACTCGCGTGGACGAT-1	B	RCC-PR3	Tumor	FALSE
RCC-PR3-PTumor3_TACTTACCAGGTTTCA-1	B	RCC-PR3	Tumor	FALSE
RCC-PR3-PTumor3_TACTTACGTTGGGACA-1	B	RCC-PR3	Tumor	TRUE
RCC-PR3-PTumor3_TACTTGTAGACATAAC-1	B	RCC-PR3	Tumor	FALSE
RCC-PR3-PTumor3_TACTTGTTCATGCAAC-1	B	RCC-PR3	Tumor	TRUE
RCC-PR3-PTumor3_TACTTGTTCCAGGGCT-1	B	RCC-PR3	Tumor	FALSE
RCC-PR3-PTumor3_TAGACCAAGACAGAGA-1	B	RCC-PR3	Tumor	TRUE
RCC-PR3-PTumor3_TAGACCAAGGACACCA-1	B	RCC-PR3	Tumor	TRUE
RCC-PR3-PTumor3_TAGACCAAGTCGTTTG-1	B	RCC-PR3	Tumor	FALSE
RCC-PR3-PTumor3_TAGACCACAAGGACAC-1	B	RCC-PR3	Tumor	FALSE
RCC-PR3-PTumor3_TAGACCATCCTAAGTG-1	B	RCC-PR3	Tumor	TRUE
RCC-PR3-PTumor3_TAGCCGGAGCGCTCCA-1	B	RCC-PR3	Tumor	FALSE
RCC-PR3-PTumor3_TAGCCGGAGTACCGGA-1	B	RCC-PR3	Tumor	FALSE
RCC-PR3-PTumor3_TAGCCGGGTATAGGTA-1	B	RCC-PR3	Tumor	FALSE
RCC-PR3-PTumor3_TAGCCGGGTCATATCG-1	B	RCC-PR3	Tumor	FALSE
RCC-PR3-PTumor3_TAGGCATAGACTACAA-1	B	RCC-PR3	Tumor	TRUE
RCC-PR3-PTumor3_TAGGCATTCCTAGTGA-1	B	RCC-PR3	Tumor	FALSE
RCC-PR3-PTumor3_TAGGCATTCTGTCAAG-1	B	RCC-PR3	Tumor	TRUE
RCC-PR3-PTumor3_TAGTGGTAGTACGCCC-1	B	RCC-PR3	Tumor	TRUE
RCC-PR3-PTumor3_TAGTGGTCAAGCGAGT-1	B	RCC-PR3	Tumor	TRUE
RCC-PR3-PTumor3_TAGTTGGAGACTCGGA-1	B	RCC-PR3	Tumor	FALSE
RCC-PR3-PTumor3_TAGTTGGCAACAACCT-1	B	RCC-PR3	Tumor	TRUE
RCC-PR3-PTumor3_TATCAGGCAGTCACTA-1	B	RCC-PR3	Tumor	TRUE
RCC-PR3-PTumor3_TATCAGGCATACGCCG-1	B	RCC-PR3	Tumor	FALSE
RCC-PR3-PTumor3_TATCAGGGTACAGTGG-1	B	RCC-PR3	Tumor	TRUE
RCC-PR3-PTumor3_TATCAGGGTACAGTTC-1	B	RCC-PR3	Tumor	TRUE
RCC-PR3-PTumor3_TATCTCAAGATTACCC-1	B	RCC-PR3	Tumor	TRUE
RCC-PR3-PTumor3_TATCTCAAGCCAGTAG-1	B	RCC-PR3	Tumor	FALSE
RCC-PR3-PTumor3_TATCTCAAGGCTAGAC-1	B	RCC-PR3	Tumor	TRUE
RCC-PR3-PTumor3_TATCTCACATATACGC-1	B	RCC-PR3	Tumor	TRUE
RCC-PR3-PTumor3_TATGCCCAGTAGGCCA-1	B	RCC-PR3	Tumor	TRUE
RCC-PR3-PTumor3_TATGCCCGTGTGAATA-1	B	RCC-PR3	Tumor	FALSE
RCC-PR3-PTumor3_TATGCCCGTTATGCGT-1	B	RCC-PR3	Tumor	TRUE
RCC-PR3-PTumor3_TATTACCCAAGTCTAC-1	B	RCC-PR3	Tumor	FALSE
RCC-PR3-PTumor3_TATTACCTCGGAAACG-1	B	RCC-PR3	Tumor	TRUE
RCC-PR3-PTumor3_TCAACGAGTATGCTTG-1	B	RCC-PR3	Tumor	FALSE
RCC-PR3-PTumor3_TCAATCTAGCGCTCCA-1	B	RCC-PR3	Tumor	TRUE
RCC-PR3-PTumor3_TCAATCTAGCTAAGAT-1	B	RCC-PR3	Tumor	TRUE
RCC-PR3-PTumor3_TCAATCTCAGGTCCAC-1	B	RCC-PR3	Tumor	FALSE
RCC-PR3-PTumor3_TCAATCTCATGGTTGT-1	B	RCC-PR3	Tumor	TRUE
RCC-PR3-PTumor3_TCAATCTGTCTTTCAT-1	B	RCC-PR3	Tumor	TRUE
RCC-PR3-PTumor3_TCACAAGAGAGGACGG-1	B	RCC-PR3	Tumor	FALSE
RCC-PR3-PTumor3_TCACAAGCAGACGCAA-1	B	RCC-PR3	Tumor	TRUE
RCC-PR3-PTumor3_TCACAAGGTAGCTGCC-1	B	RCC-PR3	Tumor	TRUE
RCC-PR3-PTumor3_TCACAAGTCATAACCG-1	B	RCC-PR3	Tumor	TRUE
RCC-PR3-PTumor3_TCACGAACACGAAACG-1	B	RCC-PR3	Tumor	FALSE
RCC-PR3-PTumor3_TCAGATGGTATATCCG-1	B	RCC-PR3	Tumor	TRUE
RCC-PR3-PTumor3_TCAGATGGTCTGCAAT-1	B	RCC-PR3	Tumor	TRUE
RCC-PR3-PTumor3_TCAGCTCCATGTCCTC-1	B	RCC-PR3	Tumor	FALSE
RCC-PR3-PTumor3_TCAGGATCAGCGTAAG-1	B	RCC-PR3	Tumor	FALSE
RCC-PR3-PTumor3_TCAGGTACAGCCTTTC-1	B	RCC-PR3	Tumor	FALSE
RCC-PR3-PTumor3_TCAGGTAGTAAATGTG-1	B	RCC-PR3	Tumor	TRUE
RCC-PR3-PTumor3_TCATTACGTCACCTAA-1	B	RCC-PR3	Tumor	TRUE
RCC-PR3-PTumor3_TCATTTGAGTCAATAG-1	B	RCC-PR3	Tumor	FALSE
RCC-PR3-PTumor3_TCATTTGCACACCGCA-1	B	RCC-PR3	Tumor	TRUE
RCC-PR3-PTumor3_TCATTTGCAGCCAATT-1	B	RCC-PR3	Tumor	TRUE
RCC-PR3-PTumor3_TCATTTGCAGGCTCAC-1	B	RCC-PR3	Tumor	FALSE
RCC-PR3-PTumor3_TCCACACAGAACAATC-1	B	RCC-PR3	Tumor	FALSE
RCC-PR3-PTumor3_TCCACACAGATGCCAG-1	B	RCC-PR3	Tumor	TRUE
RCC-PR3-PTumor3_TCCACACCAAGAGTCG-1	B	RCC-PR3	Tumor	TRUE
RCC-PR3-PTumor3_TCCCGATTCTGTTGAG-1	B	RCC-PR3	Tumor	TRUE
RCC-PR3-PTumor3_TCGAGGCCAGTACACT-1	B	RCC-PR3	Tumor	FALSE
RCC-PR3-PTumor3_TCGAGGCGTAAAGTCA-1	B	RCC-PR3	Tumor	FALSE
RCC-PR3-PTumor3_TCGCGAGAGTAGGTGC-1	B	RCC-PR3	Tumor	TRUE
RCC-PR3-PTumor3_TCGCGAGCAGACTCGC-1	B	RCC-PR3	Tumor	FALSE
RCC-PR3-PTumor3_TCGCGTTAGTTTCCTT-1	B	RCC-PR3	Tumor	FALSE
RCC-PR3-PTumor3_TCGCGTTTCTGGTTCC-1	B	RCC-PR3	Tumor	FALSE
RCC-PR3-PTumor3_TCGGTAACAGCTGTAT-1	B	RCC-PR3	Tumor	TRUE
RCC-PR3-PTumor3_TCGTAGACAGTTAACC-1	B	RCC-PR3	Tumor	FALSE
RCC-PR3-PTumor3_TCGTAGATCATACGGT-1	B	RCC-PR3	Tumor	FALSE
RCC-PR3-PTumor3_TCTATTGCATCACGAT-1	B	RCC-PR3	Tumor	FALSE
RCC-PR3-PTumor3_TCTATTGTCCCAACGG-1	B	RCC-PR3	Tumor	FALSE
RCC-PR3-PTumor3_TCTCATATCGTCGTTC-1	B	RCC-PR3	Tumor	FALSE
RCC-PR3-PTumor3_TCTCTAACAAGTCTAC-1	B	RCC-PR3	Tumor	TRUE
RCC-PR3-PTumor3_TCTGAGAAGGCGATAC-1	B	RCC-PR3	Tumor	FALSE
RCC-PR3-PTumor3_TCTGAGACATCACGTA-1	B	RCC-PR3	Tumor	TRUE
RCC-PR3-PTumor3_TCTGAGAGTGTCCTCT-1	B	RCC-PR3	Tumor	FALSE
RCC-PR3-PTumor3_TCTGGAACAAGGTTCT-1	B	RCC-PR3	Tumor	TRUE
RCC-PR3-PTumor3_TCTGGAATCACTGGGC-1	B	RCC-PR3	Tumor	TRUE
RCC-PR3-PTumor3_TCTGGAATCGAGAACG-1	B	RCC-PR3	Tumor	FALSE
RCC-PR3-PTumor3_TCTTCGGGTTCCCTTG-1	B	RCC-PR3	Tumor	FALSE
RCC-PR3-PTumor3_TCTTCGGTCAATCTCT-1	B	RCC-PR3	Tumor	FALSE
RCC-PR3-PTumor3_TCTTTCCAGCCCGAAA-1	B	RCC-PR3	Tumor	TRUE
RCC-PR3-PTumor3_TCTTTCCCAGATTGCT-1	B	RCC-PR3	Tumor	FALSE
RCC-PR3-PTumor3_TCTTTCCCAGCTGCAC-1	B	RCC-PR3	Tumor	FALSE
RCC-PR3-PTumor3_TCTTTCCGTACATGTC-1	B	RCC-PR3	Tumor	FALSE
RCC-PR3-PTumor3_TCTTTCCGTACCGAGA-1	B	RCC-PR3	Tumor	FALSE
RCC-PR3-PTumor3_TGAAAGATCCACGTTC-1	B	RCC-PR3	Tumor	FALSE
RCC-PR3-PTumor3_TGACAACAGTCTCGGC-1	B	RCC-PR3	Tumor	TRUE
RCC-PR3-PTumor3_TGACAACCAGACAGGT-1	B	RCC-PR3	Tumor	FALSE
RCC-PR3-PTumor3_TGACAACCAGCCACCA-1	B	RCC-PR3	Tumor	FALSE
RCC-PR3-PTumor3_TGACGGCAGTCTTGCA-1	B	RCC-PR3	Tumor	FALSE
RCC-PR3-PTumor3_TGACGGCTCAGCCTAA-1	B	RCC-PR3	Tumor	FALSE
RCC-PR3-PTumor3_TGACTTTGTAAGCACG-1	B	RCC-PR3	Tumor	TRUE
RCC-PR3-PTumor3_TGACTTTTCCTCTAGC-1	B	RCC-PR3	Tumor	TRUE
RCC-PR3-PTumor3_TGACTTTTCGCCGTGA-1	B	RCC-PR3	Tumor	FALSE
RCC-PR3-PTumor3_TGAGAGGCAATGCCAT-1	B	RCC-PR3	Tumor	TRUE
RCC-PR3-PTumor3_TGAGAGGCACTCGACG-1	B	RCC-PR3	Tumor	FALSE
RCC-PR3-PTumor3_TGAGCATAGGGCTTGA-1	B	RCC-PR3	Tumor	FALSE
RCC-PR3-PTumor3_TGAGCATCACATCCAA-1	B	RCC-PR3	Tumor	TRUE
RCC-PR3-PTumor3_TGAGCCGAGAGTAAGG-1	B	RCC-PR3	Tumor	FALSE
RCC-PR3-PTumor3_TGAGCCGTCAGCTTAG-1	B	RCC-PR3	Tumor	FALSE
RCC-PR3-PTumor3_TGAGCCGTCGAACTGT-1	B	RCC-PR3	Tumor	TRUE
RCC-PR3-PTumor3_TGAGGGATCAAAGTAG-1	B	RCC-PR3	Tumor	TRUE
RCC-PR3-PTumor3_TGATTTCAGACAGGCT-1	B	RCC-PR3	Tumor	TRUE
RCC-PR3-PTumor3_TGATTTCCAAGTCATC-1	B	RCC-PR3	Tumor	FALSE
RCC-PR3-PTumor3_TGATTTCCACGGTAGA-1	B	RCC-PR3	Tumor	FALSE
RCC-PR3-PTumor3_TGATTTCCATGCAACT-1	B	RCC-PR3	Tumor	TRUE
RCC-PR3-PTumor3_TGCACCTGTTAGGGTG-1	B	RCC-PR3	Tumor	FALSE
RCC-PR3-PTumor3_TGCCAAAAGCTTATCG-1	B	RCC-PR3	Tumor	FALSE
RCC-PR3-PTumor3_TGCCAAACAGATAATG-1	B	RCC-PR3	Tumor	TRUE
RCC-PR3-PTumor3_TGCCCATTCCATTCTA-1	B	RCC-PR3	Tumor	FALSE
RCC-PR3-PTumor3_TGCCCATTCTGCCCTA-1	B	RCC-PR3	Tumor	TRUE
RCC-PR3-PTumor3_TGCCCTAAGCACACAG-1	B	RCC-PR3	Tumor	TRUE
RCC-PR3-PTumor3_TGCCCTATCTTAACCT-1	B	RCC-PR3	Tumor	FALSE
RCC-PR3-PTumor3_TGCGCAGAGGGTCTCC-1	B	RCC-PR3	Tumor	FALSE
RCC-PR3-PTumor3_TGCGCAGCAAGTCTAC-1	B	RCC-PR3	Tumor	FALSE
RCC-PR3-PTumor3_TGCGCAGCAATAGCAA-1	B	RCC-PR3	Tumor	FALSE
RCC-PR3-PTumor3_TGCGGGTAGGCATTGG-1	B	RCC-PR3	Tumor	FALSE
RCC-PR3-PTumor3_TGCGGGTAGTGACATA-1	B	RCC-PR3	Tumor	FALSE
RCC-PR3-PTumor3_TGCGTGGGTCACCCAG-1	B	RCC-PR3	Tumor	TRUE
RCC-PR3-PTumor3_TGCTACCCAACGCACC-1	B	RCC-PR3	Tumor	TRUE
RCC-PR3-PTumor3_TGCTACCCACATCCAA-1	B	RCC-PR3	Tumor	FALSE
RCC-PR3-PTumor3_TGCTACCTCGTACGGC-1	B	RCC-PR3	Tumor	FALSE
RCC-PR3-PTumor3_TGGACGCAGGTGATTA-1	B	RCC-PR3	Tumor	TRUE
RCC-PR3-PTumor3_TGGACGCTCAAGCCTA-1	B	RCC-PR3	Tumor	TRUE
RCC-PR3-PTumor3_TGGCCAGTCGCTTGTC-1	B	RCC-PR3	Tumor	TRUE
RCC-PR3-PTumor3_TGGCGCAGTATCGCAT-1	B	RCC-PR3	Tumor	TRUE
RCC-PR3-PTumor3_TGGCTGGGTTCAGCGC-1	B	RCC-PR3	Tumor	FALSE
RCC-PR3-PTumor3_TGGCTGGTCAAGATCC-1	B	RCC-PR3	Tumor	TRUE
RCC-PR3-PTumor3_TGGGAAGCAATGGAGC-1	B	RCC-PR3	Tumor	TRUE
RCC-PR3-PTumor3_TGGGCGTAGAGAACAG-1	B	RCC-PR3	Tumor	FALSE
RCC-PR3-PTumor3_TGGGCGTGTCCAACTA-1	B	RCC-PR3	Tumor	FALSE
RCC-PR3-PTumor3_TGGGCGTTCGTCGTTC-1	B	RCC-PR3	Tumor	FALSE
RCC-PR3-PTumor3_TGGTTCCCACGAAATA-1	B	RCC-PR3	Tumor	FALSE
RCC-PR3-PTumor3_TGGTTCCTCAATAAGG-1	B	RCC-PR3	Tumor	FALSE
RCC-PR3-PTumor3_TGTATTCAGCCTATGT-1	B	RCC-PR3	Tumor	TRUE
RCC-PR3-PTumor3_TGTATTCAGGCAAAGA-1	B	RCC-PR3	Tumor	FALSE
RCC-PR3-PTumor3_TGTATTCCACGTCAGC-1	B	RCC-PR3	Tumor	FALSE
RCC-PR3-PTumor3_TGTATTCCATCGGACC-1	B	RCC-PR3	Tumor	FALSE
RCC-PR3-PTumor3_TGTATTCTCCAATGGT-1	B	RCC-PR3	Tumor	FALSE
RCC-PR3-PTumor3_TGTCCCAAGCCTCGTG-1	B	RCC-PR3	Tumor	TRUE
RCC-PR3-PTumor3_TGTCCCAAGGGTTCCC-1	B	RCC-PR3	Tumor	FALSE
RCC-PR3-PTumor3_TGTCCCACACGGTTTA-1	B	RCC-PR3	Tumor	TRUE
RCC-PR3-PTumor3_TGTGGTAAGACCTTTG-1	B	RCC-PR3	Tumor	FALSE
RCC-PR3-PTumor3_TGTGGTAGTAGGCTGA-1	B	RCC-PR3	Tumor	FALSE
RCC-PR3-PTumor3_TGTGGTAGTCAAAGCG-1	B	RCC-PR3	Tumor	TRUE
RCC-PR3-PTumor3_TGTGGTATCCACGTTC-1	B	RCC-PR3	Tumor	TRUE
RCC-PR3-PTumor3_TGTGTTTCAAGCTGGA-1	B	RCC-PR3	Tumor	TRUE
RCC-PR3-PTumor3_TGTGTTTTCTTTACAC-1	B	RCC-PR3	Tumor	FALSE
RCC-PR3-PTumor3_TGTTCCGAGAACAATC-1	B	RCC-PR3	Tumor	TRUE
RCC-PR3-PTumor3_TGTTCCGCAACACCCG-1	B	RCC-PR3	Tumor	FALSE
RCC-PR3-PTumor3_TGTTCCGCAGCTTAAC-1	B	RCC-PR3	Tumor	FALSE
RCC-PR3-PTumor3_TGTTCCGGTTCGTGAT-1	B	RCC-PR3	Tumor	FALSE
RCC-PR3-PTumor3_TTAACTCCAGGCGATA-1	B	RCC-PR3	Tumor	FALSE
RCC-PR3-PTumor3_TTAACTCTCGGAATCT-1	B	RCC-PR3	Tumor	TRUE
RCC-PR3-PTumor3_TTAGGCAAGCGTTGCC-1	B	RCC-PR3	Tumor	FALSE
RCC-PR3-PTumor3_TTAGGCAAGGCGATAC-1	B	RCC-PR3	Tumor	FALSE
RCC-PR3-PTumor3_TTAGGCACAAGTCATC-1	B	RCC-PR3	Tumor	TRUE
RCC-PR3-PTumor3_TTAGGCACACAGGCCT-1	B	RCC-PR3	Tumor	FALSE
RCC-PR3-PTumor3_TTAGGCATCACCTCGT-1	B	RCC-PR3	Tumor	TRUE
RCC-PR3-PTumor3_TTAGTTCAGGGTTCCC-1	B	RCC-PR3	Tumor	FALSE
RCC-PR3-PTumor3_TTAGTTCGTTCAGTAC-1	B	RCC-PR3	Tumor	TRUE
RCC-PR3-PTumor3_TTATGCTAGCGTGAGT-1	B	RCC-PR3	Tumor	FALSE
RCC-PR3-PTumor3_TTATGCTCAGTATAAG-1	B	RCC-PR3	Tumor	FALSE
RCC-PR3-PTumor3_TTATGCTGTGCACGAA-1	B	RCC-PR3	Tumor	TRUE
RCC-PR3-PTumor3_TTCCCAGGTGTTGGGA-1	B	RCC-PR3	Tumor	TRUE
RCC-PR3-PTumor3_TTCCCAGTCACAATGC-1	B	RCC-PR3	Tumor	TRUE
RCC-PR3-PTumor3_TTCCCAGTCTGAAAGA-1	B	RCC-PR3	Tumor	FALSE
RCC-PR3-PTumor3_TTCGAAGTCCCGGATG-1	B	RCC-PR3	Tumor	FALSE
RCC-PR3-PTumor3_TTCTACAGTCACACGC-1	B	RCC-PR3	Tumor	TRUE
RCC-PR3-PTumor3_TTCTCAAGTAGGGTAC-1	B	RCC-PR3	Tumor	TRUE
RCC-PR3-PTumor3_TTCTCCTCAGATAATG-1	B	RCC-PR3	Tumor	TRUE
RCC-PR3-PTumor3_TTCTCCTGTATGAATG-1	B	RCC-PR3	Tumor	FALSE
RCC-PR3-PTumor3_TTCTTAGGTAAACGCG-1	B	RCC-PR3	Tumor	FALSE
RCC-PR3-PTumor3_TTCTTAGGTAAGCACG-1	B	RCC-PR3	Tumor	FALSE
RCC-PR3-PTumor3_TTCTTAGGTTACAGAA-1	B	RCC-PR3	Tumor	FALSE
RCC-PR3-PTumor3_TTCTTAGTCTGTCCGT-1	B	RCC-PR3	Tumor	TRUE
RCC-PR3-PTumor3_TTGAACGCAGCTATTG-1	B	RCC-PR3	Tumor	TRUE
RCC-PR3-PTumor3_TTGACTTCATAGAAAC-1	B	RCC-PR3	Tumor	FALSE
RCC-PR3-PTumor3_TTGACTTGTCCGTTAA-1	B	RCC-PR3	Tumor	TRUE
RCC-PR3-PTumor3_TTGCCGTCATTACCTT-1	B	RCC-PR3	Tumor	FALSE
RCC-PR3-PTumor3_TTGCCGTGTTTACTCT-1	B	RCC-PR3	Tumor	FALSE
RCC-PR3-PTumor3_TTGCCGTTCATCACCC-1	B	RCC-PR3	Tumor	FALSE
RCC-PR3-PTumor3_TTGCGTCCAAGAGGCT-1	B	RCC-PR3	Tumor	TRUE
RCC-PR3-PTumor3_TTGCGTCTCACAGTAC-1	B	RCC-PR3	Tumor	FALSE
RCC-PR3-PTumor3_TTGCGTCTCCTATTCA-1	B	RCC-PR3	Tumor	FALSE
RCC-PR3-PTumor3_TTGGAACAGGATATAC-1	B	RCC-PR3	Tumor	TRUE
RCC-PR3-PTumor3_TTGGAACCATGTCCTC-1	B	RCC-PR3	Tumor	FALSE
RCC-PR3-PTumor3_TTGGCAAGTAATCGTC-1	B	RCC-PR3	Tumor	FALSE
RCC-PR3-PTumor3_TTGGCAATCGCCTGAG-1	B	RCC-PR3	Tumor	TRUE
RCC-PR3-PTumor3_TTGGCAATCGTACGGC-1	B	RCC-PR3	Tumor	FALSE
RCC-PR3-PTumor3_TTGTAGGAGAGTGACC-1	B	RCC-PR3	Tumor	TRUE
RCC-PR3-PTumor3_TTGTAGGAGCTCCTTC-1	B	RCC-PR3	Tumor	FALSE
RCC-PR3-PTumor3_TTGTAGGAGTCATGCT-1	B	RCC-PR3	Tumor	TRUE
RCC-PR3-PTumor3_TTGTAGGCAAGCCCAC-1	B	RCC-PR3	Tumor	FALSE
RCC-PR3-PTumor3_TTTACTGAGAACAACT-1	B	RCC-PR3	Tumor	TRUE
RCC-PR3-PTumor3_TTTACTGCACGTCTCT-1	B	RCC-PR3	Tumor	TRUE
RCC-PR3-PTumor3_TTTACTGGTAAAGTCA-1	B	RCC-PR3	Tumor	TRUE
RCC-PR3-PTumor3_TTTATGCAGACAGACC-1	B	RCC-PR3	Tumor	FALSE
RCC-PR3-PTumor3_TTTATGCCATGCCACG-1	B	RCC-PR3	Tumor	TRUE
RCC-PR3-PTumor3_TTTCCTCAGCTAGGCA-1	B	RCC-PR3	Tumor	TRUE
RCC-PR3-PTumor3_TTTCCTCAGTACACCT-1	B	RCC-PR3	Tumor	TRUE
RCC-PR3-PTumor3_TTTCCTCCAGGTTTCA-1	B	RCC-PR3	Tumor	FALSE
RCC-PR3-PTumor3_TTTCCTCCATGAGCGA-1	B	RCC-PR3	Tumor	TRUE
RCC-PR3-PTumor3_TTTCCTCGTAAGCACG-1	B	RCC-PR3	Tumor	FALSE
RCC-PR3-PTumor3_TTTCCTCGTTCCCGAG-1	B	RCC-PR3	Tumor	FALSE
RCC-PR3-PTumor3_TTTCCTCTCGTGTAGT-1	B	RCC-PR3	Tumor	FALSE
RCC-PR3-PTumor3_TTTGCGCCAACTGCGC-1	B	RCC-PR3	Tumor	FALSE
RCC-PR3-PTumor3_TTTGCGCTCCTTGGTC-1	B	RCC-PR3	Tumor	FALSE
RCC-PR3-PTumor3_TTTGGTTGTAGCTCCG-1	B	RCC-PR3	Tumor	TRUE
RCC-PR3-PTumor3_TTTGGTTTCTTAGAGC-1	B	RCC-PR3	Tumor	FALSE
RCC-PR3-PTumor3_TTTGTCAAGGGTTCCC-1	B	RCC-PR3	Tumor	FALSE
RCC-PR3-PTumor3_TTTGTCATCCTCCTAG-1	B	RCC-PR3	Tumor	FALSE
GSM4819725_AACTTTCAGGATGGAA-1	C	Patient SS_2005	Tumor	FALSE
GSM4819725_AGTCTTTGTGCATCTA-1	C	Patient SS_2005	Tumor	FALSE
GSM4819725_ATAAGAGTCGCGTTTC-1	C	Patient SS_2005	Tumor	FALSE
GSM4819725_ATCACGATCATTGCGA-1	C	Patient SS_2005	Tumor	FALSE
GSM4819725_CCGTGGATCGTGGTCG-1	C	Patient SS_2005	Tumor	FALSE
GSM4819725_CTCAGAACAATTCCTT-1	C	Patient SS_2005	Tumor	FALSE
GSM4819725_CTCAGAATCGTTGCCT-1	C	Patient SS_2005	Tumor	FALSE
GSM4819725_CTCCTAGCATAGAAAC-1	C	Patient SS_2005	Tumor	FALSE
GSM4819725_GCGCAGTGTCGACTGC-1	C	Patient SS_2005	Tumor	FALSE
GSM4819725_GGCAATTAGATCGGGT-1	C	Patient SS_2005	Tumor	FALSE
GSM4819725_GGCTGGTAGTGCCAGA-1	C	Patient SS_2005	Tumor	FALSE
GSM4819725_GTCATTTAGCATGGCA-1	C	Patient SS_2005	Tumor	FALSE
GSM4819725_GTGCATACATCAGTAC-1	C	Patient SS_2005	Tumor	FALSE
GSM4819725_TCTGAGAGTCTCATCC-1	C	Patient SS_2005	Tumor	FALSE
GSM4819725_TTAGGCACATTATCTC-1	C	Patient SS_2005	Tumor	FALSE
GSM4819726_AACCGCGGTCGCGAAA-1	C	Patient SS_2006	Tumor	FALSE
GSM4819726_AACTTTCGTCTCACCT-1	C	Patient SS_2006	Tumor	FALSE
GSM4819726_AAGACCTAGATAGCAT-1	C	Patient SS_2006	Tumor	FALSE
GSM4819726_AAGGCAGTCTTCAACT-1	C	Patient SS_2006	Tumor	FALSE
GSM4819726_AAGTCTGGTAGAGGAA-1	C	Patient SS_2006	Tumor	FALSE
GSM4819726_AATCGGTCATAAAGGT-1	C	Patient SS_2006	Tumor	FALSE
GSM4819726_AATCGGTGTTCTGAAC-1	C	Patient SS_2006	Tumor	FALSE
GSM4819726_ACATACGGTCTTGATG-1	C	Patient SS_2006	Tumor	FALSE
GSM4819726_ACGAGCCAGTATTGGA-1	C	Patient SS_2006	Tumor	FALSE
GSM4819726_ACGCAGCCACCATGTA-1	C	Patient SS_2006	Tumor	FALSE
GSM4819726_ACGGCCAAGTATTGGA-1	C	Patient SS_2006	Tumor	FALSE
GSM4819726_ACGGCCATCCACGCAG-1	C	Patient SS_2006	Tumor	FALSE
GSM4819726_ACGTCAAAGAGGGATA-1	C	Patient SS_2006	Tumor	FALSE
GSM4819726_ACTGAACCAGTCCTTC-1	C	Patient SS_2006	Tumor	FALSE
GSM4819726_ACTGCTCCATAGAAAC-1	C	Patient SS_2006	Tumor	FALSE
GSM4819726_ACTGTCCTCTTACCTA-1	C	Patient SS_2006	Tumor	FALSE
GSM4819726_ACTTGTTAGGCTACGA-1	C	Patient SS_2006	Tumor	FALSE
GSM4819726_AGATTGCAGCTCCTCT-1	C	Patient SS_2006	Tumor	FALSE
GSM4819726_AGCGTATAGCCTTGAT-1	C	Patient SS_2006	Tumor	FALSE
GSM4819726_AGCTTGACAATAAGCA-1	C	Patient SS_2006	Tumor	FALSE
GSM4819726_AGGCCACTCCCTTGTG-1	C	Patient SS_2006	Tumor	FALSE
GSM4819726_AGGCCGTTCCGCATAA-1	C	Patient SS_2006	Tumor	FALSE
GSM4819726_AGGTCATTCACTTACT-1	C	Patient SS_2006	Tumor	FALSE
GSM4819726_AGTGAGGAGCTAACTC-1	C	Patient SS_2006	Tumor	FALSE
GSM4819726_AGTGAGGAGGATGCGT-1	C	Patient SS_2006	Tumor	FALSE
GSM4819726_ATAACGCAGCGTTGCC-1	C	Patient SS_2006	Tumor	TRUE
GSM4819726_ATAGACCAGCTTTGGT-1	C	Patient SS_2006	Tumor	FALSE
GSM4819726_ATGGGAGGTTAAGACA-1	C	Patient SS_2006	Tumor	FALSE
GSM4819726_ATTATCCAGTCCGTAT-1	C	Patient SS_2006	Tumor	FALSE
GSM4819726_ATTGGACGTTAAGATG-1	C	Patient SS_2006	Tumor	FALSE
GSM4819726_ATTGGTGTCTTGACGA-1	C	Patient SS_2006	Tumor	FALSE
GSM4819726_CAACCAAGTACGCTGC-1	C	Patient SS_2006	Tumor	FALSE
GSM4819726_CAAGAAACATAAAGGT-1	C	Patient SS_2006	Tumor	FALSE
GSM4819726_CACATAGAGACCTAGG-1	C	Patient SS_2006	Tumor	FALSE
GSM4819726_CACCACTTCTCCGGTT-1	C	Patient SS_2006	Tumor	FALSE
GSM4819726_CACCTTGCACAACGCC-1	C	Patient SS_2006	Tumor	FALSE
GSM4819726_CAGAATCCACTCAGGC-1	C	Patient SS_2006	Tumor	FALSE
GSM4819726_CAGAGAGCACTGAAGG-1	C	Patient SS_2006	Tumor	FALSE
GSM4819726_CAGCATAAGCGTAGTG-1	C	Patient SS_2006	Tumor	FALSE
GSM4819726_CAGCATATCCTATTCA-1	C	Patient SS_2006	Tumor	FALSE
GSM4819726_CAGCGACTCTCGATGA-1	C	Patient SS_2006	Tumor	FALSE
GSM4819726_CATCAAGCAATGACCT-1	C	Patient SS_2006	Tumor	FALSE
GSM4819726_CATCCACAGATGCCAG-1	C	Patient SS_2006	Tumor	FALSE
GSM4819726_CATCGGGTCAGTGTTG-1	C	Patient SS_2006	Tumor	FALSE
GSM4819726_CATGCCTGTTTGTTTC-1	C	Patient SS_2006	Tumor	FALSE
GSM4819726_CATTATCGTAGGCATG-1	C	Patient SS_2006	Tumor	FALSE
GSM4819726_CCAGCGACAAAGGCGT-1	C	Patient SS_2006	Tumor	FALSE
GSM4819726_CCATGTCAGATATGCA-1	C	Patient SS_2006	Tumor	FALSE
GSM4819726_CCATGTCCAGCCTTGG-1	C	Patient SS_2006	Tumor	FALSE
GSM4819726_CCCAATCTCCGCGCAA-1	C	Patient SS_2006	Tumor	FALSE
GSM4819726_CCCTCCTTCTATCCTA-1	C	Patient SS_2006	Tumor	TRUE
GSM4819726_CCGGGATAGATGTGTA-1	C	Patient SS_2006	Tumor	FALSE
GSM4819726_CCTACACAGAGTGACC-1	C	Patient SS_2006	Tumor	FALSE
GSM4819726_CCTACCAGTGCAGGTA-1	C	Patient SS_2006	Tumor	FALSE
GSM4819726_CCTCTGAAGCTAGGCA-1	C	Patient SS_2006	Tumor	FALSE
GSM4819726_CCTTCGAGTCTGCGGT-1	C	Patient SS_2006	Tumor	FALSE
GSM4819726_CCTTTCTTCAATCACG-1	C	Patient SS_2006	Tumor	FALSE
GSM4819726_CGAACATGTGACAAAT-1	C	Patient SS_2006	Tumor	FALSE
GSM4819726_CGATGTAGTATCTGCA-1	C	Patient SS_2006	Tumor	FALSE
GSM4819726_CGATTGAAGAAGCCCA-1	C	Patient SS_2006	Tumor	FALSE
GSM4819726_CGCTATCAGCTAGGCA-1	C	Patient SS_2006	Tumor	FALSE
GSM4819726_CGCTGGAGTCGTGGCT-1	C	Patient SS_2006	Tumor	TRUE
GSM4819726_CGGACACTCCAAACTG-1	C	Patient SS_2006	Tumor	FALSE
GSM4819726_CGTCCATTCATCTGCC-1	C	Patient SS_2006	Tumor	FALSE
GSM4819726_CGTCTACTCAGAGCTT-1	C	Patient SS_2006	Tumor	FALSE
GSM4819726_CGTCTACTCAGCTGGC-1	C	Patient SS_2006	Tumor	FALSE
GSM4819726_CGTGTCTGTCGAACAG-1	C	Patient SS_2006	Tumor	FALSE
GSM4819726_CGTTAGATCTGATTCT-1	C	Patient SS_2006	Tumor	FALSE
GSM4819726_CGTTGGGCACACAGAG-1	C	Patient SS_2006	Tumor	FALSE
GSM4819726_CTACATTGTCTGATCA-1	C	Patient SS_2006	Tumor	FALSE
GSM4819726_CTACCCATCAAGCCTA-1	C	Patient SS_2006	Tumor	FALSE
GSM4819726_CTAGCCTCAAGACACG-1	C	Patient SS_2006	Tumor	FALSE
GSM4819726_CTAGCCTGTGAGGGAG-1	C	Patient SS_2006	Tumor	FALSE
GSM4819726_CTCGGAGAGTAGTGCG-1	C	Patient SS_2006	Tumor	FALSE
GSM4819726_CTCTGGTGTTCCACGG-1	C	Patient SS_2006	Tumor	FALSE
GSM4819726_CTGGTCTTCACAAACC-1	C	Patient SS_2006	Tumor	FALSE
GSM4819726_CTTACCGGTAGGAGTC-1	C	Patient SS_2006	Tumor	FALSE
GSM4819726_CTTACCGGTGATGCCC-1	C	Patient SS_2006	Tumor	FALSE
GSM4819726_GAAATGACACTGCCAG-1	C	Patient SS_2006	Tumor	FALSE
GSM4819726_GAACCTAAGCTAACTC-1	C	Patient SS_2006	Tumor	FALSE
GSM4819726_GAACCTATCTACCAGA-1	C	Patient SS_2006	Tumor	TRUE
GSM4819726_GAAGCAGGTTCCTCCA-1	C	Patient SS_2006	Tumor	FALSE
GSM4819726_GATCAGTTCAGCGATT-1	C	Patient SS_2006	Tumor	FALSE
GSM4819726_GATCTAGGTGATAAAC-1	C	Patient SS_2006	Tumor	FALSE
GSM4819726_GCACATAAGACCTTTG-1	C	Patient SS_2006	Tumor	FALSE
GSM4819726_GCAGCCAAGGTCATCT-1	C	Patient SS_2006	Tumor	FALSE
GSM4819726_GCAGTTATCACAAACC-1	C	Patient SS_2006	Tumor	FALSE
GSM4819726_GCATGATAGCTCCTCT-1	C	Patient SS_2006	Tumor	FALSE
GSM4819726_GCCAAATGTTGACGTT-1	C	Patient SS_2006	Tumor	FALSE
GSM4819726_GCGAGAACATTGGCGC-1	C	Patient SS_2006	Tumor	FALSE
GSM4819726_GCGCCAACATTTGCTT-1	C	Patient SS_2006	Tumor	FALSE
GSM4819726_GCTGGGTGTTCTCATT-1	C	Patient SS_2006	Tumor	FALSE
GSM4819726_GCTTCCACAGCCAGAA-1	C	Patient SS_2006	Tumor	FALSE
GSM4819726_GGAATAAAGGGATACC-1	C	Patient SS_2006	Tumor	FALSE
GSM4819726_GGACAGACAATAGCGG-1	C	Patient SS_2006	Tumor	FALSE
GSM4819726_GGACAGACATCCTAGA-1	C	Patient SS_2006	Tumor	FALSE
GSM4819726_GGACAGATCTACTATC-1	C	Patient SS_2006	Tumor	FALSE
GSM4819726_GGACGTCCATCTATGG-1	C	Patient SS_2006	Tumor	FALSE
GSM4819726_GGAGCAACATTAGCCA-1	C	Patient SS_2006	Tumor	FALSE
GSM4819726_GGGACCTGTAGCGTAG-1	C	Patient SS_2006	Tumor	FALSE
GSM4819726_GGGCACTAGCCTATGT-1	C	Patient SS_2006	Tumor	FALSE
GSM4819726_GGGCATCAGGGTTCCC-1	C	Patient SS_2006	Tumor	FALSE
GSM4819726_GGGTCTGTCTTCTGGC-1	C	Patient SS_2006	Tumor	FALSE
GSM4819726_GGGTTGCAGGGATACC-1	C	Patient SS_2006	Tumor	FALSE
GSM4819726_GTACTCCAGTTCGCAT-1	C	Patient SS_2006	Tumor	FALSE
GSM4819726_GTGCGGTAGGGTATCG-1	C	Patient SS_2006	Tumor	FALSE
GSM4819726_GTGTTAGGTGCACGAA-1	C	Patient SS_2006	Tumor	FALSE
GSM4819726_GTTCTCGAGCACAGGT-1	C	Patient SS_2006	Tumor	FALSE
GSM4819726_GTTTCTAGTATTCTCT-1	C	Patient SS_2006	Tumor	FALSE
GSM4819726_TAAGTGCTCATGTCCC-1	C	Patient SS_2006	Tumor	FALSE
GSM4819726_TACCTATCAGGTTTCA-1	C	Patient SS_2006	Tumor	FALSE
GSM4819726_TACTCGCTCCGCATCT-1	C	Patient SS_2006	Tumor	FALSE
GSM4819726_TAGACCATCCAGAGGA-1	C	Patient SS_2006	Tumor	FALSE
GSM4819726_TAGTTGGGTCAATGTC-1	C	Patient SS_2006	Tumor	FALSE
GSM4819726_TATCTCAAGCAGACTG-1	C	Patient SS_2006	Tumor	FALSE
GSM4819726_TATCTCAGTGACTACT-1	C	Patient SS_2006	Tumor	FALSE
GSM4819726_TCAACGACACAAGCCC-1	C	Patient SS_2006	Tumor	FALSE
GSM4819726_TCAATCTGTGCAGTAG-1	C	Patient SS_2006	Tumor	FALSE
GSM4819726_TCACGAATCCGGCACA-1	C	Patient SS_2006	Tumor	FALSE
GSM4819726_TCAGCTCCACACCGCA-1	C	Patient SS_2006	Tumor	FALSE
GSM4819726_TCAGGTAGTTTGGGCC-1	C	Patient SS_2006	Tumor	FALSE
GSM4819726_TCATTTGAGGCGCTCT-1	C	Patient SS_2006	Tumor	FALSE
GSM4819726_TCGCGTTGTAGCCTAT-1	C	Patient SS_2006	Tumor	FALSE
GSM4819726_TCGGGACAGATGTTAG-1	C	Patient SS_2006	Tumor	FALSE
GSM4819726_TCTCTAATCTTTCCTC-1	C	Patient SS_2006	Tumor	FALSE
GSM4819726_TCTGGAATCTTGCCGT-1	C	Patient SS_2006	Tumor	FALSE
GSM4819726_TCTTTCCGTGATGTGG-1	C	Patient SS_2006	Tumor	FALSE
GSM4819726_TGACAACCAAGACACG-1	C	Patient SS_2006	Tumor	FALSE
GSM4819726_TGAGCATTCGAATGGG-1	C	Patient SS_2006	Tumor	FALSE
GSM4819726_TGCCCATAGGGATACC-1	C	Patient SS_2006	Tumor	FALSE
GSM4819726_TGCTGCTGTGCAGACA-1	C	Patient SS_2006	Tumor	FALSE
GSM4819726_TGGCCAGAGGAGTCTG-1	C	Patient SS_2006	Tumor	FALSE
GSM4819726_TGTATTCTCCCAAGTA-1	C	Patient SS_2006	Tumor	FALSE
GSM4819726_TGTCCCAAGACTAGGC-1	C	Patient SS_2006	Tumor	FALSE
GSM4819726_TGTCCCACATGTCTCC-1	C	Patient SS_2006	Tumor	FALSE
GSM4819726_TGTGGTATCTCGCATC-1	C	Patient SS_2006	Tumor	FALSE
GSM4819726_TTAGGCATCACGCATA-1	C	Patient SS_2006	Tumor	FALSE
GSM4819726_TTATGCTTCGCTAGCG-1	C	Patient SS_2006	Tumor	FALSE
GSM4819726_TTGGCAACACGTCTCT-1	C	Patient SS_2006	Tumor	FALSE
GSM4819726_TTGGCAAGTCAGCTAT-1	C	Patient SS_2006	Tumor	FALSE
GSM4819727_AAACGGGCACAGTCGC-1	C	Patient SS_2006	Adjacent	FALSE
GSM4819727_AAACGGGTCTACGAGT-1	C	Patient SS_2006	Adjacent	FALSE
GSM4819727_AACTCCCAGACAGACC-1	C	Patient SS_2006	Adjacent	FALSE
GSM4819727_AACTCCCTCCGCTGTT-1	C	Patient SS_2006	Adjacent	FALSE
GSM4819727_AACTCCCTCGTCCAGG-1	C	Patient SS_2006	Adjacent	FALSE
GSM4819727_AACTTTCAGCTGTCTA-1	C	Patient SS_2006	Adjacent	FALSE
GSM4819727_AACTTTCTCGTACCGG-1	C	Patient SS_2006	Adjacent	FALSE
GSM4819727_AAGACCTAGCAGCGTA-1	C	Patient SS_2006	Adjacent	FALSE
GSM4819727_AAGACCTGTTATCGGT-1	C	Patient SS_2006	Adjacent	FALSE
GSM4819727_AAGCCGCCACAGGCCT-1	C	Patient SS_2006	Adjacent	FALSE
GSM4819727_AAGGAGCTCGACCAGC-1	C	Patient SS_2006	Adjacent	FALSE
GSM4819727_AAGGCAGAGCCAGGAT-1	C	Patient SS_2006	Adjacent	FALSE
GSM4819727_AAGGTTCAGCACGCCT-1	C	Patient SS_2006	Adjacent	FALSE
GSM4819727_AAGGTTCCATGGATGG-1	C	Patient SS_2006	Adjacent	FALSE
GSM4819727_AAGTCTGCATATACGC-1	C	Patient SS_2006	Adjacent	FALSE
GSM4819727_ACACCCTAGACCACGA-1	C	Patient SS_2006	Adjacent	FALSE
GSM4819727_ACACCCTGTACGCACC-1	C	Patient SS_2006	Adjacent	FALSE
GSM4819727_ACACCGGTCAAACGGG-1	C	Patient SS_2006	Adjacent	FALSE
GSM4819727_ACACCGGTCCACTGGG-1	C	Patient SS_2006	Adjacent	FALSE
GSM4819727_ACACTGAAGTGAAGTT-1	C	Patient SS_2006	Adjacent	FALSE
GSM4819727_ACAGCCGGTTCCGTCT-1	C	Patient SS_2006	Adjacent	FALSE
GSM4819727_ACATGGTTCGGAGCAA-1	C	Patient SS_2006	Adjacent	FALSE
GSM4819727_ACCGTAAGTCAAAGCG-1	C	Patient SS_2006	Adjacent	FALSE
GSM4819727_ACCTTTATCAACACAC-1	C	Patient SS_2006	Adjacent	FALSE
GSM4819727_ACGAGCCCAAGTTGTC-1	C	Patient SS_2006	Adjacent	FALSE
GSM4819727_ACGAGCCTCTTACCTA-1	C	Patient SS_2006	Adjacent	FALSE
GSM4819727_ACGATACCAGGTTTCA-1	C	Patient SS_2006	Adjacent	FALSE
GSM4819727_ACGCAGCAGAACAATC-1	C	Patient SS_2006	Adjacent	FALSE
GSM4819727_ACGCCAGAGGCAGGTT-1	C	Patient SS_2006	Adjacent	FALSE
GSM4819727_ACGGAGAAGCCCAACC-1	C	Patient SS_2006	Adjacent	TRUE
GSM4819727_ACGGAGACACAGCCCA-1	C	Patient SS_2006	Adjacent	FALSE
GSM4819727_ACGGGTCGTCTCGTTC-1	C	Patient SS_2006	Adjacent	FALSE
GSM4819727_ACGTCAAAGTGAATTG-1	C	Patient SS_2006	Adjacent	FALSE
GSM4819727_ACGTCAAGTAAGAGGA-1	C	Patient SS_2006	Adjacent	FALSE
GSM4819727_ACTGAACCATCAGTAC-1	C	Patient SS_2006	Adjacent	FALSE
GSM4819727_ACTGCTCGTTCGCTAA-1	C	Patient SS_2006	Adjacent	FALSE
GSM4819727_ACTGTCCAGCTGGAAC-1	C	Patient SS_2006	Adjacent	FALSE
GSM4819727_AGACGTTGTTCACCTC-1	C	Patient SS_2006	Adjacent	FALSE
GSM4819727_AGAGTGGAGTGTGGCA-1	C	Patient SS_2006	Adjacent	FALSE
GSM4819727_AGAGTGGCAGTCAGAG-1	C	Patient SS_2006	Adjacent	FALSE
GSM4819727_AGAGTGGCATAACCTG-1	C	Patient SS_2006	Adjacent	FALSE
GSM4819727_AGATCTGTCGATCCCT-1	C	Patient SS_2006	Adjacent	FALSE
GSM4819727_AGCATACAGACCACGA-1	C	Patient SS_2006	Adjacent	FALSE
GSM4819727_AGCATACGTAAGGGAA-1	C	Patient SS_2006	Adjacent	FALSE
GSM4819727_AGCCTAATCACTTACT-1	C	Patient SS_2006	Adjacent	FALSE
GSM4819727_AGCGGTCCAATCTACG-1	C	Patient SS_2006	Adjacent	FALSE
GSM4819727_AGCTCCTTCCTCGCAT-1	C	Patient SS_2006	Adjacent	FALSE
GSM4819727_AGCTCTCAGGACATTA-1	C	Patient SS_2006	Adjacent	FALSE
GSM4819727_AGTGTCAAGACGCAAC-1	C	Patient SS_2006	Adjacent	FALSE
GSM4819727_AGTTGGTAGTAGTGCG-1	C	Patient SS_2006	Adjacent	FALSE
GSM4819727_AGTTGGTTCAAGATCC-1	C	Patient SS_2006	Adjacent	FALSE
GSM4819727_ATAACGCAGTGAAGTT-1	C	Patient SS_2006	Adjacent	FALSE
GSM4819727_ATAGACCTCGTCCGTT-1	C	Patient SS_2006	Adjacent	FALSE
GSM4819727_ATAGACCTCTGCTGTC-1	C	Patient SS_2006	Adjacent	FALSE
GSM4819727_ATCCACCGTTAAGAAC-1	C	Patient SS_2006	Adjacent	FALSE
GSM4819727_ATCGAGTGTGAGGGAG-1	C	Patient SS_2006	Adjacent	FALSE
GSM4819727_ATCTACTTCACCAGGC-1	C	Patient SS_2006	Adjacent	FALSE
GSM4819727_ATGCGATGTAAGTGGC-1	C	Patient SS_2006	Adjacent	FALSE
GSM4819727_ATGTGTGAGAAACCGC-1	C	Patient SS_2006	Adjacent	FALSE
GSM4819727_ATGTGTGGTGTGAATA-1	C	Patient SS_2006	Adjacent	FALSE
GSM4819727_ATTATCCAGACTGTAA-1	C	Patient SS_2006	Adjacent	FALSE
GSM4819727_ATTTCTGCATTCACTT-1	C	Patient SS_2006	Adjacent	FALSE
GSM4819727_CAACTAGGTATGAATG-1	C	Patient SS_2006	Adjacent	FALSE
GSM4819727_CAAGTTGGTGATAAAC-1	C	Patient SS_2006	Adjacent	FALSE
GSM4819727_CACAAACCAGCATACT-1	C	Patient SS_2006	Adjacent	FALSE
GSM4819727_CACACTCGTTCCACAA-1	C	Patient SS_2006	Adjacent	FALSE
GSM4819727_CACACTCTCGACGGAA-1	C	Patient SS_2006	Adjacent	FALSE
GSM4819727_CACAGTAAGCCTCGTG-1	C	Patient SS_2006	Adjacent	FALSE
GSM4819727_CACCACTCAAAGGTGC-1	C	Patient SS_2006	Adjacent	FALSE
GSM4819727_CAGAGAGCACATTAGC-1	C	Patient SS_2006	Adjacent	FALSE
GSM4819727_CAGATCACAAAGGTGC-1	C	Patient SS_2006	Adjacent	FALSE
GSM4819727_CAGATCACAAGTTGTC-1	C	Patient SS_2006	Adjacent	FALSE
GSM4819727_CAGCAGCAGCTAACAA-1	C	Patient SS_2006	Adjacent	FALSE
GSM4819727_CAGCAGCCACTAAGTC-1	C	Patient SS_2006	Adjacent	FALSE
GSM4819727_CAGCATAGTCCAAGTT-1	C	Patient SS_2006	Adjacent	FALSE
GSM4819727_CAGCTGGGTATTCGTG-1	C	Patient SS_2006	Adjacent	FALSE
GSM4819727_CAGTAACGTACAGTTC-1	C	Patient SS_2006	Adjacent	FALSE
GSM4819727_CATATTCAGGCGTACA-1	C	Patient SS_2006	Adjacent	FALSE
GSM4819727_CATCAGACAATCAGAA-1	C	Patient SS_2006	Adjacent	FALSE
GSM4819727_CATCCACTCTGTTTGT-1	C	Patient SS_2006	Adjacent	FALSE
GSM4819727_CATGGCGAGCTCTCGG-1	C	Patient SS_2006	Adjacent	FALSE
GSM4819727_CCACCTATCTTAGAGC-1	C	Patient SS_2006	Adjacent	FALSE
GSM4819727_CCACGGACACATTAGC-1	C	Patient SS_2006	Adjacent	FALSE
GSM4819727_CCACGGATCAGTTCGA-1	C	Patient SS_2006	Adjacent	FALSE
GSM4819727_CCACTACAGACCGGAT-1	C	Patient SS_2006	Adjacent	FALSE
GSM4819727_CCATGTCTCTACTATC-1	C	Patient SS_2006	Adjacent	FALSE
GSM4819727_CCCAGTTAGTGTACGG-1	C	Patient SS_2006	Adjacent	FALSE
GSM4819727_CCCAGTTTCACTCTTA-1	C	Patient SS_2006	Adjacent	FALSE
GSM4819727_CCGTGGATCCTAGTGA-1	C	Patient SS_2006	Adjacent	FALSE
GSM4819727_CCGTGGATCTCGTATT-1	C	Patient SS_2006	Adjacent	FALSE
GSM4819727_CCTAAAGCAAGGGTCA-1	C	Patient SS_2006	Adjacent	FALSE
GSM4819727_CCTAAAGTCTTCCTTC-1	C	Patient SS_2006	Adjacent	FALSE
GSM4819727_CCTACACGTCATCCCT-1	C	Patient SS_2006	Adjacent	FALSE
GSM4819727_CCTACCAGTGGTAACG-1	C	Patient SS_2006	Adjacent	FALSE
GSM4819727_CCTCAGTCACCAGTTA-1	C	Patient SS_2006	Adjacent	FALSE
GSM4819727_CCTCTGAAGCCTATGT-1	C	Patient SS_2006	Adjacent	FALSE
GSM4819727_CCTCTGACATCCTTGC-1	C	Patient SS_2006	Adjacent	FALSE
GSM4819727_CCTTCGAGTTAAGTAG-1	C	Patient SS_2006	Adjacent	FALSE
GSM4819727_CCTTTCTAGCTGCGAA-1	C	Patient SS_2006	Adjacent	FALSE
GSM4819727_CCTTTCTGTACCGTTA-1	C	Patient SS_2006	Adjacent	FALSE
GSM4819727_CGAATGTCAGACAGGT-1	C	Patient SS_2006	Adjacent	FALSE
GSM4819727_CGAATGTGTAGCGTAG-1	C	Patient SS_2006	Adjacent	FALSE
GSM4819727_CGACTTCAGTCAAGGC-1	C	Patient SS_2006	Adjacent	FALSE
GSM4819727_CGACTTCCACACCGAC-1	C	Patient SS_2006	Adjacent	FALSE
GSM4819727_CGACTTCCACATCTTT-1	C	Patient SS_2006	Adjacent	FALSE
GSM4819727_CGAGAAGTCTCTTGAT-1	C	Patient SS_2006	Adjacent	FALSE
GSM4819727_CGAGCACTCGGCGCTA-1	C	Patient SS_2006	Adjacent	FALSE
GSM4819727_CGAGCACTCTCGATGA-1	C	Patient SS_2006	Adjacent	FALSE
GSM4819727_CGATCGGGTGACCAAG-1	C	Patient SS_2006	Adjacent	FALSE
GSM4819727_CGATGGCGTTGATTCG-1	C	Patient SS_2006	Adjacent	FALSE
GSM4819727_CGATGTACATATGGTC-1	C	Patient SS_2006	Adjacent	FALSE
GSM4819727_CGATTGAGTGGGTCAA-1	C	Patient SS_2006	Adjacent	FALSE
GSM4819727_CGCGGTAGTGCTCTTC-1	C	Patient SS_2006	Adjacent	FALSE
GSM4819727_CGCGTTTGTCCAACTA-1	C	Patient SS_2006	Adjacent	FALSE
GSM4819727_CGCTATCAGACACGAC-1	C	Patient SS_2006	Adjacent	FALSE
GSM4819727_CGCTGGAGTCTGATCA-1	C	Patient SS_2006	Adjacent	FALSE
GSM4819727_CGGAGCTTCGGAAATA-1	C	Patient SS_2006	Adjacent	FALSE
GSM4819727_CGGAGTCTCGCACTCT-1	C	Patient SS_2006	Adjacent	FALSE
GSM4819727_CGTAGCGGTTGGTGGA-1	C	Patient SS_2006	Adjacent	FALSE
GSM4819727_CGTAGCGTCATGCATG-1	C	Patient SS_2006	Adjacent	TRUE
GSM4819727_CGTGTCTCAGTCGTGC-1	C	Patient SS_2006	Adjacent	FALSE
GSM4819727_CGTTAGACACGTCAGC-1	C	Patient SS_2006	Adjacent	FALSE
GSM4819727_CTAACTTAGACCGGAT-1	C	Patient SS_2006	Adjacent	TRUE
GSM4819727_CTAAGACTCCTACAGA-1	C	Patient SS_2006	Adjacent	FALSE
GSM4819727_CTACATTGTCTAGCGC-1	C	Patient SS_2006	Adjacent	FALSE
GSM4819727_CTACCCACATGGGACA-1	C	Patient SS_2006	Adjacent	FALSE
GSM4819727_CTCAGAACATGTAAGA-1	C	Patient SS_2006	Adjacent	FALSE
GSM4819727_CTCGAAACACAGGCCT-1	C	Patient SS_2006	Adjacent	FALSE
GSM4819727_CTCGAAACAGCAGTTT-1	C	Patient SS_2006	Adjacent	FALSE
GSM4819727_CTCGAGGTCGGCGCTA-1	C	Patient SS_2006	Adjacent	FALSE
GSM4819727_CTCGGAGAGGGCTTGA-1	C	Patient SS_2006	Adjacent	FALSE
GSM4819727_CTCGGGACAGCGTAAG-1	C	Patient SS_2006	Adjacent	FALSE
GSM4819727_CTCGTCAAGCTGTTCA-1	C	Patient SS_2006	Adjacent	FALSE
GSM4819727_CTCTAATAGGGTCGAT-1	C	Patient SS_2006	Adjacent	FALSE
GSM4819727_CTGAAGTCAAGTCTGT-1	C	Patient SS_2006	Adjacent	FALSE
GSM4819727_CTGATCCCACCAACCG-1	C	Patient SS_2006	Adjacent	FALSE
GSM4819727_CTGCCTAGTCTCCACT-1	C	Patient SS_2006	Adjacent	TRUE
GSM4819727_CTGCGGAAGGACACCA-1	C	Patient SS_2006	Adjacent	FALSE
GSM4819727_CTTAGGACACGAAGCA-1	C	Patient SS_2006	Adjacent	FALSE
GSM4819727_CTTAGGAGTGTAAGTA-1	C	Patient SS_2006	Adjacent	FALSE
GSM4819727_CTTCTCTGTTCAGACT-1	C	Patient SS_2006	Adjacent	FALSE
GSM4819727_CTTGGCTCACCACGTG-1	C	Patient SS_2006	Adjacent	FALSE
GSM4819727_CTTTGCGAGATCCCGC-1	C	Patient SS_2006	Adjacent	FALSE
GSM4819727_CTTTGCGCAAGCGATG-1	C	Patient SS_2006	Adjacent	FALSE
GSM4819727_GAAACTCCAGCCTGTG-1	C	Patient SS_2006	Adjacent	FALSE
GSM4819727_GAAACTCGTTGGTAAA-1	C	Patient SS_2006	Adjacent	FALSE
GSM4819727_GAACATCGTCGCATCG-1	C	Patient SS_2006	Adjacent	FALSE
GSM4819727_GAACCTAGTCGGCACT-1	C	Patient SS_2006	Adjacent	FALSE
GSM4819727_GAACGGATCAAGAAGT-1	C	Patient SS_2006	Adjacent	FALSE
GSM4819727_GAATGAACACTAGTAC-1	C	Patient SS_2006	Adjacent	FALSE
GSM4819727_GACACGCAGATCCCGC-1	C	Patient SS_2006	Adjacent	FALSE
GSM4819727_GACAGAGTCCTTTCTC-1	C	Patient SS_2006	Adjacent	FALSE
GSM4819727_GACCTGGAGCAGGCTA-1	C	Patient SS_2006	Adjacent	FALSE
GSM4819727_GACCTGGAGTGAAGAG-1	C	Patient SS_2006	Adjacent	FALSE
GSM4819727_GACGCGTGTCGAGTTT-1	C	Patient SS_2006	Adjacent	FALSE
GSM4819727_GACGCGTTCATTTGGG-1	C	Patient SS_2006	Adjacent	FALSE
GSM4819727_GACGGCTAGCTAGTGG-1	C	Patient SS_2006	Adjacent	FALSE
GSM4819727_GACGTGCGTTACGGAG-1	C	Patient SS_2006	Adjacent	FALSE
GSM4819727_GAGGTGAAGACAAGCC-1	C	Patient SS_2006	Adjacent	FALSE
GSM4819727_GAGTCCGCAGTCGTGC-1	C	Patient SS_2006	Adjacent	FALSE
GSM4819727_GATCGATGTAATCGTC-1	C	Patient SS_2006	Adjacent	FALSE
GSM4819727_GATGAAACAGTCAGCC-1	C	Patient SS_2006	Adjacent	FALSE
GSM4819727_GCACTCTCACGAAATA-1	C	Patient SS_2006	Adjacent	FALSE
GSM4819727_GCAGCCATCAAACGGG-1	C	Patient SS_2006	Adjacent	FALSE
GSM4819727_GCATGATAGTTGTAGA-1	C	Patient SS_2006	Adjacent	FALSE
GSM4819727_GCCTCTATCTGCTTGC-1	C	Patient SS_2006	Adjacent	TRUE
GSM4819727_GCGGGTTTCATGCAAC-1	C	Patient SS_2006	Adjacent	FALSE
GSM4819727_GCGGGTTTCTGCCCTA-1	C	Patient SS_2006	Adjacent	FALSE
GSM4819727_GCTGCGAGTTGCGTTA-1	C	Patient SS_2006	Adjacent	FALSE
GSM4819727_GGAAAGCAGACGCACA-1	C	Patient SS_2006	Adjacent	FALSE
GSM4819727_GGAAAGCCACGTCAGC-1	C	Patient SS_2006	Adjacent	FALSE
GSM4819727_GGAAAGCTCCCTGACT-1	C	Patient SS_2006	Adjacent	FALSE
GSM4819727_GGACAGAGTATTAGCC-1	C	Patient SS_2006	Adjacent	FALSE
GSM4819727_GGCAATTAGGTGCAAC-1	C	Patient SS_2006	Adjacent	FALSE
GSM4819727_GGCTCGAAGAGTACCG-1	C	Patient SS_2006	Adjacent	FALSE
GSM4819727_GGCTCGACAGGTTTCA-1	C	Patient SS_2006	Adjacent	FALSE
GSM4819727_GGGATGACAGTGAGTG-1	C	Patient SS_2006	Adjacent	FALSE
GSM4819727_GGGCACTAGGCCGAAT-1	C	Patient SS_2006	Adjacent	FALSE
GSM4819727_GGGCACTCATTATCTC-1	C	Patient SS_2006	Adjacent	FALSE
GSM4819727_GGGCACTTCGAGGTAG-1	C	Patient SS_2006	Adjacent	FALSE
GSM4819727_GGGTTGCTCGACAGCC-1	C	Patient SS_2006	Adjacent	FALSE
GSM4819727_GGTATTGCATTCTTAC-1	C	Patient SS_2006	Adjacent	FALSE
GSM4819727_GTAACGTTCAACACCA-1	C	Patient SS_2006	Adjacent	FALSE
GSM4819727_GTACTTTTCAAGATCC-1	C	Patient SS_2006	Adjacent	FALSE
GSM4819727_GTACTTTTCTCGTTTA-1	C	Patient SS_2006	Adjacent	FALSE
GSM4819727_GTACTTTTCTTCGGTC-1	C	Patient SS_2006	Adjacent	FALSE
GSM4819727_GTATTCTGTGGTCCGT-1	C	Patient SS_2006	Adjacent	FALSE
GSM4819727_GTATTCTTCTTCATGT-1	C	Patient SS_2006	Adjacent	FALSE
GSM4819727_GTCACAATCCACGCAG-1	C	Patient SS_2006	Adjacent	FALSE
GSM4819727_GTCGGGTAGAACTCGG-1	C	Patient SS_2006	Adjacent	FALSE
GSM4819727_GTCGTAAAGTTGCAGG-1	C	Patient SS_2006	Adjacent	FALSE
GSM4819727_GTCGTAATCGGAGCAA-1	C	Patient SS_2006	Adjacent	FALSE
GSM4819727_GTCTTCGCAGCCTTGG-1	C	Patient SS_2006	Adjacent	FALSE
GSM4819727_GTGAAGGTCGCTTGTC-1	C	Patient SS_2006	Adjacent	FALSE
GSM4819727_GTGAAGGTCGTCTGAA-1	C	Patient SS_2006	Adjacent	FALSE
GSM4819727_GTGCATATCAACCATG-1	C	Patient SS_2006	Adjacent	FALSE
GSM4819727_GTGCGGTTCGTTACGA-1	C	Patient SS_2006	Adjacent	FALSE
GSM4819727_GTGGGTCGTGGGTCAA-1	C	Patient SS_2006	Adjacent	FALSE
GSM4819727_GTGTTAGAGTCTTGCA-1	C	Patient SS_2006	Adjacent	FALSE
GSM4819727_GTTACAGAGGCGATAC-1	C	Patient SS_2006	Adjacent	FALSE
GSM4819727_GTTACAGCATAACCTG-1	C	Patient SS_2006	Adjacent	FALSE
GSM4819727_GTTACAGTCTCTGCTG-1	C	Patient SS_2006	Adjacent	FALSE
GSM4819727_TAAGAGATCGTCCGTT-1	C	Patient SS_2006	Adjacent	FALSE
GSM4819727_TAAGCGTGTAAGTGGC-1	C	Patient SS_2006	Adjacent	FALSE
GSM4819727_TAAGCGTGTCATCGGC-1	C	Patient SS_2006	Adjacent	FALSE
GSM4819727_TAAGTGCCACCCATTC-1	C	Patient SS_2006	Adjacent	FALSE
GSM4819727_TACACGATCATCTGCC-1	C	Patient SS_2006	Adjacent	FALSE
GSM4819727_TACGGATGTGCATCTA-1	C	Patient SS_2006	Adjacent	FALSE
GSM4819727_TACGGGCCAAGGTTCT-1	C	Patient SS_2006	Adjacent	FALSE
GSM4819727_TACTCATGTAGGAGTC-1	C	Patient SS_2006	Adjacent	FALSE
GSM4819727_TACTTACAGACGCTTT-1	C	Patient SS_2006	Adjacent	FALSE
GSM4819727_TACTTACTCTGGGCCA-1	C	Patient SS_2006	Adjacent	FALSE
GSM4819727_TAGACCAGTCAATGTC-1	C	Patient SS_2006	Adjacent	FALSE
GSM4819727_TAGAGCTCACACTGCG-1	C	Patient SS_2006	Adjacent	FALSE
GSM4819727_TAGAGCTGTGTTTGGT-1	C	Patient SS_2006	Adjacent	FALSE
GSM4819727_TAGTGGTGTAAAGGAG-1	C	Patient SS_2006	Adjacent	FALSE
GSM4819727_TATTACCTCAGTACGT-1	C	Patient SS_2006	Adjacent	FALSE
GSM4819727_TCAACGACAGTTCATG-1	C	Patient SS_2006	Adjacent	FALSE
GSM4819727_TCAATCTCAAACTGTC-1	C	Patient SS_2006	Adjacent	FALSE
GSM4819727_TCACAAGGTCGCTTCT-1	C	Patient SS_2006	Adjacent	FALSE
GSM4819727_TCAGCTCAGAAACCAT-1	C	Patient SS_2006	Adjacent	FALSE
GSM4819727_TCAGGATAGCAGGTCA-1	C	Patient SS_2006	Adjacent	FALSE
GSM4819727_TCAGGATGTATTCGTG-1	C	Patient SS_2006	Adjacent	FALSE
GSM4819727_TCAGGATTCGCGTTTC-1	C	Patient SS_2006	Adjacent	FALSE
GSM4819727_TCATTTGTCCGTTGCT-1	C	Patient SS_2006	Adjacent	FALSE
GSM4819727_TCCACACAGGTTCCTA-1	C	Patient SS_2006	Adjacent	FALSE
GSM4819727_TCCACACTCCACTGGG-1	C	Patient SS_2006	Adjacent	FALSE
GSM4819727_TCCCGATAGCAGGCTA-1	C	Patient SS_2006	Adjacent	FALSE
GSM4819727_TCCCGATGTATGCTTG-1	C	Patient SS_2006	Adjacent	FALSE
GSM4819727_TCGGTAAGTGTTCTTT-1	C	Patient SS_2006	Adjacent	FALSE
GSM4819727_TCGTAGACAATCACAC-1	C	Patient SS_2006	Adjacent	FALSE
GSM4819727_TCGTAGAGTTCGTTGA-1	C	Patient SS_2006	Adjacent	FALSE
GSM4819727_TCGTAGATCTACTCAT-1	C	Patient SS_2006	Adjacent	FALSE
GSM4819727_TCTGAGAGTCAGAATA-1	C	Patient SS_2006	Adjacent	FALSE
GSM4819727_TCTGAGAGTGCGGTAA-1	C	Patient SS_2006	Adjacent	FALSE
GSM4819727_TCTGGAATCGCCATAA-1	C	Patient SS_2006	Adjacent	FALSE
GSM4819727_TCTTTCCAGTGTTAGA-1	C	Patient SS_2006	Adjacent	FALSE
GSM4819727_TCTTTCCCACATGTGT-1	C	Patient SS_2006	Adjacent	FALSE
GSM4819727_TGAAAGAGTACCGTAT-1	C	Patient SS_2006	Adjacent	FALSE
GSM4819727_TGACTAGGTTAAAGAC-1	C	Patient SS_2006	Adjacent	FALSE
GSM4819727_TGACTTTAGCAATATG-1	C	Patient SS_2006	Adjacent	FALSE
GSM4819727_TGAGCCGAGGAATGGA-1	C	Patient SS_2006	Adjacent	FALSE
GSM4819727_TGAGCCGGTGAGTGAC-1	C	Patient SS_2006	Adjacent	TRUE
GSM4819727_TGAGGGACACGTTGGC-1	C	Patient SS_2006	Adjacent	FALSE
GSM4819727_TGAGGGACAGTCACTA-1	C	Patient SS_2006	Adjacent	FALSE
GSM4819727_TGAGGGATCCAAGCCG-1	C	Patient SS_2006	Adjacent	FALSE
GSM4819727_TGCCCATCAAGACACG-1	C	Patient SS_2006	Adjacent	FALSE
GSM4819727_TGCCCTAAGAAACGAG-1	C	Patient SS_2006	Adjacent	FALSE
GSM4819727_TGCGTGGTCTTCGAGA-1	C	Patient SS_2006	Adjacent	FALSE
GSM4819727_TGGCGCAAGGTCATCT-1	C	Patient SS_2006	Adjacent	FALSE
GSM4819727_TGGTTAGCAACACCTA-1	C	Patient SS_2006	Adjacent	FALSE
GSM4819727_TGGTTCCAGGTGATAT-1	C	Patient SS_2006	Adjacent	FALSE
GSM4819727_TGTATTCAGCGTAATA-1	C	Patient SS_2006	Adjacent	FALSE
GSM4819727_TTAACTCAGGAGCGAG-1	C	Patient SS_2006	Adjacent	FALSE
GSM4819727_TTAACTCTCGTAGGTT-1	C	Patient SS_2006	Adjacent	FALSE
GSM4819727_TTAGGCACAGCATACT-1	C	Patient SS_2006	Adjacent	FALSE
GSM4819727_TTAGTTCGTATCTGCA-1	C	Patient SS_2006	Adjacent	FALSE
GSM4819727_TTATGCTTCCTTTCGG-1	C	Patient SS_2006	Adjacent	FALSE
GSM4819727_TTCGAAGAGAGTCGGT-1	C	Patient SS_2006	Adjacent	FALSE
GSM4819727_TTCTACATCGTACGGC-1	C	Patient SS_2006	Adjacent	FALSE
GSM4819727_TTCTCAAAGAATCTCC-1	C	Patient SS_2006	Adjacent	FALSE
GSM4819727_TTCTCCTGTAAGCACG-1	C	Patient SS_2006	Adjacent	FALSE
GSM4819727_TTGAACGAGTCGATAA-1	C	Patient SS_2006	Adjacent	FALSE
GSM4819727_TTGACTTCAGATCCAT-1	C	Patient SS_2006	Adjacent	FALSE
GSM4819727_TTTATGCTCGGAGGTA-1	C	Patient SS_2006	Adjacent	FALSE
GSM4819727_TTTGCGCCAAGAAGAG-1	C	Patient SS_2006	Adjacent	FALSE
GSM4819728_AAACCTGAGGTGCTAG-1	C	Patient SS_2007	Tumor	FALSE
GSM4819728_AACTCCCCAGGGTATG-1	C	Patient SS_2007	Tumor	FALSE
GSM4819728_AACTTTCTCGCTGATA-1	C	Patient SS_2007	Tumor	FALSE
GSM4819728_AAGACCTGTAAACGCG-1	C	Patient SS_2007	Tumor	FALSE
GSM4819728_AAGCCGCCATTAGGCT-1	C	Patient SS_2007	Tumor	FALSE
GSM4819728_AAGGTTCAGAGTAAGG-1	C	Patient SS_2007	Tumor	FALSE
GSM4819728_ACACCGGTCTTCTGGC-1	C	Patient SS_2007	Tumor	FALSE
GSM4819728_ACCAGTAGTCTCACCT-1	C	Patient SS_2007	Tumor	FALSE
GSM4819728_ACTATCTGTGTGGTTT-1	C	Patient SS_2007	Tumor	TRUE
GSM4819728_AGAGCTTCATATGAGA-1	C	Patient SS_2007	Tumor	FALSE
GSM4819728_AGCAGCCTCCAACCAA-1	C	Patient SS_2007	Tumor	FALSE
GSM4819728_AGGTCATGTCAACTGT-1	C	Patient SS_2007	Tumor	FALSE
GSM4819728_AGGTCCGGTCACACGC-1	C	Patient SS_2007	Tumor	FALSE
GSM4819728_AGTAGTCCAAGGGTCA-1	C	Patient SS_2007	Tumor	FALSE
GSM4819728_AGTGAGGCAGGTTTCA-1	C	Patient SS_2007	Tumor	FALSE
GSM4819728_AGTGGGATCCGGCACA-1	C	Patient SS_2007	Tumor	FALSE
GSM4819728_ATCATCTAGGGTTTCT-1	C	Patient SS_2007	Tumor	FALSE
GSM4819728_ATCGAGTCATTGAGCT-1	C	Patient SS_2007	Tumor	FALSE
GSM4819728_CAAGGCCCACGAGGTA-1	C	Patient SS_2007	Tumor	FALSE
GSM4819728_CAAGGCCCATGTCTCC-1	C	Patient SS_2007	Tumor	FALSE
GSM4819728_CACCACTTCCCATTTA-1	C	Patient SS_2007	Tumor	FALSE
GSM4819728_CAGAGAGGTACTTAGC-1	C	Patient SS_2007	Tumor	FALSE
GSM4819728_CAGCTAAGTGTCGCTG-1	C	Patient SS_2007	Tumor	FALSE
GSM4819728_CAGTCCTAGCATGGCA-1	C	Patient SS_2007	Tumor	FALSE
GSM4819728_CATCCACAGATCCTGT-1	C	Patient SS_2007	Tumor	FALSE
GSM4819728_CCATTCGTCCCTAATT-1	C	Patient SS_2007	Tumor	FALSE
GSM4819728_CCATTCGTCCTGCCAT-1	C	Patient SS_2007	Tumor	FALSE
GSM4819728_CCCATACTCTAGAGTC-1	C	Patient SS_2007	Tumor	FALSE
GSM4819728_CCGTTCATCTGATACG-1	C	Patient SS_2007	Tumor	FALSE
GSM4819728_CCTAAAGCACATCCGG-1	C	Patient SS_2007	Tumor	FALSE
GSM4819728_CCTACCAAGCCCAGCT-1	C	Patient SS_2007	Tumor	FALSE
GSM4819728_CCTATTAAGCTACCTA-1	C	Patient SS_2007	Tumor	FALSE
GSM4819728_CCTTTCTAGAGCTATA-1	C	Patient SS_2007	Tumor	FALSE
GSM4819728_CGATTGACATTCCTCG-1	C	Patient SS_2007	Tumor	FALSE
GSM4819728_CGGACGTAGCTTTGGT-1	C	Patient SS_2007	Tumor	FALSE
GSM4819728_CGGTTAAGTAAACACA-1	C	Patient SS_2007	Tumor	FALSE
GSM4819728_CGTCAGGCAGCTGCAC-1	C	Patient SS_2007	Tumor	FALSE
GSM4819728_CGTTAGAGTGCCTGGT-1	C	Patient SS_2007	Tumor	FALSE
GSM4819728_CGTTCTGGTTAAGAAC-1	C	Patient SS_2007	Tumor	FALSE
GSM4819728_CGTTCTGTCTGCAAGT-1	C	Patient SS_2007	Tumor	FALSE
GSM4819728_CTAGCCTTCTTCGAGA-1	C	Patient SS_2007	Tumor	FALSE
GSM4819728_CTCTACGCATCCCACT-1	C	Patient SS_2007	Tumor	FALSE
GSM4819728_CTGAAACCATGCCCGA-1	C	Patient SS_2007	Tumor	FALSE
GSM4819728_CTGAAGTGTCGAATCT-1	C	Patient SS_2007	Tumor	FALSE
GSM4819728_CTGTTTACATTTGCCC-1	C	Patient SS_2007	Tumor	FALSE
GSM4819728_CTTACCGTCTCCAACC-1	C	Patient SS_2007	Tumor	FALSE
GSM4819728_GATCGATAGAACAACT-1	C	Patient SS_2007	Tumor	FALSE
GSM4819728_GATGAGGCATCCTAGA-1	C	Patient SS_2007	Tumor	FALSE
GSM4819728_GATTCAGAGGAATTAC-1	C	Patient SS_2007	Tumor	FALSE
GSM4819728_GCATGTATCTTACCGC-1	C	Patient SS_2007	Tumor	FALSE
GSM4819728_GCCAAATCACACTGCG-1	C	Patient SS_2007	Tumor	FALSE
GSM4819728_GCTCCTACACAGCCCA-1	C	Patient SS_2007	Tumor	FALSE
GSM4819728_GCTCTGTAGTGGGATC-1	C	Patient SS_2007	Tumor	FALSE
GSM4819728_GCTGCGATCATGTAGC-1	C	Patient SS_2007	Tumor	FALSE
GSM4819728_GCTGCTTTCCAACCAA-1	C	Patient SS_2007	Tumor	FALSE
GSM4819728_GGGAGATTCATACGGT-1	C	Patient SS_2007	Tumor	FALSE
GSM4819728_GGGCATCAGTCGCCGT-1	C	Patient SS_2007	Tumor	FALSE
GSM4819728_GTCTCGTTCAACCAAC-1	C	Patient SS_2007	Tumor	FALSE
GSM4819728_GTGTTAGCACTCGACG-1	C	Patient SS_2007	Tumor	FALSE
GSM4819728_GTGTTAGGTGCAGTAG-1	C	Patient SS_2007	Tumor	TRUE
GSM4819728_GTTTCTATCATACGGT-1	C	Patient SS_2007	Tumor	FALSE
GSM4819728_TAAACCGTCGTCCAGG-1	C	Patient SS_2007	Tumor	FALSE
GSM4819728_TACGGGCCACGAAGCA-1	C	Patient SS_2007	Tumor	FALSE
GSM4819728_TACTTGTCAGACGTAG-1	C	Patient SS_2007	Tumor	FALSE
GSM4819728_TACTTGTCAGCTTCGG-1	C	Patient SS_2007	Tumor	FALSE
GSM4819728_TCACGAATCACGGTTA-1	C	Patient SS_2007	Tumor	FALSE
GSM4819728_TCACGAATCCTAGTGA-1	C	Patient SS_2007	Tumor	FALSE
GSM4819728_TCAGCTCTCGTCGTTC-1	C	Patient SS_2007	Tumor	FALSE
GSM4819728_TCCCGATCAAACTGTC-1	C	Patient SS_2007	Tumor	FALSE
GSM4819728_TCGGTAATCATGCTCC-1	C	Patient SS_2007	Tumor	FALSE
GSM4819728_TCTGGAAAGTACACCT-1	C	Patient SS_2007	Tumor	FALSE
GSM4819728_TCTGGAAGTCCAAGTT-1	C	Patient SS_2007	Tumor	FALSE
GSM4819728_TGAGAGGCAGCTGCTG-1	C	Patient SS_2007	Tumor	FALSE
GSM4819728_TGAGCCGTCACCGGGT-1	C	Patient SS_2007	Tumor	FALSE
GSM4819728_TGAGGGAAGGGTTCCC-1	C	Patient SS_2007	Tumor	TRUE
GSM4819728_TGTGTTTGTAGCCTCG-1	C	Patient SS_2007	Tumor	FALSE
GSM4819728_TTAACTCCACTCAGGC-1	C	Patient SS_2007	Tumor	FALSE
GSM4819728_TTCGGTCTCGAACTGT-1	C	Patient SS_2007	Tumor	FALSE
GSM4819728_TTCTCAAAGTGGAGTC-1	C	Patient SS_2007	Tumor	FALSE
GSM4819728_TTCTTAGCAATGGAAT-1	C	Patient SS_2007	Tumor	FALSE
GSM4819728_TTGACTTCATTTCACT-1	C	Patient SS_2007	Tumor	FALSE
GSM4819728_TTTATGCTCAGTGTTG-1	C	Patient SS_2007	Tumor	FALSE
GSM4819728_TTTGCGCCAAGTCTGT-1	C	Patient SS_2007	Tumor	FALSE
GSM4819729_AAACCTGGTCTAAACC-1	C	Patient SS_2007	Adjacent	FALSE
GSM4819729_AAACCTGGTTTGTTGG-1	C	Patient SS_2007	Adjacent	FALSE
GSM4819729_AAACGGGAGTTAGGTA-1	C	Patient SS_2007	Adjacent	FALSE
GSM4819729_AAAGATGCAAAGCGGT-1	C	Patient SS_2007	Adjacent	FALSE
GSM4819729_AAAGATGGTTCCTCCA-1	C	Patient SS_2007	Adjacent	FALSE
GSM4819729_AAAGCAATCAATACCG-1	C	Patient SS_2007	Adjacent	FALSE
GSM4819729_AAAGCAATCTAACTCT-1	C	Patient SS_2007	Adjacent	FALSE
GSM4819729_AAAGTAGAGCTGCGAA-1	C	Patient SS_2007	Adjacent	FALSE
GSM4819729_AAAGTAGTCCACTGGG-1	C	Patient SS_2007	Adjacent	FALSE
GSM4819729_AAATGCCAGAACAATC-1	C	Patient SS_2007	Adjacent	FALSE
GSM4819729_AACCATGGTCATGCAT-1	C	Patient SS_2007	Adjacent	FALSE
GSM4819729_AACCATGTCCCTAATT-1	C	Patient SS_2007	Adjacent	FALSE
GSM4819729_AACCATGTCTAGCACA-1	C	Patient SS_2007	Adjacent	FALSE
GSM4819729_AACGTTGCAGTATAAG-1	C	Patient SS_2007	Adjacent	FALSE
GSM4819729_AACGTTGGTAGCGATG-1	C	Patient SS_2007	Adjacent	FALSE
GSM4819729_AACGTTGTCAAACCGT-1	C	Patient SS_2007	Adjacent	FALSE
GSM4819729_AACGTTGTCGCAGGCT-1	C	Patient SS_2007	Adjacent	FALSE
GSM4819729_AACTCAGAGCTCAACT-1	C	Patient SS_2007	Adjacent	TRUE
GSM4819729_AACTCCCTCGGGAGTA-1	C	Patient SS_2007	Adjacent	FALSE
GSM4819729_AACTGGTCAATGGAGC-1	C	Patient SS_2007	Adjacent	FALSE
GSM4819729_AAGGCAGTCTACTTAC-1	C	Patient SS_2007	Adjacent	FALSE
GSM4819729_AAGGTTCGTAAGTTCC-1	C	Patient SS_2007	Adjacent	TRUE
GSM4819729_AAGGTTCGTCGAGTTT-1	C	Patient SS_2007	Adjacent	FALSE
GSM4819729_AAGTCTGAGGGCTTCC-1	C	Patient SS_2007	Adjacent	FALSE
GSM4819729_AATCCAGCAAACCCAT-1	C	Patient SS_2007	Adjacent	FALSE
GSM4819729_AATCCAGTCCTAGTGA-1	C	Patient SS_2007	Adjacent	FALSE
GSM4819729_ACACCAAGTAAGTAGT-1	C	Patient SS_2007	Adjacent	FALSE
GSM4819729_ACACCAATCTTAGAGC-1	C	Patient SS_2007	Adjacent	FALSE
GSM4819729_ACACCGGGTACGACCC-1	C	Patient SS_2007	Adjacent	FALSE
GSM4819729_ACACTGAGTCGTGGCT-1	C	Patient SS_2007	Adjacent	FALSE
GSM4819729_ACACTGAGTGCAACGA-1	C	Patient SS_2007	Adjacent	FALSE
GSM4819729_ACAGCCGCACATCCAA-1	C	Patient SS_2007	Adjacent	FALSE
GSM4819729_ACAGCCGCACTGCCAG-1	C	Patient SS_2007	Adjacent	FALSE
GSM4819729_ACAGCCGCATGGTTGT-1	C	Patient SS_2007	Adjacent	FALSE
GSM4819729_ACAGCCGTCGTACCGG-1	C	Patient SS_2007	Adjacent	FALSE
GSM4819729_ACAGCTATCTTGCATT-1	C	Patient SS_2007	Adjacent	FALSE
GSM4819729_ACATACGCAGCTGCAC-1	C	Patient SS_2007	Adjacent	FALSE
GSM4819729_ACCAGTATCATAAAGG-1	C	Patient SS_2007	Adjacent	FALSE
GSM4819729_ACCGTAAAGTACGCCC-1	C	Patient SS_2007	Adjacent	FALSE
GSM4819729_ACCTTTAAGCTGAAAT-1	C	Patient SS_2007	Adjacent	FALSE
GSM4819729_ACCTTTAAGTCCAGGA-1	C	Patient SS_2007	Adjacent	TRUE
GSM4819729_ACCTTTAGTGCAACGA-1	C	Patient SS_2007	Adjacent	FALSE
GSM4819729_ACCTTTATCTTGGGTA-1	C	Patient SS_2007	Adjacent	FALSE
GSM4819729_ACGAGCCCATCGGGTC-1	C	Patient SS_2007	Adjacent	FALSE
GSM4819729_ACGATACTCTGCCAGG-1	C	Patient SS_2007	Adjacent	FALSE
GSM4819729_ACGATGTGTATAATGG-1	C	Patient SS_2007	Adjacent	FALSE
GSM4819729_ACGCCAGAGAATCTCC-1	C	Patient SS_2007	Adjacent	FALSE
GSM4819729_ACGCCAGCAGACTCGC-1	C	Patient SS_2007	Adjacent	TRUE
GSM4819729_ACGCCAGTCATGTAGC-1	C	Patient SS_2007	Adjacent	FALSE
GSM4819729_ACGCCGATCTGTCTAT-1	C	Patient SS_2007	Adjacent	FALSE
GSM4819729_ACGGAGACACGTAAGG-1	C	Patient SS_2007	Adjacent	FALSE
GSM4819729_ACGGAGACATGATCCA-1	C	Patient SS_2007	Adjacent	FALSE
GSM4819729_ACGTCAACAAGAAGAG-1	C	Patient SS_2007	Adjacent	FALSE
GSM4819729_ACGTCAATCATAACCG-1	C	Patient SS_2007	Adjacent	FALSE
GSM4819729_ACTGAACTCAGAGCTT-1	C	Patient SS_2007	Adjacent	FALSE
GSM4819729_ACTGAGTGTCCGACGT-1	C	Patient SS_2007	Adjacent	FALSE
GSM4819729_ACTGATGCACTCGACG-1	C	Patient SS_2007	Adjacent	TRUE
GSM4819729_ACTGATGGTCCCTTGT-1	C	Patient SS_2007	Adjacent	FALSE
GSM4819729_ACTGCTCAGCAATATG-1	C	Patient SS_2007	Adjacent	FALSE
GSM4819729_ACTGCTCAGGTGCTTT-1	C	Patient SS_2007	Adjacent	FALSE
GSM4819729_ACTTACTAGCCACCTG-1	C	Patient SS_2007	Adjacent	TRUE
GSM4819729_ACTTACTGTAATAGCA-1	C	Patient SS_2007	Adjacent	FALSE
GSM4819729_ACTTTCAAGGACTGGT-1	C	Patient SS_2007	Adjacent	FALSE
GSM4819729_ACTTTCACATGCATGT-1	C	Patient SS_2007	Adjacent	FALSE
GSM4819729_AGAATAGCAGGCTGAA-1	C	Patient SS_2007	Adjacent	FALSE
GSM4819729_AGAATAGTCTGCTGCT-1	C	Patient SS_2007	Adjacent	FALSE
GSM4819729_AGAGCTTAGATGCCTT-1	C	Patient SS_2007	Adjacent	TRUE
GSM4819729_AGAGCTTCAAGTAATG-1	C	Patient SS_2007	Adjacent	FALSE
GSM4819729_AGAGCTTCAGACGCTC-1	C	Patient SS_2007	Adjacent	FALSE
GSM4819729_AGAGTGGGTCCAGTGC-1	C	Patient SS_2007	Adjacent	FALSE
GSM4819729_AGATCTGAGGGTGTTG-1	C	Patient SS_2007	Adjacent	FALSE
GSM4819729_AGATCTGTCAACGAAA-1	C	Patient SS_2007	Adjacent	FALSE
GSM4819729_AGCAGCCAGCACGCCT-1	C	Patient SS_2007	Adjacent	FALSE
GSM4819729_AGCAGCCAGTAATCCC-1	C	Patient SS_2007	Adjacent	FALSE
GSM4819729_AGCCTAACAGTAACGG-1	C	Patient SS_2007	Adjacent	FALSE
GSM4819729_AGCGGTCGTCCATGAT-1	C	Patient SS_2007	Adjacent	FALSE
GSM4819729_AGCGTATAGGTCGGAT-1	C	Patient SS_2007	Adjacent	TRUE
GSM4819729_AGCGTATCAGCTGCAC-1	C	Patient SS_2007	Adjacent	FALSE
GSM4819729_AGCGTCGGTCGACTAT-1	C	Patient SS_2007	Adjacent	FALSE
GSM4819729_AGCGTCGTCTGCGTAA-1	C	Patient SS_2007	Adjacent	FALSE
GSM4819729_AGCTCCTGTATTCTCT-1	C	Patient SS_2007	Adjacent	FALSE
GSM4819729_AGCTCTCTCAGCAACT-1	C	Patient SS_2007	Adjacent	TRUE
GSM4819729_AGGCCACAGATCTGAA-1	C	Patient SS_2007	Adjacent	FALSE
GSM4819729_AGGCCACAGATGCGAC-1	C	Patient SS_2007	Adjacent	FALSE
GSM4819729_AGGCCACGTCCCGACA-1	C	Patient SS_2007	Adjacent	FALSE
GSM4819729_AGGCCACTCTTCTGGC-1	C	Patient SS_2007	Adjacent	FALSE
GSM4819729_AGGCCGTCAATCGGTT-1	C	Patient SS_2007	Adjacent	FALSE
GSM4819729_AGGGAGTAGAGTACAT-1	C	Patient SS_2007	Adjacent	FALSE
GSM4819729_AGGGAGTTCTGCTTGC-1	C	Patient SS_2007	Adjacent	TRUE
GSM4819729_AGGGATGAGAAAGTGG-1	C	Patient SS_2007	Adjacent	FALSE
GSM4819729_AGGGATGGTTCAACCA-1	C	Patient SS_2007	Adjacent	TRUE
GSM4819729_AGGGATGTCCTGTACC-1	C	Patient SS_2007	Adjacent	FALSE
GSM4819729_AGGGTGATCGTTTATC-1	C	Patient SS_2007	Adjacent	FALSE
GSM4819729_AGGTCATTCGCATGGC-1	C	Patient SS_2007	Adjacent	FALSE
GSM4819729_AGGTCCGAGTAACCCT-1	C	Patient SS_2007	Adjacent	FALSE
GSM4819729_AGGTCCGGTTAGGGTG-1	C	Patient SS_2007	Adjacent	FALSE
GSM4819729_AGTAGTCGTCAGAATA-1	C	Patient SS_2007	Adjacent	FALSE
GSM4819729_AGTAGTCGTTCCTCCA-1	C	Patient SS_2007	Adjacent	FALSE
GSM4819729_AGTGAGGGTTCCATGA-1	C	Patient SS_2007	Adjacent	FALSE
GSM4819729_AGTTGGTAGCTTCGCG-1	C	Patient SS_2007	Adjacent	FALSE
GSM4819729_AGTTGGTTCAAACCGT-1	C	Patient SS_2007	Adjacent	FALSE
GSM4819729_ATAACGCGTTACGACT-1	C	Patient SS_2007	Adjacent	FALSE
GSM4819729_ATAAGAGCAATGGATA-1	C	Patient SS_2007	Adjacent	TRUE
GSM4819729_ATAAGAGCAGAAGCAC-1	C	Patient SS_2007	Adjacent	FALSE
GSM4819729_ATCACGATCAATACCG-1	C	Patient SS_2007	Adjacent	FALSE
GSM4819729_ATCATCTAGGCAGGTT-1	C	Patient SS_2007	Adjacent	FALSE
GSM4819729_ATCATCTGTTATCCGA-1	C	Patient SS_2007	Adjacent	FALSE
GSM4819729_ATCATGGAGATAGGAG-1	C	Patient SS_2007	Adjacent	FALSE
GSM4819729_ATCCACCGTATATCCG-1	C	Patient SS_2007	Adjacent	FALSE
GSM4819729_ATCCACCTCTTCTGGC-1	C	Patient SS_2007	Adjacent	TRUE
GSM4819729_ATCTGCCGTCACTTCC-1	C	Patient SS_2007	Adjacent	FALSE
GSM4819729_ATCTGCCGTCTTGATG-1	C	Patient SS_2007	Adjacent	FALSE
GSM4819729_ATGAGGGGTGGTCCGT-1	C	Patient SS_2007	Adjacent	FALSE
GSM4819729_ATGAGGGTCTAGAGTC-1	C	Patient SS_2007	Adjacent	FALSE
GSM4819729_ATGTGTGAGGCATGTG-1	C	Patient SS_2007	Adjacent	TRUE
GSM4819729_ATTACTCCAGATGGGT-1	C	Patient SS_2007	Adjacent	FALSE
GSM4819729_ATTATCCGTTAAGTAG-1	C	Patient SS_2007	Adjacent	FALSE
GSM4819729_ATTCTACTCTACGAGT-1	C	Patient SS_2007	Adjacent	FALSE
GSM4819729_ATTGGACCAAGCTGGA-1	C	Patient SS_2007	Adjacent	FALSE
GSM4819729_ATTTCTGTCAACACGT-1	C	Patient SS_2007	Adjacent	FALSE
GSM4819729_CAACCTCAGAAACCGC-1	C	Patient SS_2007	Adjacent	TRUE
GSM4819729_CAACTAGGTTAGTGGG-1	C	Patient SS_2007	Adjacent	FALSE
GSM4819729_CAAGGCCAGCTAAACA-1	C	Patient SS_2007	Adjacent	FALSE
GSM4819729_CAAGGCCTCCCACTTG-1	C	Patient SS_2007	Adjacent	FALSE
GSM4819729_CAAGGCCTCGAATGGG-1	C	Patient SS_2007	Adjacent	FALSE
GSM4819729_CAAGGCCTCGCCTGAG-1	C	Patient SS_2007	Adjacent	FALSE
GSM4819729_CAAGTTGCATGGTCTA-1	C	Patient SS_2007	Adjacent	TRUE
GSM4819729_CAAGTTGGTCCTGCTT-1	C	Patient SS_2007	Adjacent	FALSE
GSM4819729_CAAGTTGTCGACAGCC-1	C	Patient SS_2007	Adjacent	TRUE
GSM4819729_CACAAACCAAGGACAC-1	C	Patient SS_2007	Adjacent	FALSE
GSM4819729_CACACCTAGATCGATA-1	C	Patient SS_2007	Adjacent	FALSE
GSM4819729_CACACCTGTCGGCTCA-1	C	Patient SS_2007	Adjacent	FALSE
GSM4819729_CACACTCAGTCGTTTG-1	C	Patient SS_2007	Adjacent	TRUE
GSM4819729_CACAGTACACATCCAA-1	C	Patient SS_2007	Adjacent	FALSE
GSM4819729_CACAGTAGTGTTAAGA-1	C	Patient SS_2007	Adjacent	FALSE
GSM4819729_CACATAGGTCCGAACC-1	C	Patient SS_2007	Adjacent	FALSE
GSM4819729_CACATAGTCTGCGACG-1	C	Patient SS_2007	Adjacent	FALSE
GSM4819729_CACATTTGTTACCAGT-1	C	Patient SS_2007	Adjacent	FALSE
GSM4819729_CACATTTTCGAGAGCA-1	C	Patient SS_2007	Adjacent	FALSE
GSM4819729_CACCACTAGATGCGAC-1	C	Patient SS_2007	Adjacent	FALSE
GSM4819729_CACCAGGAGTTGTAGA-1	C	Patient SS_2007	Adjacent	FALSE
GSM4819729_CACCTTGCACCGATAT-1	C	Patient SS_2007	Adjacent	FALSE
GSM4819729_CACTCCACATCTGGTA-1	C	Patient SS_2007	Adjacent	FALSE
GSM4819729_CACTCCATCCGCAGTG-1	C	Patient SS_2007	Adjacent	FALSE
GSM4819729_CAGAATCAGTCGAGTG-1	C	Patient SS_2007	Adjacent	FALSE
GSM4819729_CAGAATCTCCCTAATT-1	C	Patient SS_2007	Adjacent	FALSE
GSM4819729_CAGAATCTCGTTGACA-1	C	Patient SS_2007	Adjacent	FALSE
GSM4819729_CAGCAGCAGCGCTTAT-1	C	Patient SS_2007	Adjacent	FALSE
GSM4819729_CAGCATAGTTAGTGGG-1	C	Patient SS_2007	Adjacent	FALSE
GSM4819729_CAGCCGAAGCGAAGGG-1	C	Patient SS_2007	Adjacent	TRUE
GSM4819729_CAGCCGAAGTGAACGC-1	C	Patient SS_2007	Adjacent	FALSE
GSM4819729_CAGCCGACATGCATGT-1	C	Patient SS_2007	Adjacent	FALSE
GSM4819729_CAGCGACAGCGGATCA-1	C	Patient SS_2007	Adjacent	FALSE
GSM4819729_CAGCGACAGCGTCAAG-1	C	Patient SS_2007	Adjacent	FALSE
GSM4819729_CAGCTAACAAATCCGT-1	C	Patient SS_2007	Adjacent	FALSE
GSM4819729_CAGCTAACACGGACAA-1	C	Patient SS_2007	Adjacent	TRUE
GSM4819729_CAGCTGGGTTCAGGCC-1	C	Patient SS_2007	Adjacent	FALSE
GSM4819729_CAGGTGCCAGTCAGAG-1	C	Patient SS_2007	Adjacent	FALSE
GSM4819729_CAGGTGCGTTTGGGCC-1	C	Patient SS_2007	Adjacent	FALSE
GSM4819729_CAGTCCTGTGCCTTGG-1	C	Patient SS_2007	Adjacent	FALSE
GSM4819729_CAGTCCTTCTTCAACT-1	C	Patient SS_2007	Adjacent	FALSE
GSM4819729_CATATGGGTCTCACCT-1	C	Patient SS_2007	Adjacent	FALSE
GSM4819729_CATATTCAGGAGTACC-1	C	Patient SS_2007	Adjacent	FALSE
GSM4819729_CATATTCAGGCATTGG-1	C	Patient SS_2007	Adjacent	TRUE
GSM4819729_CATATTCGTGTTCTTT-1	C	Patient SS_2007	Adjacent	FALSE
GSM4819729_CATATTCTCCTTTCGG-1	C	Patient SS_2007	Adjacent	FALSE
GSM4819729_CATCAAGCAAAGCAAT-1	C	Patient SS_2007	Adjacent	FALSE
GSM4819729_CATCAAGCACGTAAGG-1	C	Patient SS_2007	Adjacent	FALSE
GSM4819729_CATCCACAGAAGATTC-1	C	Patient SS_2007	Adjacent	FALSE
GSM4819729_CATCCACTCCACTGGG-1	C	Patient SS_2007	Adjacent	FALSE
GSM4819729_CATCGAAAGGACTGGT-1	C	Patient SS_2007	Adjacent	FALSE
GSM4819729_CATCGAACACCAGGCT-1	C	Patient SS_2007	Adjacent	FALSE
GSM4819729_CATCGGGAGCTAGTTC-1	C	Patient SS_2007	Adjacent	FALSE
GSM4819729_CATCGGGCACTGTGTA-1	C	Patient SS_2007	Adjacent	TRUE
GSM4819729_CATGACATCTTGTATC-1	C	Patient SS_2007	Adjacent	FALSE
GSM4819729_CATGCCTAGTACCGGA-1	C	Patient SS_2007	Adjacent	FALSE
GSM4819729_CATGCCTCATTGAGCT-1	C	Patient SS_2007	Adjacent	FALSE
GSM4819729_CATGGCGAGCACAGGT-1	C	Patient SS_2007	Adjacent	FALSE
GSM4819729_CCAATCCAGTACCGGA-1	C	Patient SS_2007	Adjacent	FALSE
GSM4819729_CCACCTACATGGGAAC-1	C	Patient SS_2007	Adjacent	FALSE
GSM4819729_CCACGGAAGGTGATAT-1	C	Patient SS_2007	Adjacent	FALSE
GSM4819729_CCACGGAAGTATCTCG-1	C	Patient SS_2007	Adjacent	FALSE
GSM4819729_CCACTACAGGGCTCTC-1	C	Patient SS_2007	Adjacent	TRUE
GSM4819729_CCACTACCAAGACGTG-1	C	Patient SS_2007	Adjacent	FALSE
GSM4819729_CCACTACCACGTGAGA-1	C	Patient SS_2007	Adjacent	FALSE
GSM4819729_CCAGCGACATTTCACT-1	C	Patient SS_2007	Adjacent	FALSE
GSM4819729_CCATGTCAGAGCCTAG-1	C	Patient SS_2007	Adjacent	FALSE
GSM4819729_CCATTCGAGATAGGAG-1	C	Patient SS_2007	Adjacent	FALSE
GSM4819729_CCATTCGCATGATCCA-1	C	Patient SS_2007	Adjacent	TRUE
GSM4819729_CCCAGTTCAACGATCT-1	C	Patient SS_2007	Adjacent	FALSE
GSM4819729_CCGGGATGTCACACGC-1	C	Patient SS_2007	Adjacent	FALSE
GSM4819729_CCGGGATTCTGGTTCC-1	C	Patient SS_2007	Adjacent	FALSE
GSM4819729_CCGTGGAAGTGTACTC-1	C	Patient SS_2007	Adjacent	FALSE
GSM4819729_CCGTGGACACTTGGAT-1	C	Patient SS_2007	Adjacent	FALSE
GSM4819729_CCGTGGATCTTCTGGC-1	C	Patient SS_2007	Adjacent	FALSE
GSM4819729_CCGTTCACAAAGCAAT-1	C	Patient SS_2007	Adjacent	FALSE
GSM4819729_CCTAAAGAGGCTCATT-1	C	Patient SS_2007	Adjacent	FALSE
GSM4819729_CCTACCAAGTGAATTG-1	C	Patient SS_2007	Adjacent	FALSE
GSM4819729_CCTACCACACATTAGC-1	C	Patient SS_2007	Adjacent	FALSE
GSM4819729_CCTACCATCACTTATC-1	C	Patient SS_2007	Adjacent	FALSE
GSM4819729_CCTATTATCGGTGTCG-1	C	Patient SS_2007	Adjacent	FALSE
GSM4819729_CCTCAGTAGAACTGTA-1	C	Patient SS_2007	Adjacent	FALSE
GSM4819729_CCTCTGAAGTCTCCTC-1	C	Patient SS_2007	Adjacent	FALSE
GSM4819729_CCTTACGGTCCGACGT-1	C	Patient SS_2007	Adjacent	FALSE
GSM4819729_CCTTCCCCAAGAAGAG-1	C	Patient SS_2007	Adjacent	FALSE
GSM4819729_CCTTCGACACGAGGTA-1	C	Patient SS_2007	Adjacent	FALSE
GSM4819729_CCTTTCTGTGCACCAC-1	C	Patient SS_2007	Adjacent	FALSE
GSM4819729_CCTTTCTTCACCACCT-1	C	Patient SS_2007	Adjacent	FALSE
GSM4819729_CGACCTTTCGGAAACG-1	C	Patient SS_2007	Adjacent	FALSE
GSM4819729_CGAGCACCACGGTAAG-1	C	Patient SS_2007	Adjacent	FALSE
GSM4819729_CGAGCACTCTGAAAGA-1	C	Patient SS_2007	Adjacent	FALSE
GSM4819729_CGATCGGGTGGTACAG-1	C	Patient SS_2007	Adjacent	FALSE
GSM4819729_CGATGGCGTAGGCTGA-1	C	Patient SS_2007	Adjacent	TRUE
GSM4819729_CGATGTAGTTAGGGTG-1	C	Patient SS_2007	Adjacent	FALSE
GSM4819729_CGCTATCAGATGCCAG-1	C	Patient SS_2007	Adjacent	FALSE
GSM4819729_CGCTATCTCCCTCAGT-1	C	Patient SS_2007	Adjacent	FALSE
GSM4819729_CGCTTCACAGCTTAAC-1	C	Patient SS_2007	Adjacent	FALSE
GSM4819729_CGCTTCATCACGATGT-1	C	Patient SS_2007	Adjacent	FALSE
GSM4819729_CGGACACAGCTGGAAC-1	C	Patient SS_2007	Adjacent	FALSE
GSM4819729_CGGACACCATCGTCGG-1	C	Patient SS_2007	Adjacent	FALSE
GSM4819729_CGGACGTTCGTCCAGG-1	C	Patient SS_2007	Adjacent	FALSE
GSM4819729_CGGACTGAGTTATCGC-1	C	Patient SS_2007	Adjacent	FALSE
GSM4819729_CGGAGCTCAAACTGCT-1	C	Patient SS_2007	Adjacent	FALSE
GSM4819729_CGGAGCTGTGCACTTA-1	C	Patient SS_2007	Adjacent	FALSE
GSM4819729_CGGAGTCAGCTGTCTA-1	C	Patient SS_2007	Adjacent	FALSE
GSM4819729_CGGAGTCAGGTGCTTT-1	C	Patient SS_2007	Adjacent	FALSE
GSM4819729_CGGCTAGCACTTACGA-1	C	Patient SS_2007	Adjacent	FALSE
GSM4819729_CGGCTAGTCTGTACGA-1	C	Patient SS_2007	Adjacent	TRUE
GSM4819729_CGGGTCAAGCAGATCG-1	C	Patient SS_2007	Adjacent	TRUE
GSM4819729_CGGGTCAGTCGGATCC-1	C	Patient SS_2007	Adjacent	FALSE
GSM4819729_CGGGTCATCAACGGGA-1	C	Patient SS_2007	Adjacent	FALSE
GSM4819729_CGGTTAAAGTTATCGC-1	C	Patient SS_2007	Adjacent	FALSE
GSM4819729_CGTAGCGAGTACTTGC-1	C	Patient SS_2007	Adjacent	FALSE
GSM4819729_CGTAGCGTCCCGGATG-1	C	Patient SS_2007	Adjacent	FALSE
GSM4819729_CGTAGGCCACCAGGCT-1	C	Patient SS_2007	Adjacent	FALSE
GSM4819729_CGTTAGAGTATTACCG-1	C	Patient SS_2007	Adjacent	TRUE
GSM4819729_CGTTGGGGTAGCGTCC-1	C	Patient SS_2007	Adjacent	FALSE
GSM4819729_CTAACTTAGGAGTTGC-1	C	Patient SS_2007	Adjacent	TRUE
GSM4819729_CTAACTTGTCAAGCGA-1	C	Patient SS_2007	Adjacent	FALSE
GSM4819729_CTACACCGTACCAGTT-1	C	Patient SS_2007	Adjacent	TRUE
GSM4819729_CTACATTTCAAGCCTA-1	C	Patient SS_2007	Adjacent	FALSE
GSM4819729_CTAGAGTGTTCCACGG-1	C	Patient SS_2007	Adjacent	FALSE
GSM4819729_CTAGCCTGTGCCTTGG-1	C	Patient SS_2007	Adjacent	FALSE
GSM4819729_CTAGTGAAGTAGTGCG-1	C	Patient SS_2007	Adjacent	FALSE
GSM4819729_CTCAGAAAGAAGGGTA-1	C	Patient SS_2007	Adjacent	FALSE
GSM4819729_CTCCTAGAGCTAAACA-1	C	Patient SS_2007	Adjacent	FALSE
GSM4819729_CTCGAAAAGGGCACTA-1	C	Patient SS_2007	Adjacent	FALSE
GSM4819729_CTCGAAAAGTCCAGGA-1	C	Patient SS_2007	Adjacent	FALSE
GSM4819729_CTCGAGGAGGAATTAC-1	C	Patient SS_2007	Adjacent	FALSE
GSM4819729_CTCGAGGCATCCGCGA-1	C	Patient SS_2007	Adjacent	FALSE
GSM4819729_CTCGGGACATAAGACA-1	C	Patient SS_2007	Adjacent	FALSE
GSM4819729_CTCGGGAGTGATGTCT-1	C	Patient SS_2007	Adjacent	FALSE
GSM4819729_CTCGTACAGAGGTTAT-1	C	Patient SS_2007	Adjacent	FALSE
GSM4819729_CTCGTACCATCCCATC-1	C	Patient SS_2007	Adjacent	FALSE
GSM4819729_CTCTAATCATGCCCGA-1	C	Patient SS_2007	Adjacent	TRUE
GSM4819729_CTCTAATGTATATGGA-1	C	Patient SS_2007	Adjacent	TRUE
GSM4819729_CTCTAATTCATTATCC-1	C	Patient SS_2007	Adjacent	FALSE
GSM4819729_CTCTACGCATAACCTG-1	C	Patient SS_2007	Adjacent	FALSE
GSM4819729_CTCTACGTCACGCATA-1	C	Patient SS_2007	Adjacent	FALSE
GSM4819729_CTCTGGTGTTTCCACC-1	C	Patient SS_2007	Adjacent	FALSE
GSM4819729_CTCTGGTTCGCGCCAA-1	C	Patient SS_2007	Adjacent	FALSE
GSM4819729_CTCTGGTTCTCGGACG-1	C	Patient SS_2007	Adjacent	TRUE
GSM4819729_CTGAAACTCAAGGTAA-1	C	Patient SS_2007	Adjacent	FALSE
GSM4819729_CTGAAACTCACATAGC-1	C	Patient SS_2007	Adjacent	FALSE
GSM4819729_CTGAAGTCATATACCG-1	C	Patient SS_2007	Adjacent	FALSE
GSM4819729_CTGATCCAGTAGCGGT-1	C	Patient SS_2007	Adjacent	FALSE
GSM4819729_CTGATCCTCCTAGGGC-1	C	Patient SS_2007	Adjacent	FALSE
GSM4819729_CTGCCTACATCGATGT-1	C	Patient SS_2007	Adjacent	FALSE
GSM4819729_CTGCCTAGTAAAGTCA-1	C	Patient SS_2007	Adjacent	TRUE
GSM4819729_CTGCCTAGTTACAGAA-1	C	Patient SS_2007	Adjacent	TRUE
GSM4819729_CTGCGGACACTAGTAC-1	C	Patient SS_2007	Adjacent	FALSE
GSM4819729_CTGCGGAGTACTTAGC-1	C	Patient SS_2007	Adjacent	FALSE
GSM4819729_CTGGTCTAGCGCTCCA-1	C	Patient SS_2007	Adjacent	FALSE
GSM4819729_CTGGTCTCAATTGCTG-1	C	Patient SS_2007	Adjacent	FALSE
GSM4819729_CTGGTCTCATCGGGTC-1	C	Patient SS_2007	Adjacent	FALSE
GSM4819729_CTGGTCTGTGCAGTAG-1	C	Patient SS_2007	Adjacent	FALSE
GSM4819729_CTGTGCTGTCGAAAGC-1	C	Patient SS_2007	Adjacent	TRUE
GSM4819729_CTTAGGACAGAGCCAA-1	C	Patient SS_2007	Adjacent	FALSE
GSM4819729_CTTAGGATCATGCAAC-1	C	Patient SS_2007	Adjacent	FALSE
GSM4819729_CTTAGGATCCAAGTAC-1	C	Patient SS_2007	Adjacent	FALSE
GSM4819729_CTTCTCTTCTCCAACC-1	C	Patient SS_2007	Adjacent	FALSE
GSM4819729_CTTGGCTCACGTTGGC-1	C	Patient SS_2007	Adjacent	FALSE
GSM4819729_GAAACTCAGGCAAAGA-1	C	Patient SS_2007	Adjacent	FALSE
GSM4819729_GAAACTCGTGCATCTA-1	C	Patient SS_2007	Adjacent	FALSE
GSM4819729_GAACATCCACAGACAG-1	C	Patient SS_2007	Adjacent	FALSE
GSM4819729_GAACCTAAGTACTTGC-1	C	Patient SS_2007	Adjacent	FALSE
GSM4819729_GAACCTAGTGTTTGTG-1	C	Patient SS_2007	Adjacent	FALSE
GSM4819729_GAAGCAGAGCTAGTGG-1	C	Patient SS_2007	Adjacent	FALSE
GSM4819729_GAAGCAGCAATCGGTT-1	C	Patient SS_2007	Adjacent	FALSE
GSM4819729_GAAGCAGCACGCGAAA-1	C	Patient SS_2007	Adjacent	FALSE
GSM4819729_GAATAAGAGAGGGCTT-1	C	Patient SS_2007	Adjacent	FALSE
GSM4819729_GAATAAGCAAGCCGCT-1	C	Patient SS_2007	Adjacent	FALSE
GSM4819729_GAATGAAAGTGGTAAT-1	C	Patient SS_2007	Adjacent	FALSE
GSM4819729_GACACGCGTCCGAAGA-1	C	Patient SS_2007	Adjacent	FALSE
GSM4819729_GACCTGGCATGCAACT-1	C	Patient SS_2007	Adjacent	FALSE
GSM4819729_GACCTGGTCGAATGGG-1	C	Patient SS_2007	Adjacent	TRUE
GSM4819729_GACGCGTGTTTACTCT-1	C	Patient SS_2007	Adjacent	FALSE
GSM4819729_GACGTGCAGTCGCCGT-1	C	Patient SS_2007	Adjacent	FALSE
GSM4819729_GACGTTATCTGGAGCC-1	C	Patient SS_2007	Adjacent	TRUE
GSM4819729_GACTACAGTTAGATGA-1	C	Patient SS_2007	Adjacent	FALSE
GSM4819729_GACTGCGCATGGGAAC-1	C	Patient SS_2007	Adjacent	FALSE
GSM4819729_GACTGCGGTAGTACCT-1	C	Patient SS_2007	Adjacent	FALSE
GSM4819729_GAGTCCGCACCACGTG-1	C	Patient SS_2007	Adjacent	FALSE
GSM4819729_GATCGATCAGTAGAGC-1	C	Patient SS_2007	Adjacent	FALSE
GSM4819729_GATCGCGGTTTGTTGG-1	C	Patient SS_2007	Adjacent	FALSE
GSM4819729_GATCGCGTCCTCTAGC-1	C	Patient SS_2007	Adjacent	FALSE
GSM4819729_GATCGTAAGCCCAATT-1	C	Patient SS_2007	Adjacent	FALSE
GSM4819729_GATCGTATCACGCATA-1	C	Patient SS_2007	Adjacent	FALSE
GSM4819729_GATCTAGGTCTGCAAT-1	C	Patient SS_2007	Adjacent	TRUE
GSM4819729_GATCTAGGTTTGGCGC-1	C	Patient SS_2007	Adjacent	FALSE
GSM4819729_GATGAAATCTCTTATG-1	C	Patient SS_2007	Adjacent	TRUE
GSM4819729_GATGAGGAGGTTACCT-1	C	Patient SS_2007	Adjacent	FALSE
GSM4819729_GCAAACTAGACTTTCG-1	C	Patient SS_2007	Adjacent	TRUE
GSM4819729_GCACATACACGGTTTA-1	C	Patient SS_2007	Adjacent	FALSE
GSM4819729_GCACATATCCCAAGTA-1	C	Patient SS_2007	Adjacent	FALSE
GSM4819729_GCACATATCGCTTAGA-1	C	Patient SS_2007	Adjacent	FALSE
GSM4819729_GCACTCTGTGGTACAG-1	C	Patient SS_2007	Adjacent	FALSE
GSM4819729_GCAGCCATCACAAACC-1	C	Patient SS_2007	Adjacent	FALSE
GSM4819729_GCAGCCATCAGCGACC-1	C	Patient SS_2007	Adjacent	FALSE
GSM4819729_GCATACAAGCTTCGCG-1	C	Patient SS_2007	Adjacent	FALSE
GSM4819729_GCATGATCATTCCTGC-1	C	Patient SS_2007	Adjacent	FALSE
GSM4819729_GCATGCGTCTTGCCGT-1	C	Patient SS_2007	Adjacent	FALSE
GSM4819729_GCCAAATAGTGTCTCA-1	C	Patient SS_2007	Adjacent	FALSE
GSM4819729_GCCAAATGTGTATGGG-1	C	Patient SS_2007	Adjacent	FALSE
GSM4819729_GCCTCTAAGCAGATCG-1	C	Patient SS_2007	Adjacent	FALSE
GSM4819729_GCGACCAAGTTCGCAT-1	C	Patient SS_2007	Adjacent	FALSE
GSM4819729_GCGAGAAAGGAGTAGA-1	C	Patient SS_2007	Adjacent	FALSE
GSM4819729_GCGAGAACATACGCCG-1	C	Patient SS_2007	Adjacent	FALSE
GSM4819729_GCGAGAAGTTCGGCAC-1	C	Patient SS_2007	Adjacent	FALSE
GSM4819729_GCGCCAACAGTAAGCG-1	C	Patient SS_2007	Adjacent	FALSE
GSM4819729_GCGGGTTAGGTGACCA-1	C	Patient SS_2007	Adjacent	FALSE
GSM4819729_GCGGGTTCACGTAAGG-1	C	Patient SS_2007	Adjacent	FALSE
GSM4819729_GCGGGTTTCATCTGCC-1	C	Patient SS_2007	Adjacent	FALSE
GSM4819729_GCTCCTATCAGTACGT-1	C	Patient SS_2007	Adjacent	FALSE
GSM4819729_GCTCTGTAGAGGGATA-1	C	Patient SS_2007	Adjacent	TRUE
GSM4819729_GCTCTGTCACGAAATA-1	C	Patient SS_2007	Adjacent	TRUE
GSM4819729_GCTCTGTCATGGTCTA-1	C	Patient SS_2007	Adjacent	FALSE
GSM4819729_GCTCTGTGTAAGGGCT-1	C	Patient SS_2007	Adjacent	FALSE
GSM4819729_GCTGCGACAGGGTACA-1	C	Patient SS_2007	Adjacent	FALSE
GSM4819729_GCTGCTTCAGGTGGAT-1	C	Patient SS_2007	Adjacent	FALSE
GSM4819729_GCTGCTTTCAAGGTAA-1	C	Patient SS_2007	Adjacent	FALSE
GSM4819729_GCTTCCACACTAGTAC-1	C	Patient SS_2007	Adjacent	FALSE
GSM4819729_GCTTCCACAGCCAGAA-1	C	Patient SS_2007	Adjacent	FALSE
GSM4819729_GCTTCCATCACGCGGT-1	C	Patient SS_2007	Adjacent	FALSE
GSM4819729_GGAAAGCAGCCACCTG-1	C	Patient SS_2007	Adjacent	FALSE
GSM4819729_GGAATAACAAACCTAC-1	C	Patient SS_2007	Adjacent	FALSE
GSM4819729_GGAATAACACAGAGGT-1	C	Patient SS_2007	Adjacent	FALSE
GSM4819729_GGACAAGAGGCTATCT-1	C	Patient SS_2007	Adjacent	FALSE
GSM4819729_GGACATTCAAGGTGTG-1	C	Patient SS_2007	Adjacent	FALSE
GSM4819729_GGATGTTAGATATACG-1	C	Patient SS_2007	Adjacent	FALSE
GSM4819729_GGATTACTCTACGAGT-1	C	Patient SS_2007	Adjacent	FALSE
GSM4819729_GGCAATTAGACTACAA-1	C	Patient SS_2007	Adjacent	FALSE
GSM4819729_GGCAATTGTCGGCATC-1	C	Patient SS_2007	Adjacent	FALSE
GSM4819729_GGCCGATTCCACTCCA-1	C	Patient SS_2007	Adjacent	FALSE
GSM4819729_GGCGACTCAAGAGGCT-1	C	Patient SS_2007	Adjacent	FALSE
GSM4819729_GGCTGGTGTATCACCA-1	C	Patient SS_2007	Adjacent	FALSE
GSM4819729_GGGAATGCAGCCTTGG-1	C	Patient SS_2007	Adjacent	FALSE
GSM4819729_GGGAATGTCGGATGGA-1	C	Patient SS_2007	Adjacent	FALSE
GSM4819729_GGGAATGTCTTACCTA-1	C	Patient SS_2007	Adjacent	TRUE
GSM4819729_GGGACCTGTATTACCG-1	C	Patient SS_2007	Adjacent	FALSE
GSM4819729_GGGACCTTCACAATGC-1	C	Patient SS_2007	Adjacent	FALSE
GSM4819729_GGGAGATTCCACGTGG-1	C	Patient SS_2007	Adjacent	FALSE
GSM4819729_GGGATGAAGGGAGTAA-1	C	Patient SS_2007	Adjacent	FALSE
GSM4819729_GGGATGATCACATACG-1	C	Patient SS_2007	Adjacent	TRUE
GSM4819729_GGGCACTGTTCACCTC-1	C	Patient SS_2007	Adjacent	FALSE
GSM4819729_GGGCACTGTTTGACTG-1	C	Patient SS_2007	Adjacent	FALSE
GSM4819729_GGGCACTTCTGCTGCT-1	C	Patient SS_2007	Adjacent	FALSE
GSM4819729_GGGTTGCCACATGACT-1	C	Patient SS_2007	Adjacent	FALSE
GSM4819729_GGGTTGCGTTCAGGCC-1	C	Patient SS_2007	Adjacent	FALSE
GSM4819729_GGTATTGCAGGGTATG-1	C	Patient SS_2007	Adjacent	FALSE
GSM4819729_GGTATTGGTATCACCA-1	C	Patient SS_2007	Adjacent	FALSE
GSM4819729_GGTGCGTAGCGTTCCG-1	C	Patient SS_2007	Adjacent	TRUE
GSM4819729_GGTGCGTCAGCCTTTC-1	C	Patient SS_2007	Adjacent	TRUE
GSM4819729_GTAACTGAGGCAGTCA-1	C	Patient SS_2007	Adjacent	FALSE
GSM4819729_GTAACTGAGTACATGA-1	C	Patient SS_2007	Adjacent	FALSE
GSM4819729_GTACTTTTCGTGTAGT-1	C	Patient SS_2007	Adjacent	FALSE
GSM4819729_GTAGGCCGTATATGAG-1	C	Patient SS_2007	Adjacent	FALSE
GSM4819729_GTAGTCAGTACAGTTC-1	C	Patient SS_2007	Adjacent	FALSE
GSM4819729_GTATCTTGTGAGCGAT-1	C	Patient SS_2007	Adjacent	TRUE
GSM4819729_GTATTCTAGATTACCC-1	C	Patient SS_2007	Adjacent	FALSE
GSM4819729_GTATTCTAGGCATGGT-1	C	Patient SS_2007	Adjacent	FALSE
GSM4819729_GTCACAATCATTATCC-1	C	Patient SS_2007	Adjacent	FALSE
GSM4819729_GTCATTTCATTGTGCA-1	C	Patient SS_2007	Adjacent	FALSE
GSM4819729_GTCCTCAAGGAGTTTA-1	C	Patient SS_2007	Adjacent	FALSE
GSM4819729_GTCGGGTGTTTCGCTC-1	C	Patient SS_2007	Adjacent	FALSE
GSM4819729_GTCTTCGAGCTCCCAG-1	C	Patient SS_2007	Adjacent	FALSE
GSM4819729_GTCTTCGCACGGCCAT-1	C	Patient SS_2007	Adjacent	TRUE
GSM4819729_GTCTTCGTCAGCGATT-1	C	Patient SS_2007	Adjacent	FALSE
GSM4819729_GTGAAGGCAGCTGTGC-1	C	Patient SS_2007	Adjacent	FALSE
GSM4819729_GTGAAGGTCAAGGTAA-1	C	Patient SS_2007	Adjacent	FALSE
GSM4819729_GTGAAGGTCAGATAAG-1	C	Patient SS_2007	Adjacent	FALSE
GSM4819729_GTGCAGCAGCCAGGAT-1	C	Patient SS_2007	Adjacent	FALSE
GSM4819729_GTGCAGCCATCCCATC-1	C	Patient SS_2007	Adjacent	FALSE
GSM4819729_GTGCGGTGTTCAGTAC-1	C	Patient SS_2007	Adjacent	FALSE
GSM4819729_GTGCTTCCAGCCAATT-1	C	Patient SS_2007	Adjacent	TRUE
GSM4819729_GTGCTTCTCTCAACTT-1	C	Patient SS_2007	Adjacent	FALSE
GSM4819729_GTTACAGCAAGGACTG-1	C	Patient SS_2007	Adjacent	FALSE
GSM4819729_GTTCGGGGTGGTGTAG-1	C	Patient SS_2007	Adjacent	FALSE
GSM4819729_GTTCTCGAGGTGATAT-1	C	Patient SS_2007	Adjacent	FALSE
GSM4819729_GTTTCTACATCCGCGA-1	C	Patient SS_2007	Adjacent	FALSE
GSM4819729_GTTTCTAGTAGCCTCG-1	C	Patient SS_2007	Adjacent	FALSE
GSM4819729_TAAGAGAGTTGGTAAA-1	C	Patient SS_2007	Adjacent	FALSE
GSM4819729_TAAGCGTCACAACTGT-1	C	Patient SS_2007	Adjacent	FALSE
GSM4819729_TAAGCGTGTAAGAGGA-1	C	Patient SS_2007	Adjacent	FALSE
GSM4819729_TAAGTGCGTATTCTCT-1	C	Patient SS_2007	Adjacent	TRUE
GSM4819729_TAAGTGCTCCGCAAGC-1	C	Patient SS_2007	Adjacent	FALSE
GSM4819729_TACCTATAGTATGACA-1	C	Patient SS_2007	Adjacent	FALSE
GSM4819729_TACGGGCGTAAAGTCA-1	C	Patient SS_2007	Adjacent	FALSE
GSM4819729_TACGGGCGTCGAGATG-1	C	Patient SS_2007	Adjacent	FALSE
GSM4819729_TACGGTATCTAACTTC-1	C	Patient SS_2007	Adjacent	FALSE
GSM4819729_TACTTACCACCAACCG-1	C	Patient SS_2007	Adjacent	FALSE
GSM4819729_TACTTACGTAGCCTAT-1	C	Patient SS_2007	Adjacent	FALSE
GSM4819729_TAGACCACAAGGACTG-1	C	Patient SS_2007	Adjacent	FALSE
GSM4819729_TAGAGCTAGGAGTCTG-1	C	Patient SS_2007	Adjacent	FALSE
GSM4819729_TAGCCGGGTCTCGTTC-1	C	Patient SS_2007	Adjacent	TRUE
GSM4819729_TAGGCATCACTTGGAT-1	C	Patient SS_2007	Adjacent	FALSE
GSM4819729_TAGTGGTCAATCTGCA-1	C	Patient SS_2007	Adjacent	TRUE
GSM4819729_TAGTTGGAGTGGTCCC-1	C	Patient SS_2007	Adjacent	FALSE
GSM4819729_TATCAGGGTCAACATC-1	C	Patient SS_2007	Adjacent	FALSE
GSM4819729_TATGCCCAGTTAGCGG-1	C	Patient SS_2007	Adjacent	FALSE
GSM4819729_TATTACCTCCGCGTTT-1	C	Patient SS_2007	Adjacent	FALSE
GSM4819729_TCAACGACAATCGAAA-1	C	Patient SS_2007	Adjacent	FALSE
GSM4819729_TCACAAGAGAACAATC-1	C	Patient SS_2007	Adjacent	FALSE
GSM4819729_TCACGAAGTTTGCATG-1	C	Patient SS_2007	Adjacent	FALSE
GSM4819729_TCAGCAATCGGACAAG-1	C	Patient SS_2007	Adjacent	FALSE
GSM4819729_TCAGGATAGAGGTAGA-1	C	Patient SS_2007	Adjacent	FALSE
GSM4819729_TCAGGTAGTTGTCTTT-1	C	Patient SS_2007	Adjacent	FALSE
GSM4819729_TCATTACCAATTCCTT-1	C	Patient SS_2007	Adjacent	FALSE
GSM4819729_TCATTACTCAAAGACA-1	C	Patient SS_2007	Adjacent	FALSE
GSM4819729_TCATTTGGTCTGATCA-1	C	Patient SS_2007	Adjacent	FALSE
GSM4819729_TCCACACCAGCTATTG-1	C	Patient SS_2007	Adjacent	FALSE
GSM4819729_TCCACACCATTAACCG-1	C	Patient SS_2007	Adjacent	FALSE
GSM4819729_TCCACACGTCATGCCG-1	C	Patient SS_2007	Adjacent	TRUE
GSM4819729_TCGAGGCAGCTATGCT-1	C	Patient SS_2007	Adjacent	FALSE
GSM4819729_TCGAGGCTCCCTGACT-1	C	Patient SS_2007	Adjacent	FALSE
GSM4819729_TCGCGAGCAATGAATG-1	C	Patient SS_2007	Adjacent	TRUE
GSM4819729_TCGCGAGTCTTGTACT-1	C	Patient SS_2007	Adjacent	FALSE
GSM4819729_TCGGGACAGATATGCA-1	C	Patient SS_2007	Adjacent	FALSE
GSM4819729_TCGGTAACAGATCTGT-1	C	Patient SS_2007	Adjacent	FALSE
GSM4819729_TCGTAGATCGTTTAGG-1	C	Patient SS_2007	Adjacent	FALSE
GSM4819729_TCTATTGTCATGTCTT-1	C	Patient SS_2007	Adjacent	FALSE
GSM4819729_TCTATTGTCGGTCCGA-1	C	Patient SS_2007	Adjacent	FALSE
GSM4819729_TCTCATAGTACAGTGG-1	C	Patient SS_2007	Adjacent	FALSE
GSM4819729_TCTGAGACAACACCTA-1	C	Patient SS_2007	Adjacent	FALSE
GSM4819729_TCTTCGGTCTGCGGCA-1	C	Patient SS_2007	Adjacent	FALSE
GSM4819729_TCTTTCCCAGTAACGG-1	C	Patient SS_2007	Adjacent	FALSE
GSM4819729_TCTTTCCTCACCCGAG-1	C	Patient SS_2007	Adjacent	FALSE
GSM4819729_TGAAAGATCATCACCC-1	C	Patient SS_2007	Adjacent	FALSE
GSM4819729_TGAAAGATCGACGGAA-1	C	Patient SS_2007	Adjacent	TRUE
GSM4819729_TGACAACGTAAACACA-1	C	Patient SS_2007	Adjacent	FALSE
GSM4819729_TGACGGCCATCATCCC-1	C	Patient SS_2007	Adjacent	FALSE
GSM4819729_TGACGGCGTGCAACTT-1	C	Patient SS_2007	Adjacent	FALSE
GSM4819729_TGACGGCTCTCTTGAT-1	C	Patient SS_2007	Adjacent	FALSE
GSM4819729_TGACTAGTCACAATGC-1	C	Patient SS_2007	Adjacent	FALSE
GSM4819729_TGACTTTAGACAGACC-1	C	Patient SS_2007	Adjacent	FALSE
GSM4819729_TGAGAGGGTTAAAGTG-1	C	Patient SS_2007	Adjacent	FALSE
GSM4819729_TGAGCATAGCGTTTAC-1	C	Patient SS_2007	Adjacent	FALSE
GSM4819729_TGAGCATGTCTGGAGA-1	C	Patient SS_2007	Adjacent	FALSE
GSM4819729_TGAGCCGGTCAGAGGT-1	C	Patient SS_2007	Adjacent	TRUE
GSM4819729_TGAGGGAAGTGGAGTC-1	C	Patient SS_2007	Adjacent	FALSE
GSM4819729_TGAGGGAGTCATGCAT-1	C	Patient SS_2007	Adjacent	TRUE
GSM4819729_TGCACCTAGTGGTCCC-1	C	Patient SS_2007	Adjacent	FALSE
GSM4819729_TGCCCATCAGCTCGCA-1	C	Patient SS_2007	Adjacent	FALSE
GSM4819729_TGCCCTAGTTAAAGAC-1	C	Patient SS_2007	Adjacent	FALSE
GSM4819729_TGCGCAGAGATATGCA-1	C	Patient SS_2007	Adjacent	FALSE
GSM4819729_TGCGCAGGTAAGGATT-1	C	Patient SS_2007	Adjacent	TRUE
GSM4819729_TGCGTGGAGTACGACG-1	C	Patient SS_2007	Adjacent	FALSE
GSM4819729_TGCGTGGTCACTCTTA-1	C	Patient SS_2007	Adjacent	FALSE
GSM4819729_TGCTACCAGTGTGAAT-1	C	Patient SS_2007	Adjacent	FALSE
GSM4819729_TGCTACCCAGATGGGT-1	C	Patient SS_2007	Adjacent	FALSE
GSM4819729_TGCTGCTAGCTAACAA-1	C	Patient SS_2007	Adjacent	FALSE
GSM4819729_TGCTGCTAGGTCATCT-1	C	Patient SS_2007	Adjacent	FALSE
GSM4819729_TGGACGCTCCCATTAT-1	C	Patient SS_2007	Adjacent	TRUE
GSM4819729_TGGACGCTCTGTGCAA-1	C	Patient SS_2007	Adjacent	FALSE
GSM4819729_TGGCGCAGTAACGACG-1	C	Patient SS_2007	Adjacent	FALSE
GSM4819729_TGGGAAGAGAATGTTG-1	C	Patient SS_2007	Adjacent	FALSE
GSM4819729_TGGGCGTGTCGGATCC-1	C	Patient SS_2007	Adjacent	FALSE
GSM4819729_TGGTTAGAGTGGGTTG-1	C	Patient SS_2007	Adjacent	FALSE
GSM4819729_TGGTTAGCAGGTCGTC-1	C	Patient SS_2007	Adjacent	FALSE
GSM4819729_TGGTTAGGTTTGGCGC-1	C	Patient SS_2007	Adjacent	FALSE
GSM4819729_TGGTTCCAGCGTTCCG-1	C	Patient SS_2007	Adjacent	FALSE
GSM4819729_TGGTTCCCATTAGGCT-1	C	Patient SS_2007	Adjacent	TRUE
GSM4819729_TGGTTCCTCAGGTAAA-1	C	Patient SS_2007	Adjacent	FALSE
GSM4819729_TGGTTCCTCATGGTCA-1	C	Patient SS_2007	Adjacent	TRUE
GSM4819729_TGTATTCAGAGTCGGT-1	C	Patient SS_2007	Adjacent	FALSE
GSM4819729_TGTCCCAAGAGCTATA-1	C	Patient SS_2007	Adjacent	FALSE
GSM4819729_TTAACTCAGGAGCGTT-1	C	Patient SS_2007	Adjacent	FALSE
GSM4819729_TTAACTCCACCTGGTG-1	C	Patient SS_2007	Adjacent	TRUE
GSM4819729_TTAACTCCAGCATACT-1	C	Patient SS_2007	Adjacent	FALSE
GSM4819729_TTAACTCGTAGCCTCG-1	C	Patient SS_2007	Adjacent	FALSE
GSM4819729_TTAGGACAGATACACA-1	C	Patient SS_2007	Adjacent	FALSE
GSM4819729_TTAGTTCCAAGCTGAG-1	C	Patient SS_2007	Adjacent	FALSE
GSM4819729_TTAGTTCCAGGATTGG-1	C	Patient SS_2007	Adjacent	FALSE
GSM4819729_TTATGCTCACCGTTGG-1	C	Patient SS_2007	Adjacent	FALSE
GSM4819729_TTATGCTCAGTCAGCC-1	C	Patient SS_2007	Adjacent	TRUE
GSM4819729_TTCCCAGCATTCTCAT-1	C	Patient SS_2007	Adjacent	FALSE
GSM4819729_TTCGAAGAGTGCCATT-1	C	Patient SS_2007	Adjacent	FALSE
GSM4819729_TTCGAAGTCGTACGGC-1	C	Patient SS_2007	Adjacent	FALSE
GSM4819729_TTCGGTCCACAAGACG-1	C	Patient SS_2007	Adjacent	FALSE
GSM4819729_TTCTACAAGGCGCTCT-1	C	Patient SS_2007	Adjacent	FALSE
GSM4819729_TTCTACAGTAGTGAAT-1	C	Patient SS_2007	Adjacent	FALSE
GSM4819729_TTCTCCTAGAAGATTC-1	C	Patient SS_2007	Adjacent	FALSE
GSM4819729_TTCTCCTCAAAGCGGT-1	C	Patient SS_2007	Adjacent	FALSE
GSM4819729_TTCTCCTGTCGCCATG-1	C	Patient SS_2007	Adjacent	FALSE
GSM4819729_TTCTCCTTCCGAACGC-1	C	Patient SS_2007	Adjacent	FALSE
GSM4819729_TTCTCCTTCTATCCCG-1	C	Patient SS_2007	Adjacent	FALSE
GSM4819729_TTCTCCTTCTTGCCGT-1	C	Patient SS_2007	Adjacent	FALSE
GSM4819729_TTGACTTCATCAGTAC-1	C	Patient SS_2007	Adjacent	FALSE
GSM4819729_TTGCGTCCACGCGAAA-1	C	Patient SS_2007	Adjacent	FALSE
GSM4819729_TTGCGTCTCGCAGGCT-1	C	Patient SS_2007	Adjacent	FALSE
GSM4819729_TTGGAACTCTGGTTCC-1	C	Patient SS_2007	Adjacent	TRUE
GSM4819729_TTGGCAACAACAACCT-1	C	Patient SS_2007	Adjacent	FALSE
GSM4819729_TTGGCAAGTCGCGGTT-1	C	Patient SS_2007	Adjacent	FALSE
GSM4819729_TTGTAGGTCGCGTTTC-1	C	Patient SS_2007	Adjacent	FALSE
GSM4819729_TTGTAGGTCTGGTATG-1	C	Patient SS_2007	Adjacent	FALSE
GSM4819729_TTTACTGAGTCGTACT-1	C	Patient SS_2007	Adjacent	FALSE
GSM4819729_TTTACTGGTGTGACCC-1	C	Patient SS_2007	Adjacent	FALSE
GSM4819729_TTTGCGCAGGCGACAT-1	C	Patient SS_2007	Adjacent	FALSE
GSM4819729_TTTGCGCTCTCACATT-1	C	Patient SS_2007	Adjacent	FALSE
GSM4819729_TTTGGTTAGCGCCTCA-1	C	Patient SS_2007	Adjacent	FALSE
GSM4819729_TTTGTCAGTATGAAAC-1	C	Patient SS_2007	Adjacent	FALSE
GSM4819730_AACCGCGCATCCCACT-1	C	Patient SS_2014	Adjacent	FALSE
GSM4819730_AACTCAGCACCAACCG-1	C	Patient SS_2014	Adjacent	FALSE
GSM4819730_AAGGCAGGTAACGCGA-1	C	Patient SS_2014	Adjacent	FALSE
GSM4819730_AAGGCAGTCACCCTCA-1	C	Patient SS_2014	Adjacent	FALSE
GSM4819730_AAGTCTGTCCGATATG-1	C	Patient SS_2014	Adjacent	FALSE
GSM4819730_ACAGCTAGTCAGAGGT-1	C	Patient SS_2014	Adjacent	FALSE
GSM4819730_ACGAGGAAGGAGCGAG-1	C	Patient SS_2014	Adjacent	FALSE
GSM4819730_ACGGGTCTCGCCTGAG-1	C	Patient SS_2014	Adjacent	FALSE
GSM4819730_ACGTCAAGTGTGGCTC-1	C	Patient SS_2014	Adjacent	FALSE
GSM4819730_ACTTGTTTCCGTAGTA-1	C	Patient SS_2014	Adjacent	FALSE
GSM4819730_AGATTGCTCCCATTAT-1	C	Patient SS_2014	Adjacent	FALSE
GSM4819730_AGCTTGATCTGAGTGT-1	C	Patient SS_2014	Adjacent	FALSE
GSM4819730_AGTCTTTCAAGACGTG-1	C	Patient SS_2014	Adjacent	FALSE
GSM4819730_ATCGAGTTCAAGAAGT-1	C	Patient SS_2014	Adjacent	FALSE
GSM4819730_ATTCTACTCTCCAACC-1	C	Patient SS_2014	Adjacent	FALSE
GSM4819730_CACCTTGAGGTAGCCA-1	C	Patient SS_2014	Adjacent	FALSE
GSM4819730_CAGCCGATCGCCCTTA-1	C	Patient SS_2014	Adjacent	FALSE
GSM4819730_CAGTAACGTCAGATAA-1	C	Patient SS_2014	Adjacent	FALSE
GSM4819730_CCTCTGAAGCTGAAAT-1	C	Patient SS_2014	Adjacent	FALSE
GSM4819730_CGAGAAGGTCCGACGT-1	C	Patient SS_2014	Adjacent	FALSE
GSM4819730_CGATGTATCGCGTAGC-1	C	Patient SS_2014	Adjacent	FALSE
GSM4819730_CGATTGAGTCGACTGC-1	C	Patient SS_2014	Adjacent	FALSE
GSM4819730_CGCTTCACAAGCCATT-1	C	Patient SS_2014	Adjacent	TRUE
GSM4819730_CTCGAAATCTACTATC-1	C	Patient SS_2014	Adjacent	FALSE
GSM4819730_CTGTTTATCTAACTTC-1	C	Patient SS_2014	Adjacent	FALSE
GSM4819730_GAACCTAAGGTAAACT-1	C	Patient SS_2014	Adjacent	FALSE
GSM4819730_GAAGCAGCACAAGCCC-1	C	Patient SS_2014	Adjacent	FALSE
GSM4819730_GATCGATCAAGACGTG-1	C	Patient SS_2014	Adjacent	FALSE
GSM4819730_GCTCTGTGTCTTTCAT-1	C	Patient SS_2014	Adjacent	FALSE
GSM4819730_GGACAAGGTAAGGGAA-1	C	Patient SS_2014	Adjacent	FALSE
GSM4819730_GGACAAGTCAAGATCC-1	C	Patient SS_2014	Adjacent	FALSE
GSM4819730_GTAACGTCACAAGTAA-1	C	Patient SS_2014	Adjacent	FALSE
GSM4819730_GTCACGGTCACCGGGT-1	C	Patient SS_2014	Adjacent	FALSE
GSM4819730_TACGGGCCACCATGTA-1	C	Patient SS_2014	Adjacent	FALSE
GSM4819730_TCATTACAGTACTTGC-1	C	Patient SS_2014	Adjacent	FALSE
GSM4819730_TCTCTAATCATTGCGA-1	C	Patient SS_2014	Adjacent	FALSE
GSM4819730_TGCACCTTCCCAACGG-1	C	Patient SS_2014	Adjacent	FALSE
GSM4819730_TGGCTGGTCAGCCTAA-1	C	Patient SS_2014	Adjacent	FALSE
GSM4819730_TTAGGACAGTGTTTGC-1	C	Patient SS_2014	Adjacent	FALSE
GSM4819731_AAACCTGTCAGTGTTG-1	C	Patient SS_2014	Adjacent	FALSE
GSM4819731_AAAGCAACACAGGCCT-1	C	Patient SS_2014	Adjacent	FALSE
GSM4819731_AACCGCGCATCGACGC-1	C	Patient SS_2014	Adjacent	FALSE
GSM4819731_AACGTTGAGGTGATTA-1	C	Patient SS_2014	Adjacent	FALSE
GSM4819731_AACTCCCCAGGAATGC-1	C	Patient SS_2014	Adjacent	FALSE
GSM4819731_ACACTGAAGACTAAGT-1	C	Patient SS_2014	Adjacent	FALSE
GSM4819731_ACACTGAGTCGCATCG-1	C	Patient SS_2014	Adjacent	FALSE
GSM4819731_ACAGCTAAGAAGCCCA-1	C	Patient SS_2014	Adjacent	FALSE
GSM4819731_ACATGGTCAAGAGTCG-1	C	Patient SS_2014	Adjacent	FALSE
GSM4819731_ACCTTTACAATCTGCA-1	C	Patient SS_2014	Adjacent	FALSE
GSM4819731_ACGCCAGAGGGAACGG-1	C	Patient SS_2014	Adjacent	FALSE
GSM4819731_ACGGAGACATCGTCGG-1	C	Patient SS_2014	Adjacent	FALSE
GSM4819731_ACGTCAAAGAATCTCC-1	C	Patient SS_2014	Adjacent	FALSE
GSM4819731_ACTGAGTTCCTGTACC-1	C	Patient SS_2014	Adjacent	FALSE
GSM4819731_ACTTGTTTCAGAGACG-1	C	Patient SS_2014	Adjacent	FALSE
GSM4819731_ACTTTCAGTCGAAAGC-1	C	Patient SS_2014	Adjacent	FALSE
GSM4819731_AGAGTGGGTGCAACGA-1	C	Patient SS_2014	Adjacent	FALSE
GSM4819731_AGCGTATTCCATGAGT-1	C	Patient SS_2014	Adjacent	FALSE
GSM4819731_AGGCCGTTCAACCAAC-1	C	Patient SS_2014	Adjacent	FALSE
GSM4819731_AGTAGTCCAGCTGTGC-1	C	Patient SS_2014	Adjacent	FALSE
GSM4819731_AGTCTTTTCGGCGCAT-1	C	Patient SS_2014	Adjacent	FALSE
GSM4819731_AGTGAGGTCCTGCAGG-1	C	Patient SS_2014	Adjacent	FALSE
GSM4819731_AGTGGGACAACGCACC-1	C	Patient SS_2014	Adjacent	FALSE
GSM4819731_ATGTGTGGTGCTTCTC-1	C	Patient SS_2014	Adjacent	FALSE
GSM4819731_ATTATCCCACAGACTT-1	C	Patient SS_2014	Adjacent	FALSE
GSM4819731_CACAGGCCACTGTGTA-1	C	Patient SS_2014	Adjacent	FALSE
GSM4819731_CACAGGCGTCAGGACA-1	C	Patient SS_2014	Adjacent	TRUE
GSM4819731_CACCACTAGAAACCGC-1	C	Patient SS_2014	Adjacent	FALSE
GSM4819731_CATATGGCAAGTTAAG-1	C	Patient SS_2014	Adjacent	FALSE
GSM4819731_CATATGGCATTCACTT-1	C	Patient SS_2014	Adjacent	FALSE
GSM4819731_CATCCACCATTAGGCT-1	C	Patient SS_2014	Adjacent	FALSE
GSM4819731_CATCGGGTCCGTAGTA-1	C	Patient SS_2014	Adjacent	FALSE
GSM4819731_CATTATCGTTAGAACA-1	C	Patient SS_2014	Adjacent	FALSE
GSM4819731_CCACTACAGTAGGTGC-1	C	Patient SS_2014	Adjacent	FALSE
GSM4819731_CCCTCCTAGATGGCGT-1	C	Patient SS_2014	Adjacent	FALSE
GSM4819731_CCTATTAAGGGTGTTG-1	C	Patient SS_2014	Adjacent	FALSE
GSM4819731_CCTCAGTCACCGATAT-1	C	Patient SS_2014	Adjacent	FALSE
GSM4819731_CCTCTGAGTCCTGCTT-1	C	Patient SS_2014	Adjacent	FALSE
GSM4819731_CCTTTCTGTCCAGTGC-1	C	Patient SS_2014	Adjacent	FALSE
GSM4819731_CGACCTTGTCGCTTCT-1	C	Patient SS_2014	Adjacent	FALSE
GSM4819731_CGACTTCAGGAGTTTA-1	C	Patient SS_2014	Adjacent	FALSE
GSM4819731_CGGACACCACTTCTGC-1	C	Patient SS_2014	Adjacent	FALSE
GSM4819731_CGTCACTGTCGACTAT-1	C	Patient SS_2014	Adjacent	TRUE
GSM4819731_CGTTCTGAGCAATATG-1	C	Patient SS_2014	Adjacent	TRUE
GSM4819731_CTACATTGTTGCGCAC-1	C	Patient SS_2014	Adjacent	FALSE
GSM4819731_CTCGAAATCTGCGGCA-1	C	Patient SS_2014	Adjacent	FALSE
GSM4819731_CTCGGGAGTGAGTATA-1	C	Patient SS_2014	Adjacent	FALSE
GSM4819731_CTCTGGTCATCACGTA-1	C	Patient SS_2014	Adjacent	FALSE
GSM4819731_CTGCCTAGTCACTGGC-1	C	Patient SS_2014	Adjacent	FALSE
GSM4819731_CTGGTCTGTTACAGAA-1	C	Patient SS_2014	Adjacent	FALSE
GSM4819731_CTTAGGATCCGTTGTC-1	C	Patient SS_2014	Adjacent	TRUE
GSM4819731_CTTTGCGGTCCCTACT-1	C	Patient SS_2014	Adjacent	FALSE
GSM4819731_GAAATGAAGTGAACGC-1	C	Patient SS_2014	Adjacent	FALSE
GSM4819731_GACCAATTCGGCCGAT-1	C	Patient SS_2014	Adjacent	FALSE
GSM4819731_GACTGCGCAGGCTCAC-1	C	Patient SS_2014	Adjacent	FALSE
GSM4819731_GAGTCCGTCTCGCTTG-1	C	Patient SS_2014	Adjacent	FALSE
GSM4819731_GATCGCGAGGGCTTCC-1	C	Patient SS_2014	Adjacent	FALSE
GSM4819731_GATCGCGGTATATCCG-1	C	Patient SS_2014	Adjacent	FALSE
GSM4819731_GATCTAGAGGAGCGAG-1	C	Patient SS_2014	Adjacent	FALSE
GSM4819731_GCAATCAAGGGAAACA-1	C	Patient SS_2014	Adjacent	FALSE
GSM4819731_GCACTCTCACATTTCT-1	C	Patient SS_2014	Adjacent	FALSE
GSM4819731_GCATGATTCAGAGGTG-1	C	Patient SS_2014	Adjacent	FALSE
GSM4819731_GCATGCGTCTCCTATA-1	C	Patient SS_2014	Adjacent	FALSE
GSM4819731_GCGAGAATCGCATGGC-1	C	Patient SS_2014	Adjacent	FALSE
GSM4819731_GCGCAACCAAACCTAC-1	C	Patient SS_2014	Adjacent	FALSE
GSM4819731_GCGCAACTCAGGCGAA-1	C	Patient SS_2014	Adjacent	FALSE
GSM4819731_GCTGCGATCTTCAACT-1	C	Patient SS_2014	Adjacent	FALSE
GSM4819731_GGAACTTAGCTCCTCT-1	C	Patient SS_2014	Adjacent	FALSE
GSM4819731_GGACGTCAGGAGCGTT-1	C	Patient SS_2014	Adjacent	TRUE
GSM4819731_GGCGACTAGAACAACT-1	C	Patient SS_2014	Adjacent	FALSE
GSM4819731_GGGACCTTCGGCGCTA-1	C	Patient SS_2014	Adjacent	FALSE
GSM4819731_GGGAGATCATGCAACT-1	C	Patient SS_2014	Adjacent	FALSE
GSM4819731_GGTGAAGTCCTGTAGA-1	C	Patient SS_2014	Adjacent	FALSE
GSM4819731_GGTGCGTTCACGACTA-1	C	Patient SS_2014	Adjacent	FALSE
GSM4819731_GTACTCCCAGGAATCG-1	C	Patient SS_2014	Adjacent	FALSE
GSM4819731_GTACTTTTCATTATCC-1	C	Patient SS_2014	Adjacent	FALSE
GSM4819731_GTCTTCGAGCAGCGTA-1	C	Patient SS_2014	Adjacent	FALSE
GSM4819731_GTGGGTCAGAATTCCC-1	C	Patient SS_2014	Adjacent	FALSE
GSM4819731_GTGTTAGAGGCCCTCA-1	C	Patient SS_2014	Adjacent	FALSE
GSM4819731_GTTCATTGTGTGACGA-1	C	Patient SS_2014	Adjacent	FALSE
GSM4819731_TACGGGCGTTTAAGCC-1	C	Patient SS_2014	Adjacent	FALSE
GSM4819731_TAGACCAAGGCCGAAT-1	C	Patient SS_2014	Adjacent	FALSE
GSM4819731_TAGTTGGGTTCAGACT-1	C	Patient SS_2014	Adjacent	FALSE
GSM4819731_TATCTCACATTTCACT-1	C	Patient SS_2014	Adjacent	FALSE
GSM4819731_TATTACCAGGAATTAC-1	C	Patient SS_2014	Adjacent	FALSE
GSM4819731_TCGTAGAAGAGAACAG-1	C	Patient SS_2014	Adjacent	FALSE
GSM4819731_TCTGAGAAGCGATGAC-1	C	Patient SS_2014	Adjacent	FALSE
GSM4819731_TCTGAGACAGCCTGTG-1	C	Patient SS_2014	Adjacent	FALSE
GSM4819731_TCTGGAAAGCTAAACA-1	C	Patient SS_2014	Adjacent	FALSE
GSM4819731_TGAGGGACAGTCAGAG-1	C	Patient SS_2014	Adjacent	FALSE
GSM4819731_TGCCCATTCCTAGGGC-1	C	Patient SS_2014	Adjacent	FALSE
GSM4819731_TGCCCTACAGTCGATT-1	C	Patient SS_2014	Adjacent	TRUE
GSM4819731_TGCTGCTTCTTGGGTA-1	C	Patient SS_2014	Adjacent	FALSE
GSM4819731_TGGCGCAAGAGTAAGG-1	C	Patient SS_2014	Adjacent	FALSE
GSM4819731_TGGTTCCTCCACGTTC-1	C	Patient SS_2014	Adjacent	FALSE
GSM4819731_TGTTCCGAGTTCGCGC-1	C	Patient SS_2014	Adjacent	FALSE
GSM4819731_TTCCCAGTCTTGCCGT-1	C	Patient SS_2014	Adjacent	FALSE
GSM4819731_TTCGGTCAGTGGTAAT-1	C	Patient SS_2014	Adjacent	FALSE
GSM4819731_TTCTACAGTTCGGCAC-1	C	Patient SS_2014	Adjacent	FALSE
GSM4819731_TTTCCTCGTCACCCAG-1	C	Patient SS_2014	Adjacent	FALSE
GSM4819733_AAAGTAGCAAACAACA-1	C	Patient SS_2017	Tumor	FALSE
GSM4819733_AAAGTAGCAATAGAGT-1	C	Patient SS_2017	Tumor	FALSE
GSM4819733_AAATGCCGTCGAACAG-1	C	Patient SS_2017	Tumor	FALSE
GSM4819733_AAATGCCGTTACGCGC-1	C	Patient SS_2017	Tumor	FALSE
GSM4819733_AACACGTCATGCTAGT-1	C	Patient SS_2017	Tumor	FALSE
GSM4819733_AACCGCGAGGGAAACA-1	C	Patient SS_2017	Tumor	FALSE
GSM4819733_AACTCAGGTCGAACAG-1	C	Patient SS_2017	Tumor	FALSE
GSM4819733_AACTGGTAGCCAGAAC-1	C	Patient SS_2017	Tumor	FALSE
GSM4819733_AAGCCGCAGAATGTTG-1	C	Patient SS_2017	Tumor	FALSE
GSM4819733_AAGGAGCGTGCAGTAG-1	C	Patient SS_2017	Tumor	FALSE
GSM4819733_AAGTCTGAGTGAAGTT-1	C	Patient SS_2017	Tumor	FALSE
GSM4819733_AAGTCTGCAGTATGCT-1	C	Patient SS_2017	Tumor	FALSE
GSM4819733_AAGTCTGGTACAGTGG-1	C	Patient SS_2017	Tumor	FALSE
GSM4819733_AAGTCTGTCGTGGACC-1	C	Patient SS_2017	Tumor	FALSE
GSM4819733_AAGTCTGTCTGCCAGG-1	C	Patient SS_2017	Tumor	FALSE
GSM4819733_AATCCAGCATGGGAAC-1	C	Patient SS_2017	Tumor	FALSE
GSM4819733_ACATCAGTCACTTCAT-1	C	Patient SS_2017	Tumor	FALSE
GSM4819733_ACGAGGAAGCGTAATA-1	C	Patient SS_2017	Tumor	FALSE
GSM4819733_ACGAGGATCCTTGCCA-1	C	Patient SS_2017	Tumor	FALSE
GSM4819733_ACGATACAGTTACGGG-1	C	Patient SS_2017	Tumor	FALSE
GSM4819733_ACGATACCATTAGGCT-1	C	Patient SS_2017	Tumor	FALSE
GSM4819733_ACGCCAGAGGATGTAT-1	C	Patient SS_2017	Tumor	FALSE
GSM4819733_ACGCCGAAGAAACGAG-1	C	Patient SS_2017	Tumor	FALSE
GSM4819733_ACGCCGAAGTACTTGC-1	C	Patient SS_2017	Tumor	FALSE
GSM4819733_ACGCCGATCCACGTTC-1	C	Patient SS_2017	Tumor	FALSE
GSM4819733_ACGGAGAAGTAAGTAC-1	C	Patient SS_2017	Tumor	FALSE
GSM4819733_ACGGAGAGTCTGATTG-1	C	Patient SS_2017	Tumor	FALSE
GSM4819733_ACGGAGATCGCTGATA-1	C	Patient SS_2017	Tumor	FALSE
GSM4819733_ACGGGTCTCATGTGGT-1	C	Patient SS_2017	Tumor	FALSE
GSM4819733_ACTGAACAGCGATATA-1	C	Patient SS_2017	Tumor	FALSE
GSM4819733_ACTGAGTTCAACGGGA-1	C	Patient SS_2017	Tumor	FALSE
GSM4819733_ACTGATGTCGAGAACG-1	C	Patient SS_2017	Tumor	FALSE
GSM4819733_ACTTTCAGTCGGCATC-1	C	Patient SS_2017	Tumor	FALSE
GSM4819733_AGAGCGACAAACTGCT-1	C	Patient SS_2017	Tumor	FALSE
GSM4819733_AGAGCTTTCCAGAGGA-1	C	Patient SS_2017	Tumor	FALSE
GSM4819733_AGAGTGGAGGGTGTTG-1	C	Patient SS_2017	Tumor	FALSE
GSM4819733_AGATTGCTCCTAGGGC-1	C	Patient SS_2017	Tumor	TRUE
GSM4819733_AGCCTAAGTCTTGATG-1	C	Patient SS_2017	Tumor	FALSE
GSM4819733_AGCGGTCGTCTCAACA-1	C	Patient SS_2017	Tumor	FALSE
GSM4819733_AGCGTATCAGGACGTA-1	C	Patient SS_2017	Tumor	FALSE
GSM4819733_AGCGTCGTCGGATGGA-1	C	Patient SS_2017	Tumor	FALSE
GSM4819733_AGGGATGCAATCCGAT-1	C	Patient SS_2017	Tumor	FALSE
GSM4819733_AGGTCCGAGGATATAC-1	C	Patient SS_2017	Tumor	FALSE
GSM4819733_AGTCTTTAGCGTAATA-1	C	Patient SS_2017	Tumor	FALSE
GSM4819733_ATAACGCAGGCTAGGT-1	C	Patient SS_2017	Tumor	FALSE
GSM4819733_ATAAGAGCATGCTGGC-1	C	Patient SS_2017	Tumor	FALSE
GSM4819733_ATCTACTGTTCGTGAT-1	C	Patient SS_2017	Tumor	FALSE
GSM4819733_ATGAGGGCAATACGCT-1	C	Patient SS_2017	Tumor	FALSE
GSM4819733_ATGTGTGCAATGAATG-1	C	Patient SS_2017	Tumor	FALSE
GSM4819733_ATTGGACAGAGTAAGG-1	C	Patient SS_2017	Tumor	FALSE
GSM4819733_ATTGGACTCCAAGTAC-1	C	Patient SS_2017	Tumor	FALSE
GSM4819733_ATTTCTGGTATTCGTG-1	C	Patient SS_2017	Tumor	FALSE
GSM4819733_CAACTAGGTCTCGTTC-1	C	Patient SS_2017	Tumor	FALSE
GSM4819733_CAAGAAAGTCGGCTCA-1	C	Patient SS_2017	Tumor	FALSE
GSM4819733_CAAGGCCGTCCGAATT-1	C	Patient SS_2017	Tumor	FALSE
GSM4819733_CAAGTTGAGCGATAGC-1	C	Patient SS_2017	Tumor	FALSE
GSM4819733_CACACCTCACTGTCGG-1	C	Patient SS_2017	Tumor	FALSE
GSM4819733_CACACCTTCGCGGATC-1	C	Patient SS_2017	Tumor	FALSE
GSM4819733_CACATTTGTACACCGC-1	C	Patient SS_2017	Tumor	FALSE
GSM4819733_CACCTTGTCCGCTGTT-1	C	Patient SS_2017	Tumor	FALSE
GSM4819733_CAGCGACAGGCATGGT-1	C	Patient SS_2017	Tumor	FALSE
GSM4819733_CAGCTAACAGCCAATT-1	C	Patient SS_2017	Tumor	FALSE
GSM4819733_CAGCTAAGTACAGTTC-1	C	Patient SS_2017	Tumor	FALSE
GSM4819733_CAGCTAATCCACTGGG-1	C	Patient SS_2017	Tumor	FALSE
GSM4819733_CAGGTGCCAGGTCGTC-1	C	Patient SS_2017	Tumor	FALSE
GSM4819733_CAGTCCTCAGGCTGAA-1	C	Patient SS_2017	Tumor	FALSE
GSM4819733_CATATGGTCCGTACAA-1	C	Patient SS_2017	Tumor	FALSE
GSM4819733_CATCCACAGAAACGCC-1	C	Patient SS_2017	Tumor	FALSE
GSM4819733_CATCGAACAGACGCTC-1	C	Patient SS_2017	Tumor	FALSE
GSM4819733_CATCGAACAGTATCTG-1	C	Patient SS_2017	Tumor	FALSE
GSM4819733_CATGCCTAGTCCATAC-1	C	Patient SS_2017	Tumor	FALSE
GSM4819733_CATGCCTTCGCAAACT-1	C	Patient SS_2017	Tumor	FALSE
GSM4819733_CATTCGCTCATACGGT-1	C	Patient SS_2017	Tumor	FALSE
GSM4819733_CATTCGCTCCTTAATC-1	C	Patient SS_2017	Tumor	TRUE
GSM4819733_CATTCGCTCTAACTGG-1	C	Patient SS_2017	Tumor	FALSE
GSM4819733_CCACTACAGAGATGAG-1	C	Patient SS_2017	Tumor	FALSE
GSM4819733_CCAGCGAGTGGTCCGT-1	C	Patient SS_2017	Tumor	FALSE
GSM4819733_CCATTCGTCTAACTCT-1	C	Patient SS_2017	Tumor	FALSE
GSM4819733_CCCAATCAGAGGGATA-1	C	Patient SS_2017	Tumor	FALSE
GSM4819733_CCCAGTTAGGATCGCA-1	C	Patient SS_2017	Tumor	FALSE
GSM4819733_CCGGTAGGTGTGCGTC-1	C	Patient SS_2017	Tumor	FALSE
GSM4819733_CCGTACTTCGGAATCT-1	C	Patient SS_2017	Tumor	FALSE
GSM4819733_CCGTGGAGTGCGGTAA-1	C	Patient SS_2017	Tumor	FALSE
GSM4819733_CCGTTCACATGACATC-1	C	Patient SS_2017	Tumor	FALSE
GSM4819733_CCTACACCATCCGTGG-1	C	Patient SS_2017	Tumor	FALSE
GSM4819733_CCTCAGTGTTATTCTC-1	C	Patient SS_2017	Tumor	FALSE
GSM4819733_CGAACATTCCCTCTTT-1	C	Patient SS_2017	Tumor	FALSE
GSM4819733_CGATTGAGTCTAAAGA-1	C	Patient SS_2017	Tumor	FALSE
GSM4819733_CGCTATCAGAAGGTTT-1	C	Patient SS_2017	Tumor	FALSE
GSM4819733_CGCTGGACAATTGCTG-1	C	Patient SS_2017	Tumor	FALSE
GSM4819733_CGGAGTCCATACTACG-1	C	Patient SS_2017	Tumor	FALSE
GSM4819733_CGGCTAGCAGCTATTG-1	C	Patient SS_2017	Tumor	FALSE
GSM4819733_CGGGTCAGTCTAAACC-1	C	Patient SS_2017	Tumor	FALSE
GSM4819733_CGGTTAACAAGTTCTG-1	C	Patient SS_2017	Tumor	FALSE
GSM4819733_CGTCCATTCAGTTAGC-1	C	Patient SS_2017	Tumor	FALSE
GSM4819733_CGTGTAAAGATGTTAG-1	C	Patient SS_2017	Tumor	FALSE
GSM4819733_CGTGTAATCGTCCGTT-1	C	Patient SS_2017	Tumor	FALSE
GSM4819733_CGTTGGGCAAGCCGTC-1	C	Patient SS_2017	Tumor	FALSE
GSM4819733_CTAACTTTCTGGTGTA-1	C	Patient SS_2017	Tumor	FALSE
GSM4819733_CTAGTGACATTTGCCC-1	C	Patient SS_2017	Tumor	FALSE
GSM4819733_CTCGTACAGGCAGGTT-1	C	Patient SS_2017	Tumor	FALSE
GSM4819733_CTCGTACCACTGTGTA-1	C	Patient SS_2017	Tumor	FALSE
GSM4819733_CTCTAATCATCATCCC-1	C	Patient SS_2017	Tumor	FALSE
GSM4819733_CTCTGGTGTGACAAAT-1	C	Patient SS_2017	Tumor	FALSE
GSM4819733_CTGAAACAGAAGGCCT-1	C	Patient SS_2017	Tumor	FALSE
GSM4819733_CTGAAGTTCGGATGGA-1	C	Patient SS_2017	Tumor	FALSE
GSM4819733_CTGCCTAGTCAATACC-1	C	Patient SS_2017	Tumor	FALSE
GSM4819733_CTGGTCTTCTTGCAAG-1	C	Patient SS_2017	Tumor	FALSE
GSM4819733_CTGTTTATCAACACAC-1	C	Patient SS_2017	Tumor	FALSE
GSM4819733_CTTACCGGTATCACCA-1	C	Patient SS_2017	Tumor	TRUE
GSM4819733_CTTTGCGTCAACGGCC-1	C	Patient SS_2017	Tumor	FALSE
GSM4819733_GAACGGAAGCAGATCG-1	C	Patient SS_2017	Tumor	FALSE
GSM4819733_GAACGGACACATCCAA-1	C	Patient SS_2017	Tumor	FALSE
GSM4819733_GAACGGAGTATGCTTG-1	C	Patient SS_2017	Tumor	FALSE
GSM4819733_GAAGCAGTCGATGAGG-1	C	Patient SS_2017	Tumor	FALSE
GSM4819733_GAATGAAAGGTAAACT-1	C	Patient SS_2017	Tumor	FALSE
GSM4819733_GACCAATAGAAAGTGG-1	C	Patient SS_2017	Tumor	FALSE
GSM4819733_GACCAATAGCCATCGC-1	C	Patient SS_2017	Tumor	FALSE
GSM4819733_GACGTGCGTTCTGGTA-1	C	Patient SS_2017	Tumor	FALSE
GSM4819733_GACGTTATCAGTTTGG-1	C	Patient SS_2017	Tumor	FALSE
GSM4819733_GACTAACTCAACGCTA-1	C	Patient SS_2017	Tumor	FALSE
GSM4819733_GACTACAGTAAGTGGC-1	C	Patient SS_2017	Tumor	FALSE
GSM4819733_GAGCAGATCTCGCATC-1	C	Patient SS_2017	Tumor	FALSE
GSM4819733_GATCAGTAGTAGTGCG-1	C	Patient SS_2017	Tumor	FALSE
GSM4819733_GATCGCGGTGTATGGG-1	C	Patient SS_2017	Tumor	FALSE
GSM4819733_GATCGTATCTTGTATC-1	C	Patient SS_2017	Tumor	FALSE
GSM4819733_GATTCAGGTAAATACG-1	C	Patient SS_2017	Tumor	FALSE
GSM4819733_GCAAACTAGCATGGCA-1	C	Patient SS_2017	Tumor	FALSE
GSM4819733_GCAAACTTCCGTCAAA-1	C	Patient SS_2017	Tumor	FALSE
GSM4819733_GCACATACAAAGGTGC-1	C	Patient SS_2017	Tumor	FALSE
GSM4819733_GCACATAGTGTTAAGA-1	C	Patient SS_2017	Tumor	FALSE
GSM4819733_GCAGTTAAGACAGAGA-1	C	Patient SS_2017	Tumor	FALSE
GSM4819733_GCAGTTAAGAGACTTA-1	C	Patient SS_2017	Tumor	FALSE
GSM4819733_GCATGCGAGCGCTTAT-1	C	Patient SS_2017	Tumor	FALSE
GSM4819733_GCATGCGGTCTGGAGA-1	C	Patient SS_2017	Tumor	FALSE
GSM4819733_GCATGTACATGCATGT-1	C	Patient SS_2017	Tumor	FALSE
GSM4819733_GCCTCTATCAACACCA-1	C	Patient SS_2017	Tumor	FALSE
GSM4819733_GCGCAACTCTCGATGA-1	C	Patient SS_2017	Tumor	FALSE
GSM4819733_GCGCAGTCACTTACGA-1	C	Patient SS_2017	Tumor	FALSE
GSM4819733_GCGCGATGTGCAGGTA-1	C	Patient SS_2017	Tumor	FALSE
GSM4819733_GCTTCCATCTCTAGGA-1	C	Patient SS_2017	Tumor	FALSE
GSM4819733_GCTTGAACAAGTAGTA-1	C	Patient SS_2017	Tumor	FALSE
GSM4819733_GGATTACTCTGCGACG-1	C	Patient SS_2017	Tumor	FALSE
GSM4819733_GGCGTGTCAACTGGCC-1	C	Patient SS_2017	Tumor	FALSE
GSM4819733_GGCTCGACAGACGCAA-1	C	Patient SS_2017	Tumor	FALSE
GSM4819733_GGCTGGTAGATAGTCA-1	C	Patient SS_2017	Tumor	FALSE
GSM4819733_GGCTGGTAGCGACGTA-1	C	Patient SS_2017	Tumor	FALSE
GSM4819733_GGCTGGTGTAGCTCCG-1	C	Patient SS_2017	Tumor	FALSE
GSM4819733_GGGAATGAGAGTTGGC-1	C	Patient SS_2017	Tumor	FALSE
GSM4819733_GGGACCTAGCAGACTG-1	C	Patient SS_2017	Tumor	FALSE
GSM4819733_GGGACCTTCGATCCCT-1	C	Patient SS_2017	Tumor	FALSE
GSM4819733_GGGATGAAGATCCCGC-1	C	Patient SS_2017	Tumor	FALSE
GSM4819733_GGGATGATCGAACTGT-1	C	Patient SS_2017	Tumor	FALSE
GSM4819733_GGGTTGCAGACGCTTT-1	C	Patient SS_2017	Tumor	FALSE
GSM4819733_GGGTTGCTCAACCAAC-1	C	Patient SS_2017	Tumor	FALSE
GSM4819733_GGTATTGAGATCTGAA-1	C	Patient SS_2017	Tumor	FALSE
GSM4819733_GGTGAAGGTAGGGACT-1	C	Patient SS_2017	Tumor	TRUE
GSM4819733_GTACTTTGTCACACGC-1	C	Patient SS_2017	Tumor	FALSE
GSM4819733_GTACTTTGTTCCACAA-1	C	Patient SS_2017	Tumor	FALSE
GSM4819733_GTAGGCCAGGAGTAGA-1	C	Patient SS_2017	Tumor	FALSE
GSM4819733_GTCGTAACACGGTGTC-1	C	Patient SS_2017	Tumor	FALSE
GSM4819733_GTCGTAATCCCACTTG-1	C	Patient SS_2017	Tumor	FALSE
GSM4819733_GTCTCGTAGTCCATAC-1	C	Patient SS_2017	Tumor	FALSE
GSM4819733_GTCTCGTCAGGAATCG-1	C	Patient SS_2017	Tumor	FALSE
GSM4819733_GTCTCGTGTAAGAGGA-1	C	Patient SS_2017	Tumor	FALSE
GSM4819733_GTCTTCGAGATAGCAT-1	C	Patient SS_2017	Tumor	FALSE
GSM4819733_GTGAAGGGTAGGGTAC-1	C	Patient SS_2017	Tumor	FALSE
GSM4819733_GTGCGGTTCCAGTAGT-1	C	Patient SS_2017	Tumor	FALSE
GSM4819733_GTTCTCGAGTCTCGGC-1	C	Patient SS_2017	Tumor	FALSE
GSM4819733_GTTCTCGTCCTCATTA-1	C	Patient SS_2017	Tumor	FALSE
GSM4819733_GTTTCTATCGATCCCT-1	C	Patient SS_2017	Tumor	FALSE
GSM4819733_GTTTCTATCGGAGCAA-1	C	Patient SS_2017	Tumor	FALSE
GSM4819733_TAAACCGAGTGAACGC-1	C	Patient SS_2017	Tumor	FALSE
GSM4819733_TAAACCGTCCTACAGA-1	C	Patient SS_2017	Tumor	FALSE
GSM4819733_TAAGAGACAGCTGCAC-1	C	Patient SS_2017	Tumor	FALSE
GSM4819733_TAAGTGCGTCGAACAG-1	C	Patient SS_2017	Tumor	FALSE
GSM4819733_TACACGAAGCCACGCT-1	C	Patient SS_2017	Tumor	FALSE
GSM4819733_TACGGATCATGGTCTA-1	C	Patient SS_2017	Tumor	FALSE
GSM4819733_TACGGATGTACAGTTC-1	C	Patient SS_2017	Tumor	FALSE
GSM4819733_TACGGGCCACCGAATT-1	C	Patient SS_2017	Tumor	FALSE
GSM4819733_TACGGTACAGATGGGT-1	C	Patient SS_2017	Tumor	FALSE
GSM4819733_TACTTACAGCTGAACG-1	C	Patient SS_2017	Tumor	FALSE
GSM4819733_TACTTACGTAGGCATG-1	C	Patient SS_2017	Tumor	FALSE
GSM4819733_TACTTGTGTCGAGATG-1	C	Patient SS_2017	Tumor	FALSE
GSM4819733_TAGACCAGTATGGTTC-1	C	Patient SS_2017	Tumor	TRUE
GSM4819733_TAGTGGTCAAACTGCT-1	C	Patient SS_2017	Tumor	FALSE
GSM4819733_TATCAGGCATAGACTC-1	C	Patient SS_2017	Tumor	FALSE
GSM4819733_TATCAGGGTTCCATGA-1	C	Patient SS_2017	Tumor	TRUE
GSM4819733_TATTACCGTAGCAAAT-1	C	Patient SS_2017	Tumor	FALSE
GSM4819733_TCACAAGAGACAGACC-1	C	Patient SS_2017	Tumor	FALSE
GSM4819733_TCACAAGGTCTAGGTT-1	C	Patient SS_2017	Tumor	FALSE
GSM4819733_TCACAAGTCTCCCTGA-1	C	Patient SS_2017	Tumor	FALSE
GSM4819733_TCAGGTATCACGGTTA-1	C	Patient SS_2017	Tumor	FALSE
GSM4819733_TCATTACGTAACGTTC-1	C	Patient SS_2017	Tumor	FALSE
GSM4819733_TCCCGATTCAACGCTA-1	C	Patient SS_2017	Tumor	FALSE
GSM4819733_TCGAGGCAGTTACCCA-1	C	Patient SS_2017	Tumor	FALSE
GSM4819733_TCGAGGCCACCGGAAA-1	C	Patient SS_2017	Tumor	FALSE
GSM4819733_TCGTACCGTCTAGCCG-1	C	Patient SS_2017	Tumor	FALSE
GSM4819733_TCTCTAAGTGGCGAAT-1	C	Patient SS_2017	Tumor	FALSE
GSM4819733_TGACGGCAGGGTATCG-1	C	Patient SS_2017	Tumor	FALSE
GSM4819733_TGACTTTCAGCTGTGC-1	C	Patient SS_2017	Tumor	FALSE
GSM4819733_TGAGCATGTTGCCTCT-1	C	Patient SS_2017	Tumor	FALSE
GSM4819733_TGAGGGAGTGTTGGGA-1	C	Patient SS_2017	Tumor	FALSE
GSM4819733_TGATTTCCATCGTCGG-1	C	Patient SS_2017	Tumor	FALSE
GSM4819733_TGATTTCGTGGTGTAG-1	C	Patient SS_2017	Tumor	FALSE
GSM4819733_TGCCAAACAGGAACGT-1	C	Patient SS_2017	Tumor	FALSE
GSM4819733_TGCCCTACATACTCTT-1	C	Patient SS_2017	Tumor	FALSE
GSM4819733_TGCGGGTCATCGGTTA-1	C	Patient SS_2017	Tumor	FALSE
GSM4819733_TGCGTGGTCACCCTCA-1	C	Patient SS_2017	Tumor	FALSE
GSM4819733_TGCTGCTGTCAGAGGT-1	C	Patient SS_2017	Tumor	FALSE
GSM4819733_TGCTGCTGTCTCGTTC-1	C	Patient SS_2017	Tumor	FALSE
GSM4819733_TGGCTGGCATGGGACA-1	C	Patient SS_2017	Tumor	FALSE
GSM4819733_TGGCTGGGTCGCGAAA-1	C	Patient SS_2017	Tumor	FALSE
GSM4819733_TGGGAAGCATCCAACA-1	C	Patient SS_2017	Tumor	FALSE
GSM4819733_TGGTTAGTCACAGTAC-1	C	Patient SS_2017	Tumor	FALSE
GSM4819733_TGGTTCCGTTATGCGT-1	C	Patient SS_2017	Tumor	FALSE
GSM4819733_TGTATTCCACCTTGTC-1	C	Patient SS_2017	Tumor	FALSE
GSM4819733_TGTGGTATCCATGAGT-1	C	Patient SS_2017	Tumor	FALSE
GSM4819733_TTAACTCCAATAGCAA-1	C	Patient SS_2017	Tumor	FALSE
GSM4819733_TTAGGACAGGACATTA-1	C	Patient SS_2017	Tumor	FALSE
GSM4819733_TTAGGACAGTGACATA-1	C	Patient SS_2017	Tumor	FALSE
GSM4819733_TTAGGCACACGGCTAC-1	C	Patient SS_2017	Tumor	FALSE
GSM4819733_TTCCCAGCAACGCACC-1	C	Patient SS_2017	Tumor	FALSE
GSM4819733_TTCTACATCCGCAGTG-1	C	Patient SS_2017	Tumor	FALSE
GSM4819733_TTCTCAAGTATCAGTC-1	C	Patient SS_2017	Tumor	FALSE
GSM4819733_TTCTCAATCACTGGGC-1	C	Patient SS_2017	Tumor	FALSE
GSM4819733_TTGAACGCAGCCACCA-1	C	Patient SS_2017	Tumor	FALSE
GSM4819733_TTGAACGCATATGAGA-1	C	Patient SS_2017	Tumor	FALSE
GSM4819733_TTGAACGGTGAGGCTA-1	C	Patient SS_2017	Tumor	FALSE
GSM4819733_TTGCCGTTCTGGTGTA-1	C	Patient SS_2017	Tumor	FALSE
GSM4819733_TTGCGTCCATAAGACA-1	C	Patient SS_2017	Tumor	FALSE
GSM4819733_TTTGCGCCATGACATC-1	C	Patient SS_2017	Tumor	FALSE
GSM4819733_TTTGCGCGTCCCGACA-1	C	Patient SS_2017	Tumor	FALSE
GSM4819734_AACACGTAGACAAAGG-1	C	Patient SS_2017	Adjacent	FALSE
GSM4819734_AACCGCGAGAAGCCCA-1	C	Patient SS_2017	Adjacent	FALSE
GSM4819734_AAGCCGCCAGGGATTG-1	C	Patient SS_2017	Adjacent	FALSE
GSM4819734_ACATACGTCCTCTAGC-1	C	Patient SS_2017	Adjacent	FALSE
GSM4819734_ACGATGTCAGCAGTTT-1	C	Patient SS_2017	Adjacent	FALSE
GSM4819734_ACGCCAGGTCCATCCT-1	C	Patient SS_2017	Adjacent	FALSE
GSM4819734_ACGGCCAGTTATGCGT-1	C	Patient SS_2017	Adjacent	FALSE
GSM4819734_ACGGGCTCACGAAAGC-1	C	Patient SS_2017	Adjacent	FALSE
GSM4819734_ACGGGTCCATCAGTAC-1	C	Patient SS_2017	Adjacent	FALSE
GSM4819734_ACGTCAACAGGCTGAA-1	C	Patient SS_2017	Adjacent	FALSE
GSM4819734_AGGGATGTCTCCGGTT-1	C	Patient SS_2017	Adjacent	FALSE
GSM4819734_CACATAGAGCTAGTTC-1	C	Patient SS_2017	Adjacent	FALSE
GSM4819734_CACATTTTCACTTATC-1	C	Patient SS_2017	Adjacent	FALSE
GSM4819734_CACCAGGCAAGCCGCT-1	C	Patient SS_2017	Adjacent	FALSE
GSM4819734_CACCTTGTCTGGTATG-1	C	Patient SS_2017	Adjacent	TRUE
GSM4819734_CAGCCGAGTGATGTCT-1	C	Patient SS_2017	Adjacent	FALSE
GSM4819734_CATATTCAGTCCATAC-1	C	Patient SS_2017	Adjacent	FALSE
GSM4819734_CATCCACTCGTTGCCT-1	C	Patient SS_2017	Adjacent	FALSE
GSM4819734_CATGACATCCACGCAG-1	C	Patient SS_2017	Adjacent	FALSE
GSM4819734_CATTATCCAGTACACT-1	C	Patient SS_2017	Adjacent	FALSE
GSM4819734_CCATTCGTCCAGAGGA-1	C	Patient SS_2017	Adjacent	FALSE
GSM4819734_CCCTCCTTCCGATATG-1	C	Patient SS_2017	Adjacent	FALSE
GSM4819734_CCTAAAGTCCCTAATT-1	C	Patient SS_2017	Adjacent	FALSE
GSM4819734_CTGCTGTTCAAACGGG-1	C	Patient SS_2017	Adjacent	FALSE
GSM4819734_GAAATGATCCAGAGGA-1	C	Patient SS_2017	Adjacent	FALSE
GSM4819734_GACCTGGTCAGTTTGG-1	C	Patient SS_2017	Adjacent	FALSE
GSM4819734_GGGACCTGTACCCAAT-1	C	Patient SS_2017	Adjacent	FALSE
GSM4819734_GTCATTTTCCACTGGG-1	C	Patient SS_2017	Adjacent	FALSE
GSM4819734_TAAACCGCAGCTGCAC-1	C	Patient SS_2017	Adjacent	FALSE
GSM4819734_TACAGTGAGAGGGCTT-1	C	Patient SS_2017	Adjacent	FALSE
GSM4819734_TCTCATAAGACTGGGT-1	C	Patient SS_2017	Adjacent	FALSE
GSM4819734_TGACGGCGTATCACCA-1	C	Patient SS_2017	Adjacent	FALSE
GSM4819734_TTAACTCCACCGGAAA-1	C	Patient SS_2017	Adjacent	FALSE
GSM4819734_TTAGTTCTCAAACCAC-1	C	Patient SS_2017	Adjacent	FALSE
GSM4819734_TTCTCCTCATATGGTC-1	C	Patient SS_2017	Adjacent	FALSE
GSM4819734_TTGTAGGTCCCGGATG-1	C	Patient SS_2017	Adjacent	FALSE
GSM4819735_AAAGATGAGATGCCTT-1	C	Patient SS_2022	Tumor	FALSE
GSM4819735_AAATGCCAGTAATCCC-1	C	Patient SS_2022	Tumor	FALSE
GSM4819735_AACCATGAGTACGTAA-1	C	Patient SS_2022	Tumor	FALSE
GSM4819735_AACCGCGTCTTCATGT-1	C	Patient SS_2022	Tumor	FALSE
GSM4819735_AACTCAGAGACATAAC-1	C	Patient SS_2022	Tumor	FALSE
GSM4819735_AACTTTCCATCTGGTA-1	C	Patient SS_2022	Tumor	FALSE
GSM4819735_AACTTTCGTCGGCACT-1	C	Patient SS_2022	Tumor	FALSE
GSM4819735_AACTTTCGTGATGATA-1	C	Patient SS_2022	Tumor	FALSE
GSM4819735_AAGCCGCTCTCGATGA-1	C	Patient SS_2022	Tumor	FALSE
GSM4819735_AAGGAGCAGATCTGAA-1	C	Patient SS_2022	Tumor	FALSE
GSM4819735_AATCGGTGTACCATCA-1	C	Patient SS_2022	Tumor	FALSE
GSM4819735_AATCGGTGTACTCTCC-1	C	Patient SS_2022	Tumor	FALSE
GSM4819735_ACACCAAGTCGCGAAA-1	C	Patient SS_2022	Tumor	FALSE
GSM4819735_ACACCAAGTCTACCTC-1	C	Patient SS_2022	Tumor	FALSE
GSM4819735_ACACCCTCATTCACTT-1	C	Patient SS_2022	Tumor	FALSE
GSM4819735_ACACCGGAGAAACCTA-1	C	Patient SS_2022	Tumor	FALSE
GSM4819735_ACACCGGGTAGAGTGC-1	C	Patient SS_2022	Tumor	FALSE
GSM4819735_ACATGGTAGGAGTTGC-1	C	Patient SS_2022	Tumor	FALSE
GSM4819735_ACCGTAAAGTGCGTGA-1	C	Patient SS_2022	Tumor	FALSE
GSM4819735_ACCTTTAAGCAAATCA-1	C	Patient SS_2022	Tumor	FALSE
GSM4819735_ACGCAGCGTCCAGTTA-1	C	Patient SS_2022	Tumor	TRUE
GSM4819735_ACGCAGCGTGACGCCT-1	C	Patient SS_2022	Tumor	TRUE
GSM4819735_ACGCAGCGTTGAGGTG-1	C	Patient SS_2022	Tumor	FALSE
GSM4819735_ACGGAGAAGAGTCGGT-1	C	Patient SS_2022	Tumor	FALSE
GSM4819735_ACGGCCAAGACGACGT-1	C	Patient SS_2022	Tumor	FALSE
GSM4819735_ACGTCAAGTCAGATAA-1	C	Patient SS_2022	Tumor	FALSE
GSM4819735_ACGTCAAGTCGGGTCT-1	C	Patient SS_2022	Tumor	FALSE
GSM4819735_ACTATCTAGATCCCGC-1	C	Patient SS_2022	Tumor	FALSE
GSM4819735_ACTGAACCACCAGGCT-1	C	Patient SS_2022	Tumor	FALSE
GSM4819735_ACTGCTCAGGTTACCT-1	C	Patient SS_2022	Tumor	FALSE
GSM4819735_ACTTGTTTCGTCCGTT-1	C	Patient SS_2022	Tumor	FALSE
GSM4819735_ACTTTCAGTTATTCTC-1	C	Patient SS_2022	Tumor	FALSE
GSM4819735_AGAGCGAAGCAGGTCA-1	C	Patient SS_2022	Tumor	FALSE
GSM4819735_AGAGCGAGTGCACCAC-1	C	Patient SS_2022	Tumor	FALSE
GSM4819735_AGAGCTTGTATAGTAG-1	C	Patient SS_2022	Tumor	FALSE
GSM4819735_AGATTGCCAGTTCCCT-1	C	Patient SS_2022	Tumor	FALSE
GSM4819735_AGCAGCCAGACCGGAT-1	C	Patient SS_2022	Tumor	FALSE
GSM4819735_AGCATACGTTAAGACA-1	C	Patient SS_2022	Tumor	FALSE
GSM4819735_AGCCTAATCTCTAGGA-1	C	Patient SS_2022	Tumor	FALSE
GSM4819735_AGCGGTCGTTGATTGC-1	C	Patient SS_2022	Tumor	FALSE
GSM4819735_AGCGTCGAGATCCGAG-1	C	Patient SS_2022	Tumor	FALSE
GSM4819735_AGCTCCTTCTTGAGGT-1	C	Patient SS_2022	Tumor	FALSE
GSM4819735_AGGCCACTCAGGTTCA-1	C	Patient SS_2022	Tumor	FALSE
GSM4819735_AGGGAGTGTGTTAAGA-1	C	Patient SS_2022	Tumor	FALSE
GSM4819735_AGGGTGATCCGATATG-1	C	Patient SS_2022	Tumor	FALSE
GSM4819735_AGGTCATCACCTGGTG-1	C	Patient SS_2022	Tumor	FALSE
GSM4819735_AGTCTTTCATGTTCCC-1	C	Patient SS_2022	Tumor	FALSE
GSM4819735_ATAACGCCACTGTTAG-1	C	Patient SS_2022	Tumor	FALSE
GSM4819735_ATAACGCTCACAATGC-1	C	Patient SS_2022	Tumor	FALSE
GSM4819735_ATCATCTCACCAGTTA-1	C	Patient SS_2022	Tumor	FALSE
GSM4819735_ATCATCTTCAACGGGA-1	C	Patient SS_2022	Tumor	FALSE
GSM4819735_ATGAGGGAGAGTCTGG-1	C	Patient SS_2022	Tumor	FALSE
GSM4819735_ATGAGGGAGGCAGGTT-1	C	Patient SS_2022	Tumor	FALSE
GSM4819735_ATGCGATCATATGGTC-1	C	Patient SS_2022	Tumor	FALSE
GSM4819735_ATGCGATGTAAAGTCA-1	C	Patient SS_2022	Tumor	FALSE
GSM4819735_ATGGGAGCAGCGAACA-1	C	Patient SS_2022	Tumor	FALSE
GSM4819735_ATTTCTGGTTGTGGCC-1	C	Patient SS_2022	Tumor	FALSE
GSM4819735_CAACCAAGTAGGACAC-1	C	Patient SS_2022	Tumor	FALSE
GSM4819735_CACACCTAGAGACGAA-1	C	Patient SS_2022	Tumor	FALSE
GSM4819735_CACACCTCAGGGCATA-1	C	Patient SS_2022	Tumor	FALSE
GSM4819735_CACAGTACACATGACT-1	C	Patient SS_2022	Tumor	TRUE
GSM4819735_CACATAGTCATTGCGA-1	C	Patient SS_2022	Tumor	FALSE
GSM4819735_CACATAGTCTCGAGTA-1	C	Patient SS_2022	Tumor	TRUE
GSM4819735_CACCACTGTCCCTTGT-1	C	Patient SS_2022	Tumor	FALSE
GSM4819735_CACCAGGAGAAGGCCT-1	C	Patient SS_2022	Tumor	FALSE
GSM4819735_CACTCCACAAAGTCAA-1	C	Patient SS_2022	Tumor	FALSE
GSM4819735_CAGAGAGCAAGGACAC-1	C	Patient SS_2022	Tumor	FALSE
GSM4819735_CAGATCAGTCTAAAGA-1	C	Patient SS_2022	Tumor	FALSE
GSM4819735_CAGCAGCCATACGCTA-1	C	Patient SS_2022	Tumor	FALSE
GSM4819735_CAGCTAAGTAGCTCCG-1	C	Patient SS_2022	Tumor	FALSE
GSM4819735_CAGCTAAGTGTTGGGA-1	C	Patient SS_2022	Tumor	FALSE
GSM4819735_CAGCTGGAGCCTCGTG-1	C	Patient SS_2022	Tumor	FALSE
GSM4819735_CAGCTGGCATGCATGT-1	C	Patient SS_2022	Tumor	FALSE
GSM4819735_CAGGTGCAGAAGGGTA-1	C	Patient SS_2022	Tumor	FALSE
GSM4819735_CAGTCCTAGCTCAACT-1	C	Patient SS_2022	Tumor	FALSE
GSM4819735_CAGTCCTTCAGCAACT-1	C	Patient SS_2022	Tumor	FALSE
GSM4819735_CATCAAGAGATCCCAT-1	C	Patient SS_2022	Tumor	FALSE
GSM4819735_CATCAAGCATAAGACA-1	C	Patient SS_2022	Tumor	FALSE
GSM4819735_CATCAGAAGAGTCTGG-1	C	Patient SS_2022	Tumor	FALSE
GSM4819735_CATCCACTCAGTCAGT-1	C	Patient SS_2022	Tumor	FALSE
GSM4819735_CATCGAATCCGATATG-1	C	Patient SS_2022	Tumor	FALSE
GSM4819735_CATGACAAGGCATGTG-1	C	Patient SS_2022	Tumor	FALSE
GSM4819735_CATGCCTGTTCCCGAG-1	C	Patient SS_2022	Tumor	FALSE
GSM4819735_CATGGCGCATCATCCC-1	C	Patient SS_2022	Tumor	FALSE
GSM4819735_CCAATCCTCACAACGT-1	C	Patient SS_2022	Tumor	FALSE
GSM4819735_CCACGGAAGGGTTTCT-1	C	Patient SS_2022	Tumor	FALSE
GSM4819735_CCACTACGTACACCGC-1	C	Patient SS_2022	Tumor	TRUE
GSM4819735_CCACTACGTCTGGTCG-1	C	Patient SS_2022	Tumor	FALSE
GSM4819735_CCATTCGAGCTAGGCA-1	C	Patient SS_2022	Tumor	FALSE
GSM4819735_CCATTCGTCACCGTAA-1	C	Patient SS_2022	Tumor	FALSE
GSM4819735_CCCAGTTCAAGCGCTC-1	C	Patient SS_2022	Tumor	FALSE
GSM4819735_CCCAGTTCAGCCACCA-1	C	Patient SS_2022	Tumor	FALSE
GSM4819735_CCCTCCTAGGTACTCT-1	C	Patient SS_2022	Tumor	FALSE
GSM4819735_CCGTTCATCCGAAGAG-1	C	Patient SS_2022	Tumor	FALSE
GSM4819735_CCTAGCTAGCAAATCA-1	C	Patient SS_2022	Tumor	FALSE
GSM4819735_CCTATTATCATCTGCC-1	C	Patient SS_2022	Tumor	FALSE
GSM4819735_CCTTCCCAGACCTAGG-1	C	Patient SS_2022	Tumor	FALSE
GSM4819735_CCTTCGACAATAACGA-1	C	Patient SS_2022	Tumor	FALSE
GSM4819735_CGAACATGTACTCAAC-1	C	Patient SS_2022	Tumor	FALSE
GSM4819735_CGAATGTGTCCCTACT-1	C	Patient SS_2022	Tumor	FALSE
GSM4819735_CGAGAAGCACGCCAGT-1	C	Patient SS_2022	Tumor	FALSE
GSM4819735_CGAGCACAGCTCCTTC-1	C	Patient SS_2022	Tumor	FALSE
GSM4819735_CGATCGGTCAGTTTGG-1	C	Patient SS_2022	Tumor	FALSE
GSM4819735_CGATGTAGTTTGTGTG-1	C	Patient SS_2022	Tumor	FALSE
GSM4819735_CGCCAAGGTCTCTTAT-1	C	Patient SS_2022	Tumor	FALSE
GSM4819735_CGCGTTTGTCCCGACA-1	C	Patient SS_2022	Tumor	FALSE
GSM4819735_CGCGTTTTCAGTCCCT-1	C	Patient SS_2022	Tumor	FALSE
GSM4819735_CGCTATCGTACGAAAT-1	C	Patient SS_2022	Tumor	FALSE
GSM4819735_CGCTGGAAGACTCGGA-1	C	Patient SS_2022	Tumor	FALSE
GSM4819735_CGGACACCACGGCTAC-1	C	Patient SS_2022	Tumor	FALSE
GSM4819735_CGGACGTGTCCGAATT-1	C	Patient SS_2022	Tumor	FALSE
GSM4819735_CGGAGTCGTAGCCTCG-1	C	Patient SS_2022	Tumor	FALSE
GSM4819735_CGGTTAATCCTTTACA-1	C	Patient SS_2022	Tumor	FALSE
GSM4819735_CGTCAGGCAGCAGTTT-1	C	Patient SS_2022	Tumor	TRUE
GSM4819735_CGTCTACTCTTGAGAC-1	C	Patient SS_2022	Tumor	FALSE
GSM4819735_CGTGTCTCAATGGATA-1	C	Patient SS_2022	Tumor	FALSE
GSM4819735_CTAACTTGTAGGAGTC-1	C	Patient SS_2022	Tumor	FALSE
GSM4819735_CTAACTTTCAGCACAT-1	C	Patient SS_2022	Tumor	FALSE
GSM4819735_CTAAGACGTTACGCGC-1	C	Patient SS_2022	Tumor	FALSE
GSM4819735_CTAATGGGTAGCTTGT-1	C	Patient SS_2022	Tumor	FALSE
GSM4819735_CTACCCACACCGAAAG-1	C	Patient SS_2022	Tumor	FALSE
GSM4819735_CTAGCCTTCATAACCG-1	C	Patient SS_2022	Tumor	FALSE
GSM4819735_CTCAGAACACTAAGTC-1	C	Patient SS_2022	Tumor	FALSE
GSM4819735_CTCATTAAGCAGGTCA-1	C	Patient SS_2022	Tumor	FALSE
GSM4819735_CTCTAATGTCAGAATA-1	C	Patient SS_2022	Tumor	FALSE
GSM4819735_CTCTAATTCAGCCTAA-1	C	Patient SS_2022	Tumor	FALSE
GSM4819735_CTCTACGTCCGATATG-1	C	Patient SS_2022	Tumor	FALSE
GSM4819735_CTCTGGTGTAACGCGA-1	C	Patient SS_2022	Tumor	FALSE
GSM4819735_CTGATAGCACACATGT-1	C	Patient SS_2022	Tumor	FALSE
GSM4819735_CTGTGCTCATTTCAGG-1	C	Patient SS_2022	Tumor	FALSE
GSM4819735_CTGTTTAAGGCAAAGA-1	C	Patient SS_2022	Tumor	FALSE
GSM4819735_CTTACCGAGATTACCC-1	C	Patient SS_2022	Tumor	FALSE
GSM4819735_CTTACCGGTGTTTGGT-1	C	Patient SS_2022	Tumor	FALSE
GSM4819735_GAACATCGTGCTAGCC-1	C	Patient SS_2022	Tumor	FALSE
GSM4819735_GAACCTAAGAATTGTG-1	C	Patient SS_2022	Tumor	FALSE
GSM4819735_GAACCTACAACCGCCA-1	C	Patient SS_2022	Tumor	FALSE
GSM4819735_GACACGCAGACCTTTG-1	C	Patient SS_2022	Tumor	FALSE
GSM4819735_GACAGAGAGCCACGTC-1	C	Patient SS_2022	Tumor	FALSE
GSM4819735_GACAGAGCAGCTGGCT-1	C	Patient SS_2022	Tumor	FALSE
GSM4819735_GACCAATAGTCTCGGC-1	C	Patient SS_2022	Tumor	FALSE
GSM4819735_GACCAATTCCGCAAGC-1	C	Patient SS_2022	Tumor	FALSE
GSM4819735_GACGTTAGTACGACCC-1	C	Patient SS_2022	Tumor	FALSE
GSM4819735_GACGTTAGTCTCAACA-1	C	Patient SS_2022	Tumor	TRUE
GSM4819735_GACGTTAGTGTCTGAT-1	C	Patient SS_2022	Tumor	FALSE
GSM4819735_GACTACAGTGTCTGAT-1	C	Patient SS_2022	Tumor	FALSE
GSM4819735_GAGCAGACAAGCGATG-1	C	Patient SS_2022	Tumor	FALSE
GSM4819735_GAGCAGAGTAATCACC-1	C	Patient SS_2022	Tumor	FALSE
GSM4819735_GAGCAGAGTATCGCAT-1	C	Patient SS_2022	Tumor	FALSE
GSM4819735_GAGTCCGCAACAACCT-1	C	Patient SS_2022	Tumor	FALSE
GSM4819735_GATCTAGTCAGTCAGT-1	C	Patient SS_2022	Tumor	FALSE
GSM4819735_GATGAAAGTGGGTATG-1	C	Patient SS_2022	Tumor	FALSE
GSM4819735_GATGCTACATGTCTCC-1	C	Patient SS_2022	Tumor	FALSE
GSM4819735_GCAAACTCAATCTACG-1	C	Patient SS_2022	Tumor	FALSE
GSM4819735_GCAAACTGTTAAGATG-1	C	Patient SS_2022	Tumor	FALSE
GSM4819735_GCAATCAAGAAGCCCA-1	C	Patient SS_2022	Tumor	FALSE
GSM4819735_GCACTCTCACCAGATT-1	C	Patient SS_2022	Tumor	FALSE
GSM4819735_GCAGCCAGTCCGTGAC-1	C	Patient SS_2022	Tumor	FALSE
GSM4819735_GCCAAATAGCGGCTTC-1	C	Patient SS_2022	Tumor	FALSE
GSM4819735_GCCTCTAGTACGAAAT-1	C	Patient SS_2022	Tumor	FALSE
GSM4819735_GCGACCAGTATTACCG-1	C	Patient SS_2022	Tumor	FALSE
GSM4819735_GCGCAACAGTCGCCGT-1	C	Patient SS_2022	Tumor	FALSE
GSM4819735_GCGCAGTAGCGGATCA-1	C	Patient SS_2022	Tumor	FALSE
GSM4819735_GCGGGTTCATGCAACT-1	C	Patient SS_2022	Tumor	FALSE
GSM4819735_GCTCCTATCGTAGATC-1	C	Patient SS_2022	Tumor	FALSE
GSM4819735_GCTGCAGCAAGTTCTG-1	C	Patient SS_2022	Tumor	FALSE
GSM4819735_GCTGCGAGTGATAAAC-1	C	Patient SS_2022	Tumor	FALSE
GSM4819735_GCTGCTTAGTAGCGGT-1	C	Patient SS_2022	Tumor	FALSE
GSM4819735_GCTTGAAAGGGTATCG-1	C	Patient SS_2022	Tumor	FALSE
GSM4819735_GGAACTTTCTAACTCT-1	C	Patient SS_2022	Tumor	FALSE
GSM4819735_GGAATAATCATAACCG-1	C	Patient SS_2022	Tumor	FALSE
GSM4819735_GGACAGAGTGCGATAG-1	C	Patient SS_2022	Tumor	FALSE
GSM4819735_GGCTCGATCCCTTGCA-1	C	Patient SS_2022	Tumor	FALSE
GSM4819735_GGCTGGTCATTTGCTT-1	C	Patient SS_2022	Tumor	FALSE
GSM4819735_GGGACCTCATGACATC-1	C	Patient SS_2022	Tumor	FALSE
GSM4819735_GGGACCTGTACCGTAT-1	C	Patient SS_2022	Tumor	TRUE
GSM4819735_GGGAGATGTCATACTG-1	C	Patient SS_2022	Tumor	FALSE
GSM4819735_GGGATGAAGCTTATCG-1	C	Patient SS_2022	Tumor	FALSE
GSM4819735_GGGTCTGTCCATGAAC-1	C	Patient SS_2022	Tumor	FALSE
GSM4819735_GGTATTGCACGAAGCA-1	C	Patient SS_2022	Tumor	FALSE
GSM4819735_GGTGAAGAGTGGGTTG-1	C	Patient SS_2022	Tumor	FALSE
GSM4819735_GGTGTTACACGAAACG-1	C	Patient SS_2022	Tumor	FALSE
GSM4819735_GTAACGTAGGATGGAA-1	C	Patient SS_2022	Tumor	FALSE
GSM4819735_GTACTTTAGGGCTTCC-1	C	Patient SS_2022	Tumor	FALSE
GSM4819735_GTAGTCAAGGATTCGG-1	C	Patient SS_2022	Tumor	FALSE
GSM4819735_GTATCTTAGGTGCACA-1	C	Patient SS_2022	Tumor	TRUE
GSM4819735_GTATCTTAGTCCATAC-1	C	Patient SS_2022	Tumor	FALSE
GSM4819735_GTATTCTTCGCAGGCT-1	C	Patient SS_2022	Tumor	FALSE
GSM4819735_GTCAAGTTCACTTACT-1	C	Patient SS_2022	Tumor	TRUE
GSM4819735_GTCATTTGTATAGGTA-1	C	Patient SS_2022	Tumor	FALSE
GSM4819735_GTCTTCGCACCTTGTC-1	C	Patient SS_2022	Tumor	FALSE
GSM4819735_GTGCAGCTCTGTTTGT-1	C	Patient SS_2022	Tumor	FALSE
GSM4819735_GTGGGTCGTGATGTGG-1	C	Patient SS_2022	Tumor	FALSE
GSM4819735_GTGGGTCTCTGAGTGT-1	C	Patient SS_2022	Tumor	FALSE
GSM4819735_GTGTGCGTCAGCACAT-1	C	Patient SS_2022	Tumor	FALSE
GSM4819735_GTTAAGCCACGGCGTT-1	C	Patient SS_2022	Tumor	FALSE
GSM4819735_GTTCGGGTCCGAGCCA-1	C	Patient SS_2022	Tumor	FALSE
GSM4819735_GTTCTCGAGACTAGAT-1	C	Patient SS_2022	Tumor	FALSE
GSM4819735_GTTCTCGAGGCATGGT-1	C	Patient SS_2022	Tumor	FALSE
GSM4819735_TAAACCGGTGACCAAG-1	C	Patient SS_2022	Tumor	FALSE
GSM4819735_TACAGTGTCTGCGTAA-1	C	Patient SS_2022	Tumor	FALSE
GSM4819735_TACCTATGTGAAATCA-1	C	Patient SS_2022	Tumor	FALSE
GSM4819735_TACTCATAGGAGTAGA-1	C	Patient SS_2022	Tumor	FALSE
GSM4819735_TACTCGCGTCGCGAAA-1	C	Patient SS_2022	Tumor	FALSE
GSM4819735_TATCTCATCCCTAACC-1	C	Patient SS_2022	Tumor	TRUE
GSM4819735_TCAATCTCATCTACGA-1	C	Patient SS_2022	Tumor	FALSE
GSM4819735_TCACAAGAGTTACCCA-1	C	Patient SS_2022	Tumor	FALSE
GSM4819735_TCACGAAAGCGTCAAG-1	C	Patient SS_2022	Tumor	FALSE
GSM4819735_TCAGATGAGCCAGGAT-1	C	Patient SS_2022	Tumor	FALSE
GSM4819735_TCAGATGAGCTGAAAT-1	C	Patient SS_2022	Tumor	FALSE
GSM4819735_TCAGCTCCATTCACTT-1	C	Patient SS_2022	Tumor	FALSE
GSM4819735_TCATTACCATGGATGG-1	C	Patient SS_2022	Tumor	FALSE
GSM4819735_TCATTACTCTTAGCCC-1	C	Patient SS_2022	Tumor	FALSE
GSM4819735_TCATTTGTCAGTACGT-1	C	Patient SS_2022	Tumor	FALSE
GSM4819735_TCGGTAAGTTATCACG-1	C	Patient SS_2022	Tumor	FALSE
GSM4819735_TCTATTGTCGCACTCT-1	C	Patient SS_2022	Tumor	FALSE
GSM4819735_TCTCATATCTGCTTGC-1	C	Patient SS_2022	Tumor	FALSE
GSM4819735_TCTTTCCGTTTGGGCC-1	C	Patient SS_2022	Tumor	FALSE
GSM4819735_TCTTTCCTCGCCTGTT-1	C	Patient SS_2022	Tumor	FALSE
GSM4819735_TGAGCCGTCTGTCCGT-1	C	Patient SS_2022	Tumor	TRUE
GSM4819735_TGCCAAATCATCGATG-1	C	Patient SS_2022	Tumor	FALSE
GSM4819735_TGCCCATTCGCGGATC-1	C	Patient SS_2022	Tumor	FALSE
GSM4819735_TGCCCTAAGTAGGCCA-1	C	Patient SS_2022	Tumor	FALSE
GSM4819735_TGCGCAGGTTGGTGGA-1	C	Patient SS_2022	Tumor	FALSE
GSM4819735_TGCGGGTGTGTTGAGG-1	C	Patient SS_2022	Tumor	FALSE
GSM4819735_TGCTACCCACAAGCCC-1	C	Patient SS_2022	Tumor	FALSE
GSM4819735_TGGCGCATCCACTGGG-1	C	Patient SS_2022	Tumor	FALSE
GSM4819735_TGGGAAGCAAGTTGTC-1	C	Patient SS_2022	Tumor	FALSE
GSM4819735_TGGGAAGTCTGATTCT-1	C	Patient SS_2022	Tumor	FALSE
GSM4819735_TGGTTCCAGCTCTCGG-1	C	Patient SS_2022	Tumor	FALSE
GSM4819735_TGGTTCCCAAGCTGGA-1	C	Patient SS_2022	Tumor	FALSE
GSM4819735_TGTTCCGGTATAGGTA-1	C	Patient SS_2022	Tumor	FALSE
GSM4819735_TTAACTCCAGCTCCGA-1	C	Patient SS_2022	Tumor	FALSE
GSM4819735_TTAGGACAGATGTAAC-1	C	Patient SS_2022	Tumor	FALSE
GSM4819735_TTAGGACAGCCAGAAC-1	C	Patient SS_2022	Tumor	FALSE
GSM4819735_TTCGAAGAGAATGTGT-1	C	Patient SS_2022	Tumor	FALSE
GSM4819735_TTCGAAGAGGCAGGTT-1	C	Patient SS_2022	Tumor	FALSE
GSM4819735_TTGAACGCAGCTCGAC-1	C	Patient SS_2022	Tumor	FALSE
GSM4819735_TTGGAACTCACTTCAT-1	C	Patient SS_2022	Tumor	FALSE
GSM4819735_TTGTAGGTCGCGTTTC-1	C	Patient SS_2022	Tumor	FALSE
GSM4819735_TTTCCTCAGGAGTACC-1	C	Patient SS_2022	Tumor	FALSE
GSM4819735_TTTCCTCTCTCTAGGA-1	C	Patient SS_2022	Tumor	FALSE
GSM4819735_TTTGCGCTCGTCACGG-1	C	Patient SS_2022	Tumor	FALSE
GSM4819735_TTTGGTTCACCTATCC-1	C	Patient SS_2022	Tumor	FALSE
GSM4819735_TTTGGTTTCGGAATCT-1	C	Patient SS_2022	Tumor	FALSE
GSM4819736_CAGTAACAGTGGGCTA-1	C	Patient SS_2022	Adjacent	FALSE
GSM4819736_CGAACATTCAGTCAGT-1	C	Patient SS_2022	Adjacent	FALSE
GSM4819736_CGAGCCATCTCTTGAT-1	C	Patient SS_2022	Adjacent	FALSE
GSM4819736_GCACATAGTTGTCTTT-1	C	Patient SS_2022	Adjacent	FALSE
GSM4819736_GTAGGCCTCCAGTATG-1	C	Patient SS_2022	Adjacent	FALSE
GSM4819736_GTCGTAACAGTCAGCC-1	C	Patient SS_2022	Adjacent	FALSE
GSM4819736_GTGTTAGTCAGCTCGG-1	C	Patient SS_2022	Adjacent	FALSE
GSM4819736_TCAGCTCCACCCATGG-1	C	Patient SS_2022	Adjacent	FALSE
GSM4819736_TTGGCAACACGGTAAG-1	C	Patient SS_2022	Adjacent	FALSE
GSM4819737_AAACCTGCACGGCTAC-1	C	Patient SS_2023	Tumor	FALSE
GSM4819737_AAACCTGGTAAATGTG-1	C	Patient SS_2023	Tumor	TRUE
GSM4819737_AAACCTGTCAACCATG-1	C	Patient SS_2023	Tumor	FALSE
GSM4819737_AAACCTGTCTGACCTC-1	C	Patient SS_2023	Tumor	FALSE
GSM4819737_AAACGGGAGACCCACC-1	C	Patient SS_2023	Tumor	FALSE
GSM4819737_AAACGGGGTCGTGGCT-1	C	Patient SS_2023	Tumor	FALSE
GSM4819737_AAAGATGTCTGAGGGA-1	C	Patient SS_2023	Tumor	FALSE
GSM4819737_AAAGCAAAGATATGGT-1	C	Patient SS_2023	Tumor	FALSE
GSM4819737_AAAGTAGGTCACAAGG-1	C	Patient SS_2023	Tumor	FALSE
GSM4819737_AAAGTAGGTCAGAGGT-1	C	Patient SS_2023	Tumor	FALSE
GSM4819737_AAAGTAGTCAGCTCTC-1	C	Patient SS_2023	Tumor	FALSE
GSM4819737_AAATGCCAGATCCTGT-1	C	Patient SS_2023	Tumor	FALSE
GSM4819737_AAATGCCAGCGATCCC-1	C	Patient SS_2023	Tumor	FALSE
GSM4819737_AAATGCCTCGAATCCA-1	C	Patient SS_2023	Tumor	TRUE
GSM4819737_AAATGCCTCTGTCCGT-1	C	Patient SS_2023	Tumor	FALSE
GSM4819737_AACACGTAGCGATTCT-1	C	Patient SS_2023	Tumor	FALSE
GSM4819737_AACACGTTCGCACTCT-1	C	Patient SS_2023	Tumor	TRUE
GSM4819737_AACCATGCAGATTGCT-1	C	Patient SS_2023	Tumor	FALSE
GSM4819737_AACCATGCATGTTGAC-1	C	Patient SS_2023	Tumor	FALSE
GSM4819737_AACCATGTCGGCATCG-1	C	Patient SS_2023	Tumor	FALSE
GSM4819737_AACCGCGGTTCTCATT-1	C	Patient SS_2023	Tumor	TRUE
GSM4819737_AACGTTGCAACGATCT-1	C	Patient SS_2023	Tumor	TRUE
GSM4819737_AACGTTGCACCTCGTT-1	C	Patient SS_2023	Tumor	FALSE
GSM4819737_AACGTTGCAGGAATCG-1	C	Patient SS_2023	Tumor	FALSE
GSM4819737_AACGTTGGTTGTGGAG-1	C	Patient SS_2023	Tumor	TRUE
GSM4819737_AACTCAGAGTGCAAGC-1	C	Patient SS_2023	Tumor	TRUE
GSM4819737_AACTCAGGTCAGAAGC-1	C	Patient SS_2023	Tumor	FALSE
GSM4819737_AACTCAGTCGATAGAA-1	C	Patient SS_2023	Tumor	FALSE
GSM4819737_AACTCTTCACAGGAGT-1	C	Patient SS_2023	Tumor	FALSE
GSM4819737_AACTCTTGTATAGGTA-1	C	Patient SS_2023	Tumor	FALSE
GSM4819737_AACTCTTGTGAAGGCT-1	C	Patient SS_2023	Tumor	TRUE
GSM4819737_AACTGGTCAGTAAGCG-1	C	Patient SS_2023	Tumor	FALSE
GSM4819737_AACTGGTTCGTACGGC-1	C	Patient SS_2023	Tumor	FALSE
GSM4819737_AACTGGTTCTGTCCGT-1	C	Patient SS_2023	Tumor	FALSE
GSM4819737_AACTTTCAGGGTATCG-1	C	Patient SS_2023	Tumor	FALSE
GSM4819737_AACTTTCAGGTCGGAT-1	C	Patient SS_2023	Tumor	FALSE
GSM4819737_AACTTTCCAGTTCATG-1	C	Patient SS_2023	Tumor	FALSE
GSM4819737_AACTTTCGTATCACCA-1	C	Patient SS_2023	Tumor	FALSE
GSM4819737_AACTTTCTCTTCGAGA-1	C	Patient SS_2023	Tumor	FALSE
GSM4819737_AAGACCTCACACGCTG-1	C	Patient SS_2023	Tumor	FALSE
GSM4819737_AAGCCGCCAGTAAGAT-1	C	Patient SS_2023	Tumor	FALSE
GSM4819737_AAGGAGCAGACAAGCC-1	C	Patient SS_2023	Tumor	FALSE
GSM4819737_AAGGAGCCACCAGGCT-1	C	Patient SS_2023	Tumor	FALSE
GSM4819737_AAGGAGCGTACAGCAG-1	C	Patient SS_2023	Tumor	FALSE
GSM4819737_AAGGCAGCAATCTGCA-1	C	Patient SS_2023	Tumor	FALSE
GSM4819737_AAGGCAGGTCATATGC-1	C	Patient SS_2023	Tumor	FALSE
GSM4819737_AAGGCAGGTGGTGTAG-1	C	Patient SS_2023	Tumor	FALSE
GSM4819737_AAGGTTCAGCCAGAAC-1	C	Patient SS_2023	Tumor	FALSE
GSM4819737_AAGGTTCAGTGCGTGA-1	C	Patient SS_2023	Tumor	FALSE
GSM4819737_AAGGTTCCATCGATTG-1	C	Patient SS_2023	Tumor	FALSE
GSM4819737_AAGGTTCTCTTGCCGT-1	C	Patient SS_2023	Tumor	FALSE
GSM4819737_AAGTCTGAGAGCTGGT-1	C	Patient SS_2023	Tumor	FALSE
GSM4819737_AAGTCTGTCAACCATG-1	C	Patient SS_2023	Tumor	TRUE
GSM4819737_AATCGGTAGTTAACGA-1	C	Patient SS_2023	Tumor	FALSE
GSM4819737_ACACCAAAGTTCGCAT-1	C	Patient SS_2023	Tumor	FALSE
GSM4819737_ACACCCTGTTAAGTAG-1	C	Patient SS_2023	Tumor	FALSE
GSM4819737_ACACCCTGTTCCACAA-1	C	Patient SS_2023	Tumor	FALSE
GSM4819737_ACACCGGCATGTAGTC-1	C	Patient SS_2023	Tumor	FALSE
GSM4819737_ACACTGATCGGATGTT-1	C	Patient SS_2023	Tumor	FALSE
GSM4819737_ACAGCCGAGTTCGCAT-1	C	Patient SS_2023	Tumor	FALSE
GSM4819737_ACAGCTAGTAGAGTGC-1	C	Patient SS_2023	Tumor	FALSE
GSM4819737_ACAGCTATCTGGAGCC-1	C	Patient SS_2023	Tumor	FALSE
GSM4819737_ACATACGAGACACTAA-1	C	Patient SS_2023	Tumor	FALSE
GSM4819737_ACATACGCAACACCCG-1	C	Patient SS_2023	Tumor	FALSE
GSM4819737_ACATACGCAAGCCGTC-1	C	Patient SS_2023	Tumor	FALSE
GSM4819737_ACATCAGTCTACCAGA-1	C	Patient SS_2023	Tumor	FALSE
GSM4819737_ACATGGTAGGGAAACA-1	C	Patient SS_2023	Tumor	TRUE
GSM4819737_ACATGGTCACTGCCAG-1	C	Patient SS_2023	Tumor	FALSE
GSM4819737_ACCAGTAGTAGCACGA-1	C	Patient SS_2023	Tumor	FALSE
GSM4819737_ACCAGTAGTCCGTCAG-1	C	Patient SS_2023	Tumor	FALSE
GSM4819737_ACCCACTCAAGCCGCT-1	C	Patient SS_2023	Tumor	FALSE
GSM4819737_ACCCACTGTACTCTCC-1	C	Patient SS_2023	Tumor	FALSE
GSM4819737_ACCCACTGTCAGATAA-1	C	Patient SS_2023	Tumor	FALSE
GSM4819737_ACCCACTGTGGCCCTA-1	C	Patient SS_2023	Tumor	FALSE
GSM4819737_ACCCACTTCGTTGACA-1	C	Patient SS_2023	Tumor	FALSE
GSM4819737_ACCGTAAAGAAGGGTA-1	C	Patient SS_2023	Tumor	FALSE
GSM4819737_ACCGTAAGTCTGCAAT-1	C	Patient SS_2023	Tumor	FALSE
GSM4819737_ACCTTTAAGGCCCTTG-1	C	Patient SS_2023	Tumor	FALSE
GSM4819737_ACCTTTAAGGCTAGCA-1	C	Patient SS_2023	Tumor	FALSE
GSM4819737_ACGAGCCAGCGCCTTG-1	C	Patient SS_2023	Tumor	FALSE
GSM4819737_ACGAGCCAGTTAGCGG-1	C	Patient SS_2023	Tumor	FALSE
GSM4819737_ACGAGCCTCGCACTCT-1	C	Patient SS_2023	Tumor	FALSE
GSM4819737_ACGAGCCTCTGAGTGT-1	C	Patient SS_2023	Tumor	FALSE
GSM4819737_ACGAGGAGTATCAGTC-1	C	Patient SS_2023	Tumor	FALSE
GSM4819737_ACGATACGTTCCGGCA-1	C	Patient SS_2023	Tumor	FALSE
GSM4819737_ACGATGTCAATGGATA-1	C	Patient SS_2023	Tumor	FALSE
GSM4819737_ACGATGTTCACAGTAC-1	C	Patient SS_2023	Tumor	FALSE
GSM4819737_ACGCAGCAGACACGAC-1	C	Patient SS_2023	Tumor	FALSE
GSM4819737_ACGCAGCAGTACACCT-1	C	Patient SS_2023	Tumor	FALSE
GSM4819737_ACGCAGCAGTACGCCC-1	C	Patient SS_2023	Tumor	FALSE
GSM4819737_ACGCAGCCATATACCG-1	C	Patient SS_2023	Tumor	FALSE
GSM4819737_ACGCAGCTCACTCCTG-1	C	Patient SS_2023	Tumor	FALSE
GSM4819737_ACGCAGCTCATTGCCC-1	C	Patient SS_2023	Tumor	FALSE
GSM4819737_ACGCCAGAGCATGGCA-1	C	Patient SS_2023	Tumor	TRUE
GSM4819737_ACGCCAGAGGAATCGC-1	C	Patient SS_2023	Tumor	FALSE
GSM4819737_ACGCCAGCAAGGACTG-1	C	Patient SS_2023	Tumor	FALSE
GSM4819737_ACGCCAGGTAAGGGAA-1	C	Patient SS_2023	Tumor	FALSE
GSM4819737_ACGCCGACACAACTGT-1	C	Patient SS_2023	Tumor	FALSE
GSM4819737_ACGCCGACAGATTGCT-1	C	Patient SS_2023	Tumor	FALSE
GSM4819737_ACGCCGAGTCGACTAT-1	C	Patient SS_2023	Tumor	FALSE
GSM4819737_ACGCCGATCTATCCTA-1	C	Patient SS_2023	Tumor	FALSE
GSM4819737_ACGGAGAAGGTGCTAG-1	C	Patient SS_2023	Tumor	FALSE
GSM4819737_ACGGAGACAGGGTACA-1	C	Patient SS_2023	Tumor	FALSE
GSM4819737_ACGGAGACATGGATGG-1	C	Patient SS_2023	Tumor	FALSE
GSM4819737_ACGGAGATCCTCTAGC-1	C	Patient SS_2023	Tumor	FALSE
GSM4819737_ACGGCCAAGCCTCGTG-1	C	Patient SS_2023	Tumor	FALSE
GSM4819737_ACGGCCAAGGGTATCG-1	C	Patient SS_2023	Tumor	FALSE
GSM4819737_ACGGCCATCCACTGGG-1	C	Patient SS_2023	Tumor	FALSE
GSM4819737_ACGGCCATCGCTGATA-1	C	Patient SS_2023	Tumor	FALSE
GSM4819737_ACGGGCTGTAGTAGTA-1	C	Patient SS_2023	Tumor	FALSE
GSM4819737_ACGGGCTGTGTGAAAT-1	C	Patient SS_2023	Tumor	FALSE
GSM4819737_ACGGGCTTCCATGAAC-1	C	Patient SS_2023	Tumor	TRUE
GSM4819737_ACGGGCTTCGAGAGCA-1	C	Patient SS_2023	Tumor	FALSE
GSM4819737_ACGGGTCAGGGATGGG-1	C	Patient SS_2023	Tumor	FALSE
GSM4819737_ACGGGTCAGTACGCGA-1	C	Patient SS_2023	Tumor	FALSE
GSM4819737_ACTATCTCAATTGCTG-1	C	Patient SS_2023	Tumor	FALSE
GSM4819737_ACTATCTCAGCTGTTA-1	C	Patient SS_2023	Tumor	FALSE
GSM4819737_ACTGAACAGCACCGTC-1	C	Patient SS_2023	Tumor	FALSE
GSM4819737_ACTGAGTGTGATGTCT-1	C	Patient SS_2023	Tumor	FALSE
GSM4819737_ACTGAGTTCTGTTTGT-1	C	Patient SS_2023	Tumor	FALSE
GSM4819737_ACTGAGTTCTTGGGTA-1	C	Patient SS_2023	Tumor	FALSE
GSM4819737_ACTGATGAGTCCAGGA-1	C	Patient SS_2023	Tumor	FALSE
GSM4819737_ACTGATGGTTGCCTCT-1	C	Patient SS_2023	Tumor	FALSE
GSM4819737_ACTGATGGTTTACTCT-1	C	Patient SS_2023	Tumor	FALSE
GSM4819737_ACTGATGTCACTCTTA-1	C	Patient SS_2023	Tumor	FALSE
GSM4819737_ACTGATGTCGAGAGCA-1	C	Patient SS_2023	Tumor	TRUE
GSM4819737_ACTGATGTCTTCAACT-1	C	Patient SS_2023	Tumor	FALSE
GSM4819737_ACTGCTCGTCAAACTC-1	C	Patient SS_2023	Tumor	FALSE
GSM4819737_ACTGCTCTCTCCAACC-1	C	Patient SS_2023	Tumor	FALSE
GSM4819737_ACTTACTTCAATACCG-1	C	Patient SS_2023	Tumor	FALSE
GSM4819737_ACTTGTTAGCACCGTC-1	C	Patient SS_2023	Tumor	FALSE
GSM4819737_ACTTGTTCACAAGTAA-1	C	Patient SS_2023	Tumor	FALSE
GSM4819737_AGAATAGGTGATAAAC-1	C	Patient SS_2023	Tumor	FALSE
GSM4819737_AGACGTTCAGGTGCCT-1	C	Patient SS_2023	Tumor	FALSE
GSM4819737_AGAGCGACACAGGAGT-1	C	Patient SS_2023	Tumor	FALSE
GSM4819737_AGAGCGAGTCCGTGAC-1	C	Patient SS_2023	Tumor	FALSE
GSM4819737_AGAGCGAGTCTCTTAT-1	C	Patient SS_2023	Tumor	FALSE
GSM4819737_AGAGTGGTCACTTCAT-1	C	Patient SS_2023	Tumor	FALSE
GSM4819737_AGATCTGCAGACAAGC-1	C	Patient SS_2023	Tumor	FALSE
GSM4819737_AGATCTGTCTAACTCT-1	C	Patient SS_2023	Tumor	FALSE
GSM4819737_AGATTGCAGAGTTGGC-1	C	Patient SS_2023	Tumor	TRUE
GSM4819737_AGATTGCAGCACCGTC-1	C	Patient SS_2023	Tumor	FALSE
GSM4819737_AGATTGCGTTGGTTTG-1	C	Patient SS_2023	Tumor	FALSE
GSM4819737_AGCAGCCGTTGGACCC-1	C	Patient SS_2023	Tumor	FALSE
GSM4819737_AGCATACAGAGGTAGA-1	C	Patient SS_2023	Tumor	FALSE
GSM4819737_AGCATACCAGGTTTCA-1	C	Patient SS_2023	Tumor	FALSE
GSM4819737_AGCCTAAAGGTAAACT-1	C	Patient SS_2023	Tumor	FALSE
GSM4819737_AGCCTAATCGGCTACG-1	C	Patient SS_2023	Tumor	FALSE
GSM4819737_AGCGGTCAGAAGGTGA-1	C	Patient SS_2023	Tumor	FALSE
GSM4819737_AGCGGTCTCCGCGGTA-1	C	Patient SS_2023	Tumor	FALSE
GSM4819737_AGCGTATCACCATGTA-1	C	Patient SS_2023	Tumor	FALSE
GSM4819737_AGCGTATCACGTTGGC-1	C	Patient SS_2023	Tumor	TRUE
GSM4819737_AGCGTATTCGTGGGAA-1	C	Patient SS_2023	Tumor	FALSE
GSM4819737_AGCGTCGAGCTATGCT-1	C	Patient SS_2023	Tumor	FALSE
GSM4819737_AGCGTCGGTTATTCTC-1	C	Patient SS_2023	Tumor	FALSE
GSM4819737_AGCGTCGTCCGAGCCA-1	C	Patient SS_2023	Tumor	FALSE
GSM4819737_AGCTCCTAGACTAAGT-1	C	Patient SS_2023	Tumor	FALSE
GSM4819737_AGCTCTCAGTGGGATC-1	C	Patient SS_2023	Tumor	FALSE
GSM4819737_AGCTCTCGTTCAGTAC-1	C	Patient SS_2023	Tumor	FALSE
GSM4819737_AGCTTGAAGAAGGACA-1	C	Patient SS_2023	Tumor	TRUE
GSM4819737_AGCTTGAAGTCTCAAC-1	C	Patient SS_2023	Tumor	FALSE
GSM4819737_AGCTTGACATATACCG-1	C	Patient SS_2023	Tumor	FALSE
GSM4819737_AGCTTGATCGTGGGAA-1	C	Patient SS_2023	Tumor	FALSE
GSM4819737_AGGCCACAGACTACAA-1	C	Patient SS_2023	Tumor	FALSE
GSM4819737_AGGCCACAGCTATGCT-1	C	Patient SS_2023	Tumor	FALSE
GSM4819737_AGGCCACGTACGCTGC-1	C	Patient SS_2023	Tumor	FALSE
GSM4819737_AGGCCGTAGAACTGTA-1	C	Patient SS_2023	Tumor	FALSE
GSM4819737_AGGCCGTAGAGTAAGG-1	C	Patient SS_2023	Tumor	TRUE
GSM4819737_AGGCCGTCAGCATGAG-1	C	Patient SS_2023	Tumor	FALSE
GSM4819737_AGGGAGTCAGTATAAG-1	C	Patient SS_2023	Tumor	FALSE
GSM4819737_AGGGAGTTCTCGTTTA-1	C	Patient SS_2023	Tumor	FALSE
GSM4819737_AGGGATGCAAGGTTCT-1	C	Patient SS_2023	Tumor	FALSE
GSM4819737_AGGGATGTCAGAGCTT-1	C	Patient SS_2023	Tumor	FALSE
GSM4819737_AGGGATGTCTTCGGTC-1	C	Patient SS_2023	Tumor	FALSE
GSM4819737_AGGGTGACATCTCCCA-1	C	Patient SS_2023	Tumor	FALSE
GSM4819737_AGGTCCGAGCTCCCAG-1	C	Patient SS_2023	Tumor	FALSE
GSM4819737_AGGTCCGGTGCACTTA-1	C	Patient SS_2023	Tumor	FALSE
GSM4819737_AGTCTTTAGCAAATCA-1	C	Patient SS_2023	Tumor	TRUE
GSM4819737_AGTCTTTTCTGGAGCC-1	C	Patient SS_2023	Tumor	FALSE
GSM4819737_AGTGAGGAGTGTTTGC-1	C	Patient SS_2023	Tumor	FALSE
GSM4819737_AGTGAGGGTAGCACGA-1	C	Patient SS_2023	Tumor	FALSE
GSM4819737_AGTGAGGTCCCAAGAT-1	C	Patient SS_2023	Tumor	FALSE
GSM4819737_AGTGTCAGTAAGTTCC-1	C	Patient SS_2023	Tumor	TRUE
GSM4819737_AGTTGGTCAGTCGATT-1	C	Patient SS_2023	Tumor	FALSE
GSM4819737_AGTTGGTTCAAACCAC-1	C	Patient SS_2023	Tumor	FALSE
GSM4819737_AGTTGGTTCAGAGGTG-1	C	Patient SS_2023	Tumor	FALSE
GSM4819737_ATAACGCAGGACGAAA-1	C	Patient SS_2023	Tumor	FALSE
GSM4819737_ATAAGAGAGCCACCTG-1	C	Patient SS_2023	Tumor	FALSE
GSM4819737_ATAAGAGTCACTTATC-1	C	Patient SS_2023	Tumor	FALSE
GSM4819737_ATAGACCCAAGGTTCT-1	C	Patient SS_2023	Tumor	FALSE
GSM4819737_ATCACGACATCCAACA-1	C	Patient SS_2023	Tumor	TRUE
GSM4819737_ATCACGAGTAGGAGTC-1	C	Patient SS_2023	Tumor	FALSE
GSM4819737_ATCACGAGTATCAGTC-1	C	Patient SS_2023	Tumor	FALSE
GSM4819737_ATCACGAGTCTCTCGT-1	C	Patient SS_2023	Tumor	FALSE
GSM4819737_ATCATCTCAGACAAGC-1	C	Patient SS_2023	Tumor	FALSE
GSM4819737_ATCATCTGTCCGTCAG-1	C	Patient SS_2023	Tumor	TRUE
GSM4819737_ATCATGGAGGACGAAA-1	C	Patient SS_2023	Tumor	FALSE
GSM4819737_ATCATGGGTTGCGCAC-1	C	Patient SS_2023	Tumor	FALSE
GSM4819737_ATCCGAAAGCTCCTTC-1	C	Patient SS_2023	Tumor	TRUE
GSM4819737_ATCCGAACAAGACGTG-1	C	Patient SS_2023	Tumor	TRUE
GSM4819737_ATCCGAACATGAGCGA-1	C	Patient SS_2023	Tumor	FALSE
GSM4819737_ATCGAGTTCCGCTGTT-1	C	Patient SS_2023	Tumor	TRUE
GSM4819737_ATCTGCCAGACAATAC-1	C	Patient SS_2023	Tumor	FALSE
GSM4819737_ATCTGCCCATAGGATA-1	C	Patient SS_2023	Tumor	FALSE
GSM4819737_ATCTGCCTCAGAGACG-1	C	Patient SS_2023	Tumor	FALSE
GSM4819737_ATGAGGGCATGTCGAT-1	C	Patient SS_2023	Tumor	FALSE
GSM4819737_ATGAGGGGTTGAGTTC-1	C	Patient SS_2023	Tumor	FALSE
GSM4819737_ATGAGGGTCTTAGCCC-1	C	Patient SS_2023	Tumor	FALSE
GSM4819737_ATGCGATCACCCAGTG-1	C	Patient SS_2023	Tumor	FALSE
GSM4819737_ATGCGATGTTCGTTGA-1	C	Patient SS_2023	Tumor	FALSE
GSM4819737_ATGGGAGCATATACGC-1	C	Patient SS_2023	Tumor	FALSE
GSM4819737_ATGGGAGCATCACGTA-1	C	Patient SS_2023	Tumor	FALSE
GSM4819737_ATGTGTGAGGCATGGT-1	C	Patient SS_2023	Tumor	TRUE
GSM4819737_ATGTGTGGTGATGATA-1	C	Patient SS_2023	Tumor	FALSE
GSM4819737_ATTACTCAGTTTGCGT-1	C	Patient SS_2023	Tumor	FALSE
GSM4819737_ATTACTCCACTTCGAA-1	C	Patient SS_2023	Tumor	FALSE
GSM4819737_ATTACTCGTGACGGTA-1	C	Patient SS_2023	Tumor	FALSE
GSM4819737_ATTACTCTCCGCATAA-1	C	Patient SS_2023	Tumor	FALSE
GSM4819737_ATTACTCTCGTTTATC-1	C	Patient SS_2023	Tumor	FALSE
GSM4819737_ATTATCCAGGCTAGAC-1	C	Patient SS_2023	Tumor	FALSE
GSM4819737_ATTATCCTCACAGTAC-1	C	Patient SS_2023	Tumor	FALSE
GSM4819737_ATTCTACAGACGCTTT-1	C	Patient SS_2023	Tumor	FALSE
GSM4819737_ATTCTACCATGGGAAC-1	C	Patient SS_2023	Tumor	FALSE
GSM4819737_ATTCTACTCCCAACGG-1	C	Patient SS_2023	Tumor	FALSE
GSM4819737_ATTGGACAGCCTATGT-1	C	Patient SS_2023	Tumor	FALSE
GSM4819737_ATTGGACCATTCCTCG-1	C	Patient SS_2023	Tumor	TRUE
GSM4819737_ATTGGACGTATTCGTG-1	C	Patient SS_2023	Tumor	FALSE
GSM4819737_ATTGGACGTCCCGACA-1	C	Patient SS_2023	Tumor	FALSE
GSM4819737_ATTGGACGTTGATTCG-1	C	Patient SS_2023	Tumor	FALSE
GSM4819737_ATTGGACTCAGGTTCA-1	C	Patient SS_2023	Tumor	FALSE
GSM4819737_ATTGGTGCACGGTGTC-1	C	Patient SS_2023	Tumor	FALSE
GSM4819737_ATTTCTGGTAAATGTG-1	C	Patient SS_2023	Tumor	FALSE
GSM4819737_ATTTCTGTCAACGGGA-1	C	Patient SS_2023	Tumor	FALSE
GSM4819737_ATTTCTGTCTCCTATA-1	C	Patient SS_2023	Tumor	FALSE
GSM4819737_CAACCAAAGAACTGTA-1	C	Patient SS_2023	Tumor	FALSE
GSM4819737_CAACCAACATCCTAGA-1	C	Patient SS_2023	Tumor	FALSE
GSM4819737_CAACCTCAGGTAGCTG-1	C	Patient SS_2023	Tumor	FALSE
GSM4819737_CAACCTCCATAGGATA-1	C	Patient SS_2023	Tumor	FALSE
GSM4819737_CAACCTCCATCTACGA-1	C	Patient SS_2023	Tumor	FALSE
GSM4819737_CAACCTCTCACCATAG-1	C	Patient SS_2023	Tumor	FALSE
GSM4819737_CAACCTCTCGTGACAT-1	C	Patient SS_2023	Tumor	FALSE
GSM4819737_CAACTAGCACTAAGTC-1	C	Patient SS_2023	Tumor	FALSE
GSM4819737_CAACTAGGTTCCCGAG-1	C	Patient SS_2023	Tumor	FALSE
GSM4819737_CAACTAGTCTCCAGGG-1	C	Patient SS_2023	Tumor	FALSE
GSM4819737_CAAGAAAAGGGCTTCC-1	C	Patient SS_2023	Tumor	FALSE
GSM4819737_CAAGAAAGTAAGGATT-1	C	Patient SS_2023	Tumor	FALSE
GSM4819737_CAAGAAAGTTGCCTCT-1	C	Patient SS_2023	Tumor	FALSE
GSM4819737_CAAGAAATCAGATAAG-1	C	Patient SS_2023	Tumor	FALSE
GSM4819737_CAAGGCCCATCCTTGC-1	C	Patient SS_2023	Tumor	FALSE
GSM4819737_CAAGTTGAGACAGAGA-1	C	Patient SS_2023	Tumor	FALSE
GSM4819737_CAAGTTGAGAGTCGGT-1	C	Patient SS_2023	Tumor	FALSE
GSM4819737_CAAGTTGGTTACGTCA-1	C	Patient SS_2023	Tumor	FALSE
GSM4819737_CACAAACGTGGGTCAA-1	C	Patient SS_2023	Tumor	TRUE
GSM4819737_CACACAAAGTATCGAA-1	C	Patient SS_2023	Tumor	FALSE
GSM4819737_CACACAACACATGTGT-1	C	Patient SS_2023	Tumor	FALSE
GSM4819737_CACACAATCTGCGACG-1	C	Patient SS_2023	Tumor	FALSE
GSM4819737_CACACCTCACAACGTT-1	C	Patient SS_2023	Tumor	FALSE
GSM4819737_CACACCTCACGGTAAG-1	C	Patient SS_2023	Tumor	FALSE
GSM4819737_CACACCTCACTAGTAC-1	C	Patient SS_2023	Tumor	TRUE
GSM4819737_CACACCTCATTGCGGC-1	C	Patient SS_2023	Tumor	FALSE
GSM4819737_CACACCTGTATCACCA-1	C	Patient SS_2023	Tumor	FALSE
GSM4819737_CACACCTTCAACGGCC-1	C	Patient SS_2023	Tumor	FALSE
GSM4819737_CACACCTTCCTAAGTG-1	C	Patient SS_2023	Tumor	FALSE
GSM4819737_CACACCTTCTTGACGA-1	C	Patient SS_2023	Tumor	FALSE
GSM4819737_CACACTCAGTGGACGT-1	C	Patient SS_2023	Tumor	FALSE
GSM4819737_CACACTCCAGGGATTG-1	C	Patient SS_2023	Tumor	FALSE
GSM4819737_CACACTCGTGGTCCGT-1	C	Patient SS_2023	Tumor	FALSE
GSM4819737_CACAGGCAGTCGAGTG-1	C	Patient SS_2023	Tumor	FALSE
GSM4819737_CACAGGCCACATTTCT-1	C	Patient SS_2023	Tumor	FALSE
GSM4819737_CACAGGCTCTCGCTTG-1	C	Patient SS_2023	Tumor	FALSE
GSM4819737_CACAGTATCAAGGCTT-1	C	Patient SS_2023	Tumor	TRUE
GSM4819737_CACATTTAGTCTCCTC-1	C	Patient SS_2023	Tumor	FALSE
GSM4819737_CACATTTGTTGCGTTA-1	C	Patient SS_2023	Tumor	FALSE
GSM4819737_CACATTTTCTCAAGTG-1	C	Patient SS_2023	Tumor	FALSE
GSM4819737_CACCACTCAAATTGCC-1	C	Patient SS_2023	Tumor	FALSE
GSM4819737_CACCACTCAAGTCTGT-1	C	Patient SS_2023	Tumor	FALSE
GSM4819737_CACCACTTCATACGGT-1	C	Patient SS_2023	Tumor	FALSE
GSM4819737_CACCAGGAGGACACCA-1	C	Patient SS_2023	Tumor	FALSE
GSM4819737_CACCAGGCAAAGGAAG-1	C	Patient SS_2023	Tumor	FALSE
GSM4819737_CACCAGGGTATATGAG-1	C	Patient SS_2023	Tumor	FALSE
GSM4819737_CACCAGGGTGGTACAG-1	C	Patient SS_2023	Tumor	FALSE
GSM4819737_CACCTTGGTCATGCAT-1	C	Patient SS_2023	Tumor	FALSE
GSM4819737_CACTCCACAGACGCAA-1	C	Patient SS_2023	Tumor	FALSE
GSM4819737_CACTCCACAGTCAGAG-1	C	Patient SS_2023	Tumor	FALSE
GSM4819737_CAGAGAGTCGCAAACT-1	C	Patient SS_2023	Tumor	FALSE
GSM4819737_CAGAGAGTCGCCATAA-1	C	Patient SS_2023	Tumor	FALSE
GSM4819737_CAGATCAAGTTCGATC-1	C	Patient SS_2023	Tumor	FALSE
GSM4819737_CAGATCAGTCGAGTTT-1	C	Patient SS_2023	Tumor	FALSE
GSM4819737_CAGATCATCCGCATAA-1	C	Patient SS_2023	Tumor	FALSE
GSM4819737_CAGCAGCAGGCTAGCA-1	C	Patient SS_2023	Tumor	FALSE
GSM4819737_CAGCAGCCAATCTGCA-1	C	Patient SS_2023	Tumor	FALSE
GSM4819737_CAGCATATCACGATGT-1	C	Patient SS_2023	Tumor	FALSE
GSM4819737_CAGCCGACATTCTTAC-1	C	Patient SS_2023	Tumor	FALSE
GSM4819737_CAGCCGAGTCCATCCT-1	C	Patient SS_2023	Tumor	FALSE
GSM4819737_CAGCCGATCTACCTGC-1	C	Patient SS_2023	Tumor	FALSE
GSM4819737_CAGCCGATCTTGAGGT-1	C	Patient SS_2023	Tumor	FALSE
GSM4819737_CAGCGACAGAGCTTCT-1	C	Patient SS_2023	Tumor	FALSE
GSM4819737_CAGCTAACATCCCATC-1	C	Patient SS_2023	Tumor	FALSE
GSM4819737_CAGCTGGTCAACCATG-1	C	Patient SS_2023	Tumor	FALSE
GSM4819737_CAGTAACAGCACCGTC-1	C	Patient SS_2023	Tumor	FALSE
GSM4819737_CAGTAACCACCATCCT-1	C	Patient SS_2023	Tumor	FALSE
GSM4819737_CAGTAACCAGTGAGTG-1	C	Patient SS_2023	Tumor	FALSE
GSM4819737_CAGTCCTAGGCTAGAC-1	C	Patient SS_2023	Tumor	FALSE
GSM4819737_CAGTCCTCAGGGAGAG-1	C	Patient SS_2023	Tumor	FALSE
GSM4819737_CAGTCCTTCTAACTTC-1	C	Patient SS_2023	Tumor	FALSE
GSM4819737_CATATGGAGGATTCGG-1	C	Patient SS_2023	Tumor	FALSE
GSM4819737_CATATGGAGGTGGGTT-1	C	Patient SS_2023	Tumor	FALSE
GSM4819737_CATATGGGTTGTGGCC-1	C	Patient SS_2023	Tumor	FALSE
GSM4819737_CATATTCCAGCGAACA-1	C	Patient SS_2023	Tumor	TRUE
GSM4819737_CATATTCGTATAAACG-1	C	Patient SS_2023	Tumor	FALSE
GSM4819737_CATATTCGTCCCGACA-1	C	Patient SS_2023	Tumor	FALSE
GSM4819737_CATATTCGTCGCATAT-1	C	Patient SS_2023	Tumor	FALSE
GSM4819737_CATCAAGGTCGAGATG-1	C	Patient SS_2023	Tumor	FALSE
GSM4819737_CATCAGACAGATGGCA-1	C	Patient SS_2023	Tumor	FALSE
GSM4819737_CATCAGAGTCTTTCAT-1	C	Patient SS_2023	Tumor	FALSE
GSM4819737_CATCCACTCAATAAGG-1	C	Patient SS_2023	Tumor	TRUE
GSM4819737_CATCGAAGTGGTTTCA-1	C	Patient SS_2023	Tumor	FALSE
GSM4819737_CATCGGGAGACTACAA-1	C	Patient SS_2023	Tumor	FALSE
GSM4819737_CATCGGGCACCATGTA-1	C	Patient SS_2023	Tumor	FALSE
GSM4819737_CATCGGGTCACAGTAC-1	C	Patient SS_2023	Tumor	FALSE
GSM4819737_CATGACATCATTTGGG-1	C	Patient SS_2023	Tumor	TRUE
GSM4819737_CATGACATCTATCCTA-1	C	Patient SS_2023	Tumor	FALSE
GSM4819737_CATGCCTTCTACTTAC-1	C	Patient SS_2023	Tumor	FALSE
GSM4819737_CATGCCTTCTTTAGGG-1	C	Patient SS_2023	Tumor	FALSE
GSM4819737_CATGGCGGTTCATGGT-1	C	Patient SS_2023	Tumor	FALSE
GSM4819737_CATGGCGTCGATCCCT-1	C	Patient SS_2023	Tumor	FALSE
GSM4819737_CATTATCCAAGCCATT-1	C	Patient SS_2023	Tumor	FALSE
GSM4819737_CATTATCCATACGCCG-1	C	Patient SS_2023	Tumor	FALSE
GSM4819737_CATTCGCAGCTGAAAT-1	C	Patient SS_2023	Tumor	FALSE
GSM4819737_CATTCGCTCAACACGT-1	C	Patient SS_2023	Tumor	FALSE
GSM4819737_CATTCGCTCGCGGATC-1	C	Patient SS_2023	Tumor	FALSE
GSM4819737_CCACCTAAGATCCGAG-1	C	Patient SS_2023	Tumor	FALSE
GSM4819737_CCACCTAAGCACCGTC-1	C	Patient SS_2023	Tumor	FALSE
GSM4819737_CCACCTACACAGCGTC-1	C	Patient SS_2023	Tumor	TRUE
GSM4819737_CCACCTACAGGTCGTC-1	C	Patient SS_2023	Tumor	FALSE
GSM4819737_CCACCTATCACGCGGT-1	C	Patient SS_2023	Tumor	FALSE
GSM4819737_CCACGGAAGTGTACCT-1	C	Patient SS_2023	Tumor	FALSE
GSM4819737_CCACTACCAGGGAGAG-1	C	Patient SS_2023	Tumor	FALSE
GSM4819737_CCATGTCAGGCTAGAC-1	C	Patient SS_2023	Tumor	FALSE
GSM4819737_CCATGTCGTTCAGACT-1	C	Patient SS_2023	Tumor	FALSE
GSM4819737_CCATTCGAGGCATGGT-1	C	Patient SS_2023	Tumor	FALSE
GSM4819737_CCATTCGCAACACCCG-1	C	Patient SS_2023	Tumor	FALSE
GSM4819737_CCATTCGCAGTCCTTC-1	C	Patient SS_2023	Tumor	FALSE
GSM4819737_CCCAATCGTAGATTAG-1	C	Patient SS_2023	Tumor	FALSE
GSM4819737_CCCAATCTCGTGGTCG-1	C	Patient SS_2023	Tumor	FALSE
GSM4819737_CCCAGTTAGTCTCGGC-1	C	Patient SS_2023	Tumor	FALSE
GSM4819737_CCCAGTTCAGATGGGT-1	C	Patient SS_2023	Tumor	FALSE
GSM4819737_CCCATACAGAGCTGCA-1	C	Patient SS_2023	Tumor	FALSE
GSM4819737_CCCATACAGTAACCCT-1	C	Patient SS_2023	Tumor	FALSE
GSM4819737_CCCATACCAAGGGTCA-1	C	Patient SS_2023	Tumor	FALSE
GSM4819737_CCCATACGTACGACCC-1	C	Patient SS_2023	Tumor	FALSE
GSM4819737_CCCATACGTCGTGGCT-1	C	Patient SS_2023	Tumor	FALSE
GSM4819737_CCCATACGTCTCTTTA-1	C	Patient SS_2023	Tumor	FALSE
GSM4819737_CCCTCCTAGAACAATC-1	C	Patient SS_2023	Tumor	FALSE
GSM4819737_CCCTCCTGTAAGAGAG-1	C	Patient SS_2023	Tumor	FALSE
GSM4819737_CCGGGATAGAGCTATA-1	C	Patient SS_2023	Tumor	TRUE
GSM4819737_CCGGTAGAGCGATAGC-1	C	Patient SS_2023	Tumor	FALSE
GSM4819737_CCGGTAGGTCTCTCTG-1	C	Patient SS_2023	Tumor	FALSE
GSM4819737_CCGTACTCAAAGCAAT-1	C	Patient SS_2023	Tumor	FALSE
GSM4819737_CCGTGGAAGTGGAGTC-1	C	Patient SS_2023	Tumor	FALSE
GSM4819737_CCGTGGACAGCGTTCG-1	C	Patient SS_2023	Tumor	FALSE
GSM4819737_CCTAAAGTCAAGGCTT-1	C	Patient SS_2023	Tumor	FALSE
GSM4819737_CCTACACCACTGTGTA-1	C	Patient SS_2023	Tumor	FALSE
GSM4819737_CCTACACCATTTCAGG-1	C	Patient SS_2023	Tumor	FALSE
GSM4819737_CCTACACGTCTGCGGT-1	C	Patient SS_2023	Tumor	FALSE
GSM4819737_CCTACCACACGGCCAT-1	C	Patient SS_2023	Tumor	FALSE
GSM4819737_CCTACCAGTTGGTGGA-1	C	Patient SS_2023	Tumor	FALSE
GSM4819737_CCTAGCTCACCCATGG-1	C	Patient SS_2023	Tumor	TRUE
GSM4819737_CCTAGCTGTCTAGCGC-1	C	Patient SS_2023	Tumor	FALSE
GSM4819737_CCTAGCTGTGCTCTTC-1	C	Patient SS_2023	Tumor	FALSE
GSM4819737_CCTCAGTAGCGCCTTG-1	C	Patient SS_2023	Tumor	FALSE
GSM4819737_CCTCAGTGTCTTGTCC-1	C	Patient SS_2023	Tumor	FALSE
GSM4819737_CCTCTGACACACATGT-1	C	Patient SS_2023	Tumor	TRUE
GSM4819737_CCTTACGGTTCCCTTG-1	C	Patient SS_2023	Tumor	TRUE
GSM4819737_CCTTCCCAGGGATGGG-1	C	Patient SS_2023	Tumor	FALSE
GSM4819737_CCTTTCTAGACCCACC-1	C	Patient SS_2023	Tumor	FALSE
GSM4819737_CCTTTCTCAGTCACTA-1	C	Patient SS_2023	Tumor	FALSE
GSM4819737_CCTTTCTGTAGCGTCC-1	C	Patient SS_2023	Tumor	FALSE
GSM4819737_CCTTTCTGTTTGACAC-1	C	Patient SS_2023	Tumor	FALSE
GSM4819737_CCTTTCTTCTCAAGTG-1	C	Patient SS_2023	Tumor	FALSE
GSM4819737_CGAACATAGGCGATAC-1	C	Patient SS_2023	Tumor	FALSE
GSM4819737_CGAACATCAGGTGCCT-1	C	Patient SS_2023	Tumor	FALSE
GSM4819737_CGAACATTCAGTGTTG-1	C	Patient SS_2023	Tumor	FALSE
GSM4819737_CGAACATTCCGCATCT-1	C	Patient SS_2023	Tumor	FALSE
GSM4819737_CGACCTTAGCGATCCC-1	C	Patient SS_2023	Tumor	FALSE
GSM4819737_CGACCTTTCACGAAGG-1	C	Patient SS_2023	Tumor	FALSE
GSM4819737_CGAGAAGGTTGCGTTA-1	C	Patient SS_2023	Tumor	FALSE
GSM4819737_CGAGCACCAAGGGTCA-1	C	Patient SS_2023	Tumor	FALSE
GSM4819737_CGAGCACTCGTTGCCT-1	C	Patient SS_2023	Tumor	FALSE
GSM4819737_CGAGCCACAAGGTGTG-1	C	Patient SS_2023	Tumor	TRUE
GSM4819737_CGAGCCACAGTCAGAG-1	C	Patient SS_2023	Tumor	FALSE
GSM4819737_CGAGCCATCCGTTGTC-1	C	Patient SS_2023	Tumor	FALSE
GSM4819737_CGATCGGCAATCCAAC-1	C	Patient SS_2023	Tumor	FALSE
GSM4819737_CGATCGGTCGGATGTT-1	C	Patient SS_2023	Tumor	FALSE
GSM4819737_CGATGTAGTAGCACGA-1	C	Patient SS_2023	Tumor	FALSE
GSM4819737_CGATGTAGTCAGCTAT-1	C	Patient SS_2023	Tumor	FALSE
GSM4819737_CGATGTATCCAAGCCG-1	C	Patient SS_2023	Tumor	FALSE
GSM4819737_CGATTGAAGACCACGA-1	C	Patient SS_2023	Tumor	FALSE
GSM4819737_CGATTGAGTTACGCGC-1	C	Patient SS_2023	Tumor	FALSE
GSM4819737_CGCCAAGCAAAGGAAG-1	C	Patient SS_2023	Tumor	FALSE
GSM4819737_CGCCAAGTCTATCGCC-1	C	Patient SS_2023	Tumor	FALSE
GSM4819737_CGCTATCCAAGGACTG-1	C	Patient SS_2023	Tumor	FALSE
GSM4819737_CGCTATCCATTTCACT-1	C	Patient SS_2023	Tumor	FALSE
GSM4819737_CGCTATCGTGCACCAC-1	C	Patient SS_2023	Tumor	FALSE
GSM4819737_CGCTATCTCATAGCAC-1	C	Patient SS_2023	Tumor	FALSE
GSM4819737_CGCTATCTCATGCATG-1	C	Patient SS_2023	Tumor	FALSE
GSM4819737_CGCTATCTCTCGTTTA-1	C	Patient SS_2023	Tumor	FALSE
GSM4819737_CGCTGGAAGTTTGCGT-1	C	Patient SS_2023	Tumor	FALSE
GSM4819737_CGCTGGACAGACGCTC-1	C	Patient SS_2023	Tumor	TRUE
GSM4819737_CGCTGGAGTATGCTTG-1	C	Patient SS_2023	Tumor	FALSE
GSM4819737_CGCTGGAGTCCCTTGT-1	C	Patient SS_2023	Tumor	FALSE
GSM4819737_CGCTGGATCGCGGATC-1	C	Patient SS_2023	Tumor	FALSE
GSM4819737_CGCTGGATCTTCATGT-1	C	Patient SS_2023	Tumor	FALSE
GSM4819737_CGCTTCATCGGCTTGG-1	C	Patient SS_2023	Tumor	FALSE
GSM4819737_CGGACACAGCGGCTTC-1	C	Patient SS_2023	Tumor	FALSE
GSM4819737_CGGACACCATTCTCAT-1	C	Patient SS_2023	Tumor	FALSE
GSM4819737_CGGACACGTACCTACA-1	C	Patient SS_2023	Tumor	FALSE
GSM4819737_CGGACACGTAGTGAAT-1	C	Patient SS_2023	Tumor	FALSE
GSM4819737_CGGACACGTCACCCAG-1	C	Patient SS_2023	Tumor	FALSE
GSM4819737_CGGACACGTCGAGATG-1	C	Patient SS_2023	Tumor	FALSE
GSM4819737_CGGACACGTCTCATCC-1	C	Patient SS_2023	Tumor	FALSE
GSM4819737_CGGACACTCCGCTGTT-1	C	Patient SS_2023	Tumor	TRUE
GSM4819737_CGGACTGGTTCGGGCT-1	C	Patient SS_2023	Tumor	FALSE
GSM4819737_CGGAGCTCAGGTGCCT-1	C	Patient SS_2023	Tumor	FALSE
GSM4819737_CGGAGCTGTGACTACT-1	C	Patient SS_2023	Tumor	FALSE
GSM4819737_CGGAGTCCAGCTCGCA-1	C	Patient SS_2023	Tumor	FALSE
GSM4819737_CGGAGTCGTGCTTCTC-1	C	Patient SS_2023	Tumor	FALSE
GSM4819737_CGGAGTCTCGTGGGAA-1	C	Patient SS_2023	Tumor	FALSE
GSM4819737_CGGCTAGCAGATCTGT-1	C	Patient SS_2023	Tumor	FALSE
GSM4819737_CGGCTAGGTGAAAGAG-1	C	Patient SS_2023	Tumor	FALSE
GSM4819737_CGGCTAGTCGTTACGA-1	C	Patient SS_2023	Tumor	FALSE
GSM4819737_CGGGTCAAGAACAACT-1	C	Patient SS_2023	Tumor	FALSE
GSM4819737_CGGGTCAGTGTGACCC-1	C	Patient SS_2023	Tumor	FALSE
GSM4819737_CGGGTCATCAGATAAG-1	C	Patient SS_2023	Tumor	FALSE
GSM4819737_CGTAGCGGTCTCACCT-1	C	Patient SS_2023	Tumor	FALSE
GSM4819737_CGTAGCGTCATGCATG-1	C	Patient SS_2023	Tumor	FALSE
GSM4819737_CGTAGCGTCTTAACCT-1	C	Patient SS_2023	Tumor	FALSE
GSM4819737_CGTAGGCAGCTCCTTC-1	C	Patient SS_2023	Tumor	FALSE
GSM4819737_CGTAGGCCACACCGCA-1	C	Patient SS_2023	Tumor	FALSE
GSM4819737_CGTCACTCATCTACGA-1	C	Patient SS_2023	Tumor	FALSE
GSM4819737_CGTCACTGTCCATCCT-1	C	Patient SS_2023	Tumor	FALSE
GSM4819737_CGTCACTGTCTTTCAT-1	C	Patient SS_2023	Tumor	FALSE
GSM4819737_CGTCAGGAGATATGCA-1	C	Patient SS_2023	Tumor	FALSE
GSM4819737_CGTCAGGAGATATGGT-1	C	Patient SS_2023	Tumor	FALSE
GSM4819737_CGTCAGGAGTGGAGTC-1	C	Patient SS_2023	Tumor	FALSE
GSM4819737_CGTCAGGGTACCGTTA-1	C	Patient SS_2023	Tumor	FALSE
GSM4819737_CGTCAGGGTTAAAGAC-1	C	Patient SS_2023	Tumor	FALSE
GSM4819737_CGTCCATTCACATAGC-1	C	Patient SS_2023	Tumor	FALSE
GSM4819737_CGTCTACTCAACCATG-1	C	Patient SS_2023	Tumor	FALSE
GSM4819737_CGTGAGCCACCATCCT-1	C	Patient SS_2023	Tumor	TRUE
GSM4819737_CGTGAGCCATATGCTG-1	C	Patient SS_2023	Tumor	FALSE
GSM4819737_CGTGAGCTCCCTAACC-1	C	Patient SS_2023	Tumor	FALSE
GSM4819737_CGTGTAACACGGACAA-1	C	Patient SS_2023	Tumor	FALSE
GSM4819737_CGTGTAATCCCTTGTG-1	C	Patient SS_2023	Tumor	FALSE
GSM4819737_CGTGTCTAGTTCCACA-1	C	Patient SS_2023	Tumor	FALSE
GSM4819737_CGTTAGAGTGGTCTCG-1	C	Patient SS_2023	Tumor	FALSE
GSM4819737_CGTTAGAGTGTTGGGA-1	C	Patient SS_2023	Tumor	FALSE
GSM4819737_CGTTCTGAGATATGCA-1	C	Patient SS_2023	Tumor	FALSE
GSM4819737_CGTTCTGGTCAAACTC-1	C	Patient SS_2023	Tumor	FALSE
GSM4819737_CGTTGGGCAGCCAGAA-1	C	Patient SS_2023	Tumor	FALSE
GSM4819737_CGTTGGGGTACTCAAC-1	C	Patient SS_2023	Tumor	FALSE
GSM4819737_CGTTGGGGTATAGGGC-1	C	Patient SS_2023	Tumor	FALSE
GSM4819737_CGTTGGGTCATCTGCC-1	C	Patient SS_2023	Tumor	FALSE
GSM4819737_CTAACTTGTCAAACTC-1	C	Patient SS_2023	Tumor	FALSE
GSM4819737_CTAAGACCAGTCCTTC-1	C	Patient SS_2023	Tumor	FALSE
GSM4819737_CTAAGACTCCTGCCAT-1	C	Patient SS_2023	Tumor	FALSE
GSM4819737_CTACACCCAAACCCAT-1	C	Patient SS_2023	Tumor	FALSE
GSM4819737_CTACACCTCTGAGGGA-1	C	Patient SS_2023	Tumor	FALSE
GSM4819737_CTACATTTCTGGTATG-1	C	Patient SS_2023	Tumor	FALSE
GSM4819737_CTACCCACAAGGTTCT-1	C	Patient SS_2023	Tumor	TRUE
GSM4819737_CTACCCACACTACAGT-1	C	Patient SS_2023	Tumor	FALSE
GSM4819737_CTACCCAGTAGGCATG-1	C	Patient SS_2023	Tumor	FALSE
GSM4819737_CTACCCAGTGCACGAA-1	C	Patient SS_2023	Tumor	FALSE
GSM4819737_CTACCCATCGCGTAGC-1	C	Patient SS_2023	Tumor	FALSE
GSM4819737_CTACCCATCGGTTAAC-1	C	Patient SS_2023	Tumor	FALSE
GSM4819737_CTACGTCGTGATGATA-1	C	Patient SS_2023	Tumor	FALSE
GSM4819737_CTAGAGTAGGTGTTAA-1	C	Patient SS_2023	Tumor	FALSE
GSM4819737_CTAGAGTCAATCACAC-1	C	Patient SS_2023	Tumor	FALSE
GSM4819737_CTAGCCTGTCCGAAGA-1	C	Patient SS_2023	Tumor	FALSE
GSM4819737_CTAGCCTGTGTCGCTG-1	C	Patient SS_2023	Tumor	FALSE
GSM4819737_CTAGTGAGTGCACCAC-1	C	Patient SS_2023	Tumor	FALSE
GSM4819737_CTCACACAGACTAGAT-1	C	Patient SS_2023	Tumor	FALSE
GSM4819737_CTCACACCATAGACTC-1	C	Patient SS_2023	Tumor	FALSE
GSM4819737_CTCATTAAGAGTCGGT-1	C	Patient SS_2023	Tumor	FALSE
GSM4819737_CTCATTACAAGCCTAT-1	C	Patient SS_2023	Tumor	FALSE
GSM4819737_CTCATTACACATTTCT-1	C	Patient SS_2023	Tumor	FALSE
GSM4819737_CTCATTAGTATGAATG-1	C	Patient SS_2023	Tumor	FALSE
GSM4819737_CTCATTAGTTCGGCAC-1	C	Patient SS_2023	Tumor	FALSE
GSM4819737_CTCATTATCCAGATCA-1	C	Patient SS_2023	Tumor	FALSE
GSM4819737_CTCCTAGCAGGAATGC-1	C	Patient SS_2023	Tumor	FALSE
GSM4819737_CTCCTAGGTCCAGTAT-1	C	Patient SS_2023	Tumor	FALSE
GSM4819737_CTCCTAGTCCTGTACC-1	C	Patient SS_2023	Tumor	FALSE
GSM4819737_CTCGAAAAGGAGTTTA-1	C	Patient SS_2023	Tumor	FALSE
GSM4819737_CTCGAAACATATACCG-1	C	Patient SS_2023	Tumor	FALSE
GSM4819737_CTCGAAAGTCTTGATG-1	C	Patient SS_2023	Tumor	FALSE
GSM4819737_CTCGAAATCCACGCAG-1	C	Patient SS_2023	Tumor	FALSE
GSM4819737_CTCGAGGTCCGCAGTG-1	C	Patient SS_2023	Tumor	FALSE
GSM4819737_CTCGGAGAGCACAGGT-1	C	Patient SS_2023	Tumor	FALSE
GSM4819737_CTCGGAGAGCCAGAAC-1	C	Patient SS_2023	Tumor	TRUE
GSM4819737_CTCGGAGCAACCGCCA-1	C	Patient SS_2023	Tumor	FALSE
GSM4819737_CTCGGAGCAGGCAGTA-1	C	Patient SS_2023	Tumor	FALSE
GSM4819737_CTCGGGAAGTCTTGCA-1	C	Patient SS_2023	Tumor	FALSE
GSM4819737_CTCGGGAGTTGCGCAC-1	C	Patient SS_2023	Tumor	FALSE
GSM4819737_CTCGGGATCATGTAGC-1	C	Patient SS_2023	Tumor	TRUE
GSM4819737_CTCGTACAGTAGTGCG-1	C	Patient SS_2023	Tumor	FALSE
GSM4819737_CTCGTCAAGCAGATCG-1	C	Patient SS_2023	Tumor	FALSE
GSM4819737_CTCGTCAAGGAGTTTA-1	C	Patient SS_2023	Tumor	FALSE
GSM4819737_CTCGTCAAGGTGATTA-1	C	Patient SS_2023	Tumor	FALSE
GSM4819737_CTCGTCACAATGCCAT-1	C	Patient SS_2023	Tumor	FALSE
GSM4819737_CTCGTCAGTCTAAACC-1	C	Patient SS_2023	Tumor	FALSE
GSM4819737_CTCTAATAGAGGTAGA-1	C	Patient SS_2023	Tumor	FALSE
GSM4819737_CTCTACGAGCCAGGAT-1	C	Patient SS_2023	Tumor	FALSE
GSM4819737_CTCTACGAGGCGCTCT-1	C	Patient SS_2023	Tumor	FALSE
GSM4819737_CTCTACGCAACCGCCA-1	C	Patient SS_2023	Tumor	FALSE
GSM4819737_CTCTACGCATTGTGCA-1	C	Patient SS_2023	Tumor	FALSE
GSM4819737_CTCTGGTCAAGAAAGG-1	C	Patient SS_2023	Tumor	FALSE
GSM4819737_CTCTGGTTCCTTGGTC-1	C	Patient SS_2023	Tumor	FALSE
GSM4819737_CTCTGGTTCTGGCGTG-1	C	Patient SS_2023	Tumor	TRUE
GSM4819737_CTGAAACGTGAAAGAG-1	C	Patient SS_2023	Tumor	FALSE
GSM4819737_CTGAAACTCCAACCAA-1	C	Patient SS_2023	Tumor	TRUE
GSM4819737_CTGAAGTGTTTAGCTG-1	C	Patient SS_2023	Tumor	FALSE
GSM4819737_CTGATAGCAAACAACA-1	C	Patient SS_2023	Tumor	FALSE
GSM4819737_CTGATAGGTAAACGCG-1	C	Patient SS_2023	Tumor	FALSE
GSM4819737_CTGATAGGTCGCATCG-1	C	Patient SS_2023	Tumor	FALSE
GSM4819737_CTGCCTAAGCCAACAG-1	C	Patient SS_2023	Tumor	FALSE
GSM4819737_CTGCTGTAGAGACTAT-1	C	Patient SS_2023	Tumor	FALSE
GSM4819737_CTGCTGTAGTGGTAGC-1	C	Patient SS_2023	Tumor	TRUE
GSM4819737_CTGCTGTGTTTACTCT-1	C	Patient SS_2023	Tumor	FALSE
GSM4819737_CTGCTGTTCCTTGACC-1	C	Patient SS_2023	Tumor	FALSE
GSM4819737_CTGTGCTCAGCCACCA-1	C	Patient SS_2023	Tumor	FALSE
GSM4819737_CTGTTTAGTTATCGGT-1	C	Patient SS_2023	Tumor	FALSE
GSM4819737_CTGTTTATCTTTAGTC-1	C	Patient SS_2023	Tumor	FALSE
GSM4819737_CTTAACTAGAGGTAGA-1	C	Patient SS_2023	Tumor	FALSE
GSM4819737_CTTAACTCAAGGTTTC-1	C	Patient SS_2023	Tumor	FALSE
GSM4819737_CTTAACTGTCGAACAG-1	C	Patient SS_2023	Tumor	FALSE
GSM4819737_CTTACCGTCTATCCTA-1	C	Patient SS_2023	Tumor	FALSE
GSM4819737_CTTAGGATCCCAAGTA-1	C	Patient SS_2023	Tumor	FALSE
GSM4819737_CTTCTCTAGCCTTGAT-1	C	Patient SS_2023	Tumor	FALSE
GSM4819737_CTTCTCTCAGACTCGC-1	C	Patient SS_2023	Tumor	FALSE
GSM4819737_CTTCTCTTCCGGCACA-1	C	Patient SS_2023	Tumor	FALSE
GSM4819737_CTTGGCTGTTCGCGAC-1	C	Patient SS_2023	Tumor	FALSE
GSM4819737_CTTTGCGAGAAGGCCT-1	C	Patient SS_2023	Tumor	FALSE
GSM4819737_CTTTGCGGTATTCGTG-1	C	Patient SS_2023	Tumor	FALSE
GSM4819737_CTTTGCGTCGCACTCT-1	C	Patient SS_2023	Tumor	TRUE
GSM4819737_GAAACTCAGTGGACGT-1	C	Patient SS_2023	Tumor	FALSE
GSM4819737_GAAACTCCAACAACCT-1	C	Patient SS_2023	Tumor	TRUE
GSM4819737_GAAATGACAATAACGA-1	C	Patient SS_2023	Tumor	FALSE
GSM4819737_GAAATGATCACAAACC-1	C	Patient SS_2023	Tumor	FALSE
GSM4819737_GAACATCTCCCTTGCA-1	C	Patient SS_2023	Tumor	FALSE
GSM4819737_GAACCTAGTGTTTGTG-1	C	Patient SS_2023	Tumor	TRUE
GSM4819737_GAACGGAGTACACCGC-1	C	Patient SS_2023	Tumor	FALSE
GSM4819737_GAACGGAGTGTGAAAT-1	C	Patient SS_2023	Tumor	FALSE
GSM4819737_GAAGCAGAGGTGGGTT-1	C	Patient SS_2023	Tumor	FALSE
GSM4819737_GAATAAGAGACCTTTG-1	C	Patient SS_2023	Tumor	FALSE
GSM4819737_GAATGAACAATAGCGG-1	C	Patient SS_2023	Tumor	FALSE
GSM4819737_GAATGAACATCACAAC-1	C	Patient SS_2023	Tumor	FALSE
GSM4819737_GAATGAAGTATCGCAT-1	C	Patient SS_2023	Tumor	FALSE
GSM4819737_GAATGAATCACATGCA-1	C	Patient SS_2023	Tumor	FALSE
GSM4819737_GACACGCAGTGGGATC-1	C	Patient SS_2023	Tumor	FALSE
GSM4819737_GACACGCTCAGTTTGG-1	C	Patient SS_2023	Tumor	FALSE
GSM4819737_GACAGAGCAGATTGCT-1	C	Patient SS_2023	Tumor	FALSE
GSM4819737_GACCAATAGACAGAGA-1	C	Patient SS_2023	Tumor	FALSE
GSM4819737_GACCAATAGTTCGCAT-1	C	Patient SS_2023	Tumor	FALSE
GSM4819737_GACCAATTCATTTGGG-1	C	Patient SS_2023	Tumor	FALSE
GSM4819737_GACCTGGCACTTACGA-1	C	Patient SS_2023	Tumor	FALSE
GSM4819737_GACCTGGCAGGACGTA-1	C	Patient SS_2023	Tumor	FALSE
GSM4819737_GACGCGTCAATAGAGT-1	C	Patient SS_2023	Tumor	FALSE
GSM4819737_GACGCGTGTGTTGAGG-1	C	Patient SS_2023	Tumor	FALSE
GSM4819737_GACGGCTAGATGGGTC-1	C	Patient SS_2023	Tumor	FALSE
GSM4819737_GACGGCTCACATCTTT-1	C	Patient SS_2023	Tumor	FALSE
GSM4819737_GACGGCTCATCGGGTC-1	C	Patient SS_2023	Tumor	FALSE
GSM4819737_GACGGCTGTCTCCCTA-1	C	Patient SS_2023	Tumor	FALSE
GSM4819737_GACGGCTTCTGGTATG-1	C	Patient SS_2023	Tumor	FALSE
GSM4819737_GACGTGCGTAAGGATT-1	C	Patient SS_2023	Tumor	FALSE
GSM4819737_GACGTGCGTCTAGCGC-1	C	Patient SS_2023	Tumor	FALSE
GSM4819737_GACGTGCGTGACAAAT-1	C	Patient SS_2023	Tumor	FALSE
GSM4819737_GACGTGCGTTGTCTTT-1	C	Patient SS_2023	Tumor	FALSE
GSM4819737_GACGTTAAGTTAGCGG-1	C	Patient SS_2023	Tumor	FALSE
GSM4819737_GACGTTACAAACTGCT-1	C	Patient SS_2023	Tumor	FALSE
GSM4819737_GACGTTAGTTTGGGCC-1	C	Patient SS_2023	Tumor	FALSE
GSM4819737_GACTAACTCACCTCGT-1	C	Patient SS_2023	Tumor	FALSE
GSM4819737_GACTAACTCCAAACTG-1	C	Patient SS_2023	Tumor	FALSE
GSM4819737_GACTACAGTACAGCAG-1	C	Patient SS_2023	Tumor	FALSE
GSM4819737_GACTACAGTAGCGCTC-1	C	Patient SS_2023	Tumor	FALSE
GSM4819737_GACTACAGTTACGGAG-1	C	Patient SS_2023	Tumor	FALSE
GSM4819737_GACTACATCAACACCA-1	C	Patient SS_2023	Tumor	FALSE
GSM4819737_GACTGCGCACCGTTGG-1	C	Patient SS_2023	Tumor	TRUE
GSM4819737_GACTGCGTCACAGTAC-1	C	Patient SS_2023	Tumor	FALSE
GSM4819737_GAGCAGAAGCCAGAAC-1	C	Patient SS_2023	Tumor	FALSE
GSM4819737_GAGCAGATCCTAGAAC-1	C	Patient SS_2023	Tumor	FALSE
GSM4819737_GAGGTGAAGCACACAG-1	C	Patient SS_2023	Tumor	FALSE
GSM4819737_GAGGTGATCGTGACAT-1	C	Patient SS_2023	Tumor	FALSE
GSM4819737_GAGTCCGGTTCTGGTA-1	C	Patient SS_2023	Tumor	FALSE
GSM4819737_GATCAGTAGCGACGTA-1	C	Patient SS_2023	Tumor	TRUE
GSM4819737_GATCAGTCAATCTACG-1	C	Patient SS_2023	Tumor	FALSE
GSM4819737_GATCAGTGTCGACTAT-1	C	Patient SS_2023	Tumor	FALSE
GSM4819737_GATCGATCATGGGAAC-1	C	Patient SS_2023	Tumor	FALSE
GSM4819737_GATCGATGTAGCGTCC-1	C	Patient SS_2023	Tumor	FALSE
GSM4819737_GATCGATGTGCGGTAA-1	C	Patient SS_2023	Tumor	FALSE
GSM4819737_GATCGATGTTGATTCG-1	C	Patient SS_2023	Tumor	FALSE
GSM4819737_GATCGATTCTCTGCTG-1	C	Patient SS_2023	Tumor	FALSE
GSM4819737_GATCGCGCACGAAACG-1	C	Patient SS_2023	Tumor	FALSE
GSM4819737_GATCGCGGTCTCTCTG-1	C	Patient SS_2023	Tumor	FALSE
GSM4819737_GATCGCGGTTCCACTC-1	C	Patient SS_2023	Tumor	FALSE
GSM4819737_GATCGTACAGGCGATA-1	C	Patient SS_2023	Tumor	FALSE
GSM4819737_GATCGTACATCCGGGT-1	C	Patient SS_2023	Tumor	TRUE
GSM4819737_GATGAAAAGTCTTGCA-1	C	Patient SS_2023	Tumor	FALSE
GSM4819737_GATGAAAGTCAAAGCG-1	C	Patient SS_2023	Tumor	FALSE
GSM4819737_GATGAAAGTTAAGTAG-1	C	Patient SS_2023	Tumor	FALSE
GSM4819737_GATGAAATCGTTGACA-1	C	Patient SS_2023	Tumor	FALSE
GSM4819737_GATGAGGAGACACGAC-1	C	Patient SS_2023	Tumor	FALSE
GSM4819737_GATGAGGCATTCCTGC-1	C	Patient SS_2023	Tumor	FALSE
GSM4819737_GATGAGGTCTGCCCTA-1	C	Patient SS_2023	Tumor	FALSE
GSM4819737_GATGCTATCAGCACAT-1	C	Patient SS_2023	Tumor	FALSE
GSM4819737_GCAAACTCAGGACGTA-1	C	Patient SS_2023	Tumor	FALSE
GSM4819737_GCAATCATCGTAGGTT-1	C	Patient SS_2023	Tumor	FALSE
GSM4819737_GCACTCTCATTGAGCT-1	C	Patient SS_2023	Tumor	FALSE
GSM4819737_GCACTCTGTGTTGAGG-1	C	Patient SS_2023	Tumor	FALSE
GSM4819737_GCACTCTGTTCAGGCC-1	C	Patient SS_2023	Tumor	FALSE
GSM4819737_GCACTCTTCCAGGGCT-1	C	Patient SS_2023	Tumor	FALSE
GSM4819737_GCACTCTTCTGCCCTA-1	C	Patient SS_2023	Tumor	FALSE
GSM4819737_GCAGCCAAGATATGGT-1	C	Patient SS_2023	Tumor	FALSE
GSM4819737_GCAGCCAGTCGCATCG-1	C	Patient SS_2023	Tumor	FALSE
GSM4819737_GCAGCCAGTCTGGTCG-1	C	Patient SS_2023	Tumor	FALSE
GSM4819737_GCAGTTACACCCTATC-1	C	Patient SS_2023	Tumor	FALSE
GSM4819737_GCAGTTACATCCTAGA-1	C	Patient SS_2023	Tumor	FALSE
GSM4819737_GCATACAAGCTAGTTC-1	C	Patient SS_2023	Tumor	FALSE
GSM4819737_GCATACAGTAAGTTCC-1	C	Patient SS_2023	Tumor	FALSE
GSM4819737_GCATGCGCACAGACTT-1	C	Patient SS_2023	Tumor	FALSE
GSM4819737_GCATGTATCTGCGGCA-1	C	Patient SS_2023	Tumor	FALSE
GSM4819737_GCCAAATAGGCAATTA-1	C	Patient SS_2023	Tumor	FALSE
GSM4819737_GCCAAATCATCAGTAC-1	C	Patient SS_2023	Tumor	FALSE
GSM4819737_GCCTCTAAGGCTACGA-1	C	Patient SS_2023	Tumor	FALSE
GSM4819737_GCGACCACATATACGC-1	C	Patient SS_2023	Tumor	FALSE
GSM4819737_GCGACCATCTAGAGTC-1	C	Patient SS_2023	Tumor	FALSE
GSM4819737_GCGAGAACATTGGCGC-1	C	Patient SS_2023	Tumor	FALSE
GSM4819737_GCGAGAATCTAGAGTC-1	C	Patient SS_2023	Tumor	FALSE
GSM4819737_GCGCAACAGTAAGTAC-1	C	Patient SS_2023	Tumor	FALSE
GSM4819737_GCGCAACGTGGACGAT-1	C	Patient SS_2023	Tumor	FALSE
GSM4819737_GCGCAGTAGTTTGCGT-1	C	Patient SS_2023	Tumor	FALSE
GSM4819737_GCGCAGTGTTCCATGA-1	C	Patient SS_2023	Tumor	TRUE
GSM4819737_GCGCCAACACTCGACG-1	C	Patient SS_2023	Tumor	TRUE
GSM4819737_GCGCCAAGTGACGCCT-1	C	Patient SS_2023	Tumor	FALSE
GSM4819737_GCGCCAAGTTTAGGAA-1	C	Patient SS_2023	Tumor	FALSE
GSM4819737_GCGCGATCAGTGAGTG-1	C	Patient SS_2023	Tumor	FALSE
GSM4819737_GCGGGTTAGCGAGAAA-1	C	Patient SS_2023	Tumor	FALSE
GSM4819737_GCGGGTTCAGCTCGCA-1	C	Patient SS_2023	Tumor	FALSE
GSM4819737_GCGGGTTCATGCAACT-1	C	Patient SS_2023	Tumor	FALSE
GSM4819737_GCGGGTTTCTGATTCT-1	C	Patient SS_2023	Tumor	FALSE
GSM4819737_GCTCTGTTCATAGCAC-1	C	Patient SS_2023	Tumor	FALSE
GSM4819737_GCTGCGAAGCTAAGAT-1	C	Patient SS_2023	Tumor	FALSE
GSM4819737_GCTGCTTTCGGTCCGA-1	C	Patient SS_2023	Tumor	FALSE
GSM4819737_GCTGCTTTCTATGTGG-1	C	Patient SS_2023	Tumor	FALSE
GSM4819737_GCTGGGTGTTCGTTGA-1	C	Patient SS_2023	Tumor	FALSE
GSM4819737_GCTTGAAAGATGAGAG-1	C	Patient SS_2023	Tumor	FALSE
GSM4819737_GCTTGAAGTGCCTTGG-1	C	Patient SS_2023	Tumor	TRUE
GSM4819737_GGAAAGCAGCAGCCTC-1	C	Patient SS_2023	Tumor	FALSE
GSM4819737_GGAAAGCTCAAGATCC-1	C	Patient SS_2023	Tumor	FALSE
GSM4819737_GGAACTTAGACTAGGC-1	C	Patient SS_2023	Tumor	FALSE
GSM4819737_GGAACTTCAGATGAGC-1	C	Patient SS_2023	Tumor	FALSE
GSM4819737_GGAATAAAGGGATGGG-1	C	Patient SS_2023	Tumor	FALSE
GSM4819737_GGAATAACATGCAACT-1	C	Patient SS_2023	Tumor	FALSE
GSM4819737_GGACAAGAGACAAAGG-1	C	Patient SS_2023	Tumor	FALSE
GSM4819737_GGACAAGCATGCATGT-1	C	Patient SS_2023	Tumor	FALSE
GSM4819737_GGACAGATCTGAGTGT-1	C	Patient SS_2023	Tumor	FALSE
GSM4819737_GGACAGATCTTCGAGA-1	C	Patient SS_2023	Tumor	FALSE
GSM4819737_GGACATTAGTACGCGA-1	C	Patient SS_2023	Tumor	FALSE
GSM4819737_GGACATTCAAGAAAGG-1	C	Patient SS_2023	Tumor	FALSE
GSM4819737_GGACATTCACGCGAAA-1	C	Patient SS_2023	Tumor	FALSE
GSM4819737_GGACATTGTTACAGAA-1	C	Patient SS_2023	Tumor	TRUE
GSM4819737_GGACGTCAGTGCCATT-1	C	Patient SS_2023	Tumor	FALSE
GSM4819737_GGACGTCTCACTTACT-1	C	Patient SS_2023	Tumor	FALSE
GSM4819737_GGAGCAAGTAAAGGAG-1	C	Patient SS_2023	Tumor	FALSE
GSM4819737_GGAGCAAGTAGCTTGT-1	C	Patient SS_2023	Tumor	FALSE
GSM4819737_GGAGCAAGTGCAGTAG-1	C	Patient SS_2023	Tumor	FALSE
GSM4819737_GGAGCAATCCCGACTT-1	C	Patient SS_2023	Tumor	FALSE
GSM4819737_GGAGCAATCCTAGGGC-1	C	Patient SS_2023	Tumor	FALSE
GSM4819737_GGATGTTAGTAACCCT-1	C	Patient SS_2023	Tumor	FALSE
GSM4819737_GGATGTTTCGTACCGG-1	C	Patient SS_2023	Tumor	FALSE
GSM4819737_GGATTACAGGCATTGG-1	C	Patient SS_2023	Tumor	FALSE
GSM4819737_GGATTACGTACTCAAC-1	C	Patient SS_2023	Tumor	FALSE
GSM4819737_GGATTACGTCTCCACT-1	C	Patient SS_2023	Tumor	FALSE
GSM4819737_GGCAATTCAAACCCAT-1	C	Patient SS_2023	Tumor	FALSE
GSM4819737_GGCAATTGTAAACGCG-1	C	Patient SS_2023	Tumor	FALSE
GSM4819737_GGCCGATCAACCGCCA-1	C	Patient SS_2023	Tumor	FALSE
GSM4819737_GGCGACTCAGGGTACA-1	C	Patient SS_2023	Tumor	FALSE
GSM4819737_GGCGACTGTACAGCAG-1	C	Patient SS_2023	Tumor	FALSE
GSM4819737_GGCTCGATCCCAAGTA-1	C	Patient SS_2023	Tumor	FALSE
GSM4819737_GGCTGGTAGGAATCGC-1	C	Patient SS_2023	Tumor	FALSE
GSM4819737_GGCTGGTTCACTCCTG-1	C	Patient SS_2023	Tumor	FALSE
GSM4819737_GGGAATGAGACTAGAT-1	C	Patient SS_2023	Tumor	FALSE
GSM4819737_GGGAATGTCGGCTTGG-1	C	Patient SS_2023	Tumor	FALSE
GSM4819737_GGGACCTAGGTGGGTT-1	C	Patient SS_2023	Tumor	FALSE
GSM4819737_GGGACCTAGTACGTTC-1	C	Patient SS_2023	Tumor	FALSE
GSM4819737_GGGACCTAGTCCATAC-1	C	Patient SS_2023	Tumor	FALSE
GSM4819737_GGGACCTCATTGGCGC-1	C	Patient SS_2023	Tumor	FALSE
GSM4819737_GGGACCTGTTACGGAG-1	C	Patient SS_2023	Tumor	FALSE
GSM4819737_GGGAGATTCTTGTATC-1	C	Patient SS_2023	Tumor	FALSE
GSM4819737_GGGATGACAAGCCATT-1	C	Patient SS_2023	Tumor	FALSE
GSM4819737_GGGATGACATCAGTAC-1	C	Patient SS_2023	Tumor	FALSE
GSM4819737_GGGATGATCAGTTAGC-1	C	Patient SS_2023	Tumor	FALSE
GSM4819737_GGGCACTTCGATGAGG-1	C	Patient SS_2023	Tumor	FALSE
GSM4819737_GGGCATCAGGTTCCTA-1	C	Patient SS_2023	Tumor	TRUE
GSM4819737_GGGCATCGTCGACTAT-1	C	Patient SS_2023	Tumor	FALSE
GSM4819737_GGGCATCGTGTGACCC-1	C	Patient SS_2023	Tumor	FALSE
GSM4819737_GGGCATCGTTTGTTTC-1	C	Patient SS_2023	Tumor	FALSE
GSM4819737_GGGCATCTCACAGGCC-1	C	Patient SS_2023	Tumor	FALSE
GSM4819737_GGGTCTGAGAAACGCC-1	C	Patient SS_2023	Tumor	FALSE
GSM4819737_GGGTCTGAGCGAGAAA-1	C	Patient SS_2023	Tumor	FALSE
GSM4819737_GGGTCTGCATCAGTCA-1	C	Patient SS_2023	Tumor	FALSE
GSM4819737_GGGTTGCAGAAAGTGG-1	C	Patient SS_2023	Tumor	TRUE
GSM4819737_GGGTTGCAGTGGGTTG-1	C	Patient SS_2023	Tumor	FALSE
GSM4819737_GGGTTGCTCCCATTAT-1	C	Patient SS_2023	Tumor	FALSE
GSM4819737_GGTGAAGAGTACTTGC-1	C	Patient SS_2023	Tumor	FALSE
GSM4819737_GGTGAAGAGTAGCGGT-1	C	Patient SS_2023	Tumor	FALSE
GSM4819737_GGTGAAGGTTACGCGC-1	C	Patient SS_2023	Tumor	FALSE
GSM4819737_GGTGAAGTCTGGTGTA-1	C	Patient SS_2023	Tumor	TRUE
GSM4819737_GGTGCGTAGAGCAATT-1	C	Patient SS_2023	Tumor	FALSE
GSM4819737_GGTGCGTGTAGCTGCC-1	C	Patient SS_2023	Tumor	FALSE
GSM4819737_GGTGCGTGTCCCTACT-1	C	Patient SS_2023	Tumor	FALSE
GSM4819737_GGTGCGTGTTTGTTTC-1	C	Patient SS_2023	Tumor	FALSE
GSM4819737_GGTGTTAAGAGTTGGC-1	C	Patient SS_2023	Tumor	FALSE
GSM4819737_GGTGTTAAGCGATAGC-1	C	Patient SS_2023	Tumor	FALSE
GSM4819737_GGTGTTACAAAGTGCG-1	C	Patient SS_2023	Tumor	FALSE
GSM4819737_GGTGTTACAGGATTGG-1	C	Patient SS_2023	Tumor	FALSE
GSM4819737_GGTGTTACATGAGCGA-1	C	Patient SS_2023	Tumor	TRUE
GSM4819737_GTAACGTAGTAGCCGA-1	C	Patient SS_2023	Tumor	FALSE
GSM4819737_GTAACTGAGTACACCT-1	C	Patient SS_2023	Tumor	FALSE
GSM4819737_GTAACTGTCCAAGTAC-1	C	Patient SS_2023	Tumor	FALSE
GSM4819737_GTAACTGTCGTTTAGG-1	C	Patient SS_2023	Tumor	FALSE
GSM4819737_GTACTCCAGTGAAGAG-1	C	Patient SS_2023	Tumor	FALSE
GSM4819737_GTACTCCGTGCAGACA-1	C	Patient SS_2023	Tumor	FALSE
GSM4819737_GTACTCCTCAGTACGT-1	C	Patient SS_2023	Tumor	FALSE
GSM4819737_GTACTCCTCTGTTTGT-1	C	Patient SS_2023	Tumor	FALSE
GSM4819737_GTAGGCCAGAAGGTGA-1	C	Patient SS_2023	Tumor	FALSE
GSM4819737_GTAGGCCAGAGGGCTT-1	C	Patient SS_2023	Tumor	FALSE
GSM4819737_GTAGTCACAGGTTTCA-1	C	Patient SS_2023	Tumor	FALSE
GSM4819737_GTAGTCAGTAAGTTCC-1	C	Patient SS_2023	Tumor	FALSE
GSM4819737_GTAGTCAGTCCCTACT-1	C	Patient SS_2023	Tumor	FALSE
GSM4819737_GTAGTCATCAGAAATG-1	C	Patient SS_2023	Tumor	FALSE
GSM4819737_GTAGTCATCGTCACGG-1	C	Patient SS_2023	Tumor	FALSE
GSM4819737_GTAGTCATCTGCGACG-1	C	Patient SS_2023	Tumor	FALSE
GSM4819737_GTATCTTAGCACGCCT-1	C	Patient SS_2023	Tumor	FALSE
GSM4819737_GTATCTTTCGAATGCT-1	C	Patient SS_2023	Tumor	FALSE
GSM4819737_GTATTCTAGACAAAGG-1	C	Patient SS_2023	Tumor	FALSE
GSM4819737_GTATTCTGTACCGTTA-1	C	Patient SS_2023	Tumor	FALSE
GSM4819737_GTCAAGTGTGAGGCTA-1	C	Patient SS_2023	Tumor	FALSE
GSM4819737_GTCACAATCGGATGTT-1	C	Patient SS_2023	Tumor	FALSE
GSM4819737_GTCACGGCAGCGTAAG-1	C	Patient SS_2023	Tumor	FALSE
GSM4819737_GTCACGGCAGTTAACC-1	C	Patient SS_2023	Tumor	FALSE
GSM4819737_GTCACGGGTGTGACCC-1	C	Patient SS_2023	Tumor	FALSE
GSM4819737_GTCACGGTCAACACGT-1	C	Patient SS_2023	Tumor	TRUE
GSM4819737_GTCACGGTCATTGCGA-1	C	Patient SS_2023	Tumor	FALSE
GSM4819737_GTCATTTCATTCACTT-1	C	Patient SS_2023	Tumor	FALSE
GSM4819737_GTCATTTTCGTCTGAA-1	C	Patient SS_2023	Tumor	FALSE
GSM4819737_GTCCTCAAGTGGAGTC-1	C	Patient SS_2023	Tumor	FALSE
GSM4819737_GTCCTCACAAGCGAGT-1	C	Patient SS_2023	Tumor	TRUE
GSM4819737_GTCCTCATCTCGTATT-1	C	Patient SS_2023	Tumor	FALSE
GSM4819737_GTCGTAAAGTCGTTTG-1	C	Patient SS_2023	Tumor	FALSE
GSM4819737_GTCGTAAGTGAGCGAT-1	C	Patient SS_2023	Tumor	FALSE
GSM4819737_GTCGTAAGTTAAGAAC-1	C	Patient SS_2023	Tumor	FALSE
GSM4819737_GTCGTAAGTTCCGGCA-1	C	Patient SS_2023	Tumor	FALSE
GSM4819737_GTCGTAATCCACGAAT-1	C	Patient SS_2023	Tumor	FALSE
GSM4819737_GTCGTAATCCCAACGG-1	C	Patient SS_2023	Tumor	FALSE
GSM4819737_GTCGTAATCTGGCGAC-1	C	Patient SS_2023	Tumor	FALSE
GSM4819737_GTCTCGTAGGGAACGG-1	C	Patient SS_2023	Tumor	TRUE
GSM4819737_GTCTTCGAGTACGACG-1	C	Patient SS_2023	Tumor	FALSE
GSM4819737_GTCTTCGGTGCCTGTG-1	C	Patient SS_2023	Tumor	FALSE
GSM4819737_GTGAAGGGTCTGATCA-1	C	Patient SS_2023	Tumor	FALSE
GSM4819737_GTGAAGGTCTTACCGC-1	C	Patient SS_2023	Tumor	FALSE
GSM4819737_GTGCAGCAGCTTATCG-1	C	Patient SS_2023	Tumor	FALSE
GSM4819737_GTGCAGCCACTTCTGC-1	C	Patient SS_2023	Tumor	FALSE
GSM4819737_GTGCATATCGTGTAGT-1	C	Patient SS_2023	Tumor	FALSE
GSM4819737_GTGCGGTTCATTTGGG-1	C	Patient SS_2023	Tumor	FALSE
GSM4819737_GTGCTTCCAAGCGTAG-1	C	Patient SS_2023	Tumor	FALSE
GSM4819737_GTGCTTCCAGTCGATT-1	C	Patient SS_2023	Tumor	FALSE
GSM4819737_GTGCTTCGTTACGGAG-1	C	Patient SS_2023	Tumor	FALSE
GSM4819737_GTGGGTCGTTTGTTTC-1	C	Patient SS_2023	Tumor	FALSE
GSM4819737_GTGTGCGCAGCGTCCA-1	C	Patient SS_2023	Tumor	FALSE
GSM4819737_GTGTTAGTCATGCAAC-1	C	Patient SS_2023	Tumor	FALSE
GSM4819737_GTTAAGCCAACAACCT-1	C	Patient SS_2023	Tumor	FALSE
GSM4819737_GTTAAGCTCAGAGACG-1	C	Patient SS_2023	Tumor	FALSE
GSM4819737_GTTACAGAGCATGGCA-1	C	Patient SS_2023	Tumor	FALSE
GSM4819737_GTTACAGCAGCCAATT-1	C	Patient SS_2023	Tumor	FALSE
GSM4819737_GTTCATTAGATCGATA-1	C	Patient SS_2023	Tumor	FALSE
GSM4819737_GTTCATTGTATGAAAC-1	C	Patient SS_2023	Tumor	FALSE
GSM4819737_GTTCGGGGTGTAATGA-1	C	Patient SS_2023	Tumor	FALSE
GSM4819737_GTTCGGGTCCAAATGC-1	C	Patient SS_2023	Tumor	FALSE
GSM4819737_GTTCGGGTCCACGTTC-1	C	Patient SS_2023	Tumor	FALSE
GSM4819737_GTTCGGGTCTCTGTCG-1	C	Patient SS_2023	Tumor	FALSE
GSM4819737_GTTCTCGAGTGTACGG-1	C	Patient SS_2023	Tumor	FALSE
GSM4819737_GTTCTCGGTTCCACGG-1	C	Patient SS_2023	Tumor	TRUE
GSM4819737_GTTTCTATCAGAGCTT-1	C	Patient SS_2023	Tumor	TRUE
GSM4819737_GTTTCTATCGACAGCC-1	C	Patient SS_2023	Tumor	FALSE
GSM4819737_TAAACCGCAATAGAGT-1	C	Patient SS_2023	Tumor	FALSE
GSM4819737_TAAACCGCATGCAATC-1	C	Patient SS_2023	Tumor	FALSE
GSM4819737_TAAACCGGTAAAGTCA-1	C	Patient SS_2023	Tumor	FALSE
GSM4819737_TAAACCGGTCAAGCGA-1	C	Patient SS_2023	Tumor	FALSE
GSM4819737_TAAACCGTCCTTTCTC-1	C	Patient SS_2023	Tumor	FALSE
GSM4819737_TAAGAGAAGAAGATTC-1	C	Patient SS_2023	Tumor	FALSE
GSM4819737_TAAGAGACACCTTGTC-1	C	Patient SS_2023	Tumor	FALSE
GSM4819737_TAAGAGACACTTACGA-1	C	Patient SS_2023	Tumor	FALSE
GSM4819737_TAAGCGTCACTACAGT-1	C	Patient SS_2023	Tumor	FALSE
GSM4819737_TAAGCGTGTCTCTCTG-1	C	Patient SS_2023	Tumor	FALSE
GSM4819737_TAAGCGTGTTCCTCCA-1	C	Patient SS_2023	Tumor	FALSE
GSM4819737_TAAGTGCCAACGATCT-1	C	Patient SS_2023	Tumor	FALSE
GSM4819737_TAAGTGCTCCCAACGG-1	C	Patient SS_2023	Tumor	FALSE
GSM4819737_TAAGTGCTCGAACTGT-1	C	Patient SS_2023	Tumor	FALSE
GSM4819737_TACACGATCTAGAGTC-1	C	Patient SS_2023	Tumor	FALSE
GSM4819737_TACAGTGAGGTGTGGT-1	C	Patient SS_2023	Tumor	FALSE
GSM4819737_TACAGTGGTGTGTGCC-1	C	Patient SS_2023	Tumor	FALSE
GSM4819737_TACCTATCAGGTCTCG-1	C	Patient SS_2023	Tumor	FALSE
GSM4819737_TACCTTACATTGTGCA-1	C	Patient SS_2023	Tumor	FALSE
GSM4819737_TACGGATAGATGTTAG-1	C	Patient SS_2023	Tumor	TRUE
GSM4819737_TACGGATAGCAATCTC-1	C	Patient SS_2023	Tumor	FALSE
GSM4819737_TACGGATTCTTCGGTC-1	C	Patient SS_2023	Tumor	FALSE
GSM4819737_TACGGGCGTGGCTCCA-1	C	Patient SS_2023	Tumor	FALSE
GSM4819737_TACGGGCGTTGCGCAC-1	C	Patient SS_2023	Tumor	FALSE
GSM4819737_TACGGTAAGTATGACA-1	C	Patient SS_2023	Tumor	FALSE
GSM4819737_TACGGTAGTGTTCGAT-1	C	Patient SS_2023	Tumor	TRUE
GSM4819737_TACTCATAGGACGAAA-1	C	Patient SS_2023	Tumor	TRUE
GSM4819737_TACTCATAGGGTGTTG-1	C	Patient SS_2023	Tumor	FALSE
GSM4819737_TACTCGCAGAGGTTAT-1	C	Patient SS_2023	Tumor	FALSE
GSM4819737_TACTCGCGTAGCACGA-1	C	Patient SS_2023	Tumor	FALSE
GSM4819737_TACTTACCAGCCTATA-1	C	Patient SS_2023	Tumor	FALSE
GSM4819737_TACTTGTAGAGCTATA-1	C	Patient SS_2023	Tumor	FALSE
GSM4819737_TACTTGTAGCACGCCT-1	C	Patient SS_2023	Tumor	FALSE
GSM4819737_TAGACCACATTAGCCA-1	C	Patient SS_2023	Tumor	FALSE
GSM4819737_TAGACCAGTAAGCACG-1	C	Patient SS_2023	Tumor	FALSE
GSM4819737_TAGACCATCCTGCAGG-1	C	Patient SS_2023	Tumor	FALSE
GSM4819737_TAGAGCTAGTGGTAAT-1	C	Patient SS_2023	Tumor	FALSE
GSM4819737_TAGCCGGAGCAATCTC-1	C	Patient SS_2023	Tumor	FALSE
GSM4819737_TAGCCGGAGTCCCACG-1	C	Patient SS_2023	Tumor	TRUE
GSM4819737_TAGCCGGAGTCTCCTC-1	C	Patient SS_2023	Tumor	TRUE
GSM4819737_TAGGCATCAAGCGTAG-1	C	Patient SS_2023	Tumor	FALSE
GSM4819737_TAGTGGTGTAGCTCCG-1	C	Patient SS_2023	Tumor	FALSE
GSM4819737_TAGTGGTGTTACCGAT-1	C	Patient SS_2023	Tumor	FALSE
GSM4819737_TAGTTGGAGACAAGCC-1	C	Patient SS_2023	Tumor	FALSE
GSM4819737_TAGTTGGGTTAGTGGG-1	C	Patient SS_2023	Tumor	FALSE
GSM4819737_TATCAGGAGACGACGT-1	C	Patient SS_2023	Tumor	FALSE
GSM4819737_TATCAGGTCAGTTTGG-1	C	Patient SS_2023	Tumor	FALSE
GSM4819737_TATCTCAAGGTGGGTT-1	C	Patient SS_2023	Tumor	FALSE
GSM4819737_TATCTCAAGTACCGGA-1	C	Patient SS_2023	Tumor	FALSE
GSM4819737_TATCTCACACGGACAA-1	C	Patient SS_2023	Tumor	FALSE
GSM4819737_TATGCCCCAAGCTGAG-1	C	Patient SS_2023	Tumor	FALSE
GSM4819737_TATGCCCCACAAGTAA-1	C	Patient SS_2023	Tumor	FALSE
GSM4819737_TATTACCAGGAGTCTG-1	C	Patient SS_2023	Tumor	FALSE
GSM4819737_TATTACCTCTCGTTTA-1	C	Patient SS_2023	Tumor	FALSE
GSM4819737_TCAACGAAGTACGTAA-1	C	Patient SS_2023	Tumor	FALSE
GSM4819737_TCAACGACACCATGTA-1	C	Patient SS_2023	Tumor	FALSE
GSM4819737_TCAATCTCAAGTTGTC-1	C	Patient SS_2023	Tumor	TRUE
GSM4819737_TCAATCTGTACGAAAT-1	C	Patient SS_2023	Tumor	FALSE
GSM4819737_TCACGAACAGCTGGCT-1	C	Patient SS_2023	Tumor	TRUE
GSM4819737_TCACGAATCAATCTCT-1	C	Patient SS_2023	Tumor	FALSE
GSM4819737_TCAGATGGTTAAGATG-1	C	Patient SS_2023	Tumor	FALSE
GSM4819737_TCAGATGTCGCGATCG-1	C	Patient SS_2023	Tumor	FALSE
GSM4819737_TCAGATGTCTCCAGGG-1	C	Patient SS_2023	Tumor	TRUE
GSM4819737_TCAGCAAGTGACTACT-1	C	Patient SS_2023	Tumor	FALSE
GSM4819737_TCAGCAATCTACTTAC-1	C	Patient SS_2023	Tumor	FALSE
GSM4819737_TCAGGATAGCTGTCTA-1	C	Patient SS_2023	Tumor	FALSE
GSM4819737_TCAGGATCAGAAGCAC-1	C	Patient SS_2023	Tumor	FALSE
GSM4819737_TCAGGATGTAGCAAAT-1	C	Patient SS_2023	Tumor	FALSE
GSM4819737_TCAGGTAAGAAACCTA-1	C	Patient SS_2023	Tumor	FALSE
GSM4819737_TCAGGTAAGATGCCAG-1	C	Patient SS_2023	Tumor	TRUE
GSM4819737_TCAGGTACAGTTAACC-1	C	Patient SS_2023	Tumor	FALSE
GSM4819737_TCAGGTATCACCAGGC-1	C	Patient SS_2023	Tumor	FALSE
GSM4819737_TCATTACAGACAGACC-1	C	Patient SS_2023	Tumor	FALSE
GSM4819737_TCATTACAGGGCATGT-1	C	Patient SS_2023	Tumor	FALSE
GSM4819737_TCATTACCACCAGGCT-1	C	Patient SS_2023	Tumor	FALSE
GSM4819737_TCATTACGTAGGGACT-1	C	Patient SS_2023	Tumor	FALSE
GSM4819737_TCATTACTCATACGGT-1	C	Patient SS_2023	Tumor	FALSE
GSM4819737_TCATTACTCCGGGTGT-1	C	Patient SS_2023	Tumor	FALSE
GSM4819737_TCATTTGCAGGGAGAG-1	C	Patient SS_2023	Tumor	FALSE
GSM4819737_TCATTTGTCTTGAGAC-1	C	Patient SS_2023	Tumor	FALSE
GSM4819737_TCCCGATAGAGCTGCA-1	C	Patient SS_2023	Tumor	FALSE
GSM4819737_TCCCGATGTGGTTTCA-1	C	Patient SS_2023	Tumor	TRUE
GSM4819737_TCCCGATTCCGATATG-1	C	Patient SS_2023	Tumor	TRUE
GSM4819737_TCGCGAGAGGACATTA-1	C	Patient SS_2023	Tumor	TRUE
GSM4819737_TCGCGAGTCGGTGTTA-1	C	Patient SS_2023	Tumor	TRUE
GSM4819737_TCGCGTTAGATATGCA-1	C	Patient SS_2023	Tumor	FALSE
GSM4819737_TCGCGTTAGCTATGCT-1	C	Patient SS_2023	Tumor	FALSE
GSM4819737_TCGGGACAGGGTTCCC-1	C	Patient SS_2023	Tumor	FALSE
GSM4819737_TCGGGACGTAAATACG-1	C	Patient SS_2023	Tumor	FALSE
GSM4819737_TCGGGACTCTTTAGTC-1	C	Patient SS_2023	Tumor	FALSE
GSM4819737_TCGGTAAAGATGGGTC-1	C	Patient SS_2023	Tumor	FALSE
GSM4819737_TCGGTAAGTCCGTTAA-1	C	Patient SS_2023	Tumor	FALSE
GSM4819737_TCGGTAATCGAGGTAG-1	C	Patient SS_2023	Tumor	FALSE
GSM4819737_TCGTAGACAGTTCCCT-1	C	Patient SS_2023	Tumor	FALSE
GSM4819737_TCGTAGAGTCGCGTGT-1	C	Patient SS_2023	Tumor	FALSE
GSM4819737_TCGTAGAGTGCAGTAG-1	C	Patient SS_2023	Tumor	FALSE
GSM4819737_TCTATTGAGCGGCTTC-1	C	Patient SS_2023	Tumor	FALSE
GSM4819737_TCTATTGCACGCTTTC-1	C	Patient SS_2023	Tumor	FALSE
GSM4819737_TCTCATATCAGTTAGC-1	C	Patient SS_2023	Tumor	FALSE
GSM4819737_TCTCTAACAATAGAGT-1	C	Patient SS_2023	Tumor	FALSE
GSM4819737_TCTCTAACACAACGTT-1	C	Patient SS_2023	Tumor	FALSE
GSM4819737_TCTCTAAGTCCGAGTC-1	C	Patient SS_2023	Tumor	FALSE
GSM4819737_TCTGAGACACAGCCCA-1	C	Patient SS_2023	Tumor	TRUE
GSM4819737_TCTGAGACACTAGTAC-1	C	Patient SS_2023	Tumor	FALSE
GSM4819737_TCTGGAAAGTGAATTG-1	C	Patient SS_2023	Tumor	FALSE
GSM4819737_TCTGGAAAGTTAGGTA-1	C	Patient SS_2023	Tumor	TRUE
GSM4819737_TCTGGAACATCATCCC-1	C	Patient SS_2023	Tumor	TRUE
GSM4819737_TCTGGAAGTGTATGGG-1	C	Patient SS_2023	Tumor	FALSE
GSM4819737_TCTTCGGGTAGGAGTC-1	C	Patient SS_2023	Tumor	FALSE
GSM4819737_TGAAAGATCGCTTAGA-1	C	Patient SS_2023	Tumor	FALSE
GSM4819737_TGACAACCAAACCTAC-1	C	Patient SS_2023	Tumor	FALSE
GSM4819737_TGACAACCAGCGTAAG-1	C	Patient SS_2023	Tumor	FALSE
GSM4819737_TGACAACGTACGACCC-1	C	Patient SS_2023	Tumor	FALSE
GSM4819737_TGACGGCAGCAATATG-1	C	Patient SS_2023	Tumor	FALSE
GSM4819737_TGACTAGCACTGTGTA-1	C	Patient SS_2023	Tumor	FALSE
GSM4819737_TGACTAGTCGAATCCA-1	C	Patient SS_2023	Tumor	FALSE
GSM4819737_TGACTTTAGAGCCTAG-1	C	Patient SS_2023	Tumor	FALSE
GSM4819737_TGACTTTTCCTCCTAG-1	C	Patient SS_2023	Tumor	FALSE
GSM4819737_TGACTTTTCGGTCTAA-1	C	Patient SS_2023	Tumor	FALSE
GSM4819737_TGAGAGGGTGTTCTTT-1	C	Patient SS_2023	Tumor	FALSE
GSM4819737_TGAGCATCATCTATGG-1	C	Patient SS_2023	Tumor	FALSE
GSM4819737_TGAGCATTCACAGGCC-1	C	Patient SS_2023	Tumor	FALSE
GSM4819737_TGAGCCGAGAGCTATA-1	C	Patient SS_2023	Tumor	FALSE
GSM4819737_TGAGGGAGTAGCCTCG-1	C	Patient SS_2023	Tumor	FALSE
GSM4819737_TGAGGGAGTCGGCATC-1	C	Patient SS_2023	Tumor	FALSE
GSM4819737_TGAGGGAGTGAGGCTA-1	C	Patient SS_2023	Tumor	FALSE
GSM4819737_TGAGGGATCTTATCTG-1	C	Patient SS_2023	Tumor	FALSE
GSM4819737_TGATTTCAGTACGCCC-1	C	Patient SS_2023	Tumor	FALSE
GSM4819737_TGATTTCCAGGCAGTA-1	C	Patient SS_2023	Tumor	FALSE
GSM4819737_TGCACCTAGGGATACC-1	C	Patient SS_2023	Tumor	FALSE
GSM4819737_TGCACCTTCTCGCTTG-1	C	Patient SS_2023	Tumor	FALSE
GSM4819737_TGCCAAAAGTGTGGCA-1	C	Patient SS_2023	Tumor	FALSE
GSM4819737_TGCCAAACACCGAATT-1	C	Patient SS_2023	Tumor	FALSE
GSM4819737_TGCCAAACATCTATGG-1	C	Patient SS_2023	Tumor	FALSE
GSM4819737_TGCCAAAGTAGCGCTC-1	C	Patient SS_2023	Tumor	FALSE
GSM4819737_TGCCAAAGTGCGCTTG-1	C	Patient SS_2023	Tumor	FALSE
GSM4819737_TGCCAAAGTTGCGTTA-1	C	Patient SS_2023	Tumor	FALSE
GSM4819737_TGCCAAATCGGAGGTA-1	C	Patient SS_2023	Tumor	FALSE
GSM4819737_TGCCCATCATGCCACG-1	C	Patient SS_2023	Tumor	FALSE
GSM4819737_TGCCCATGTACCAGTT-1	C	Patient SS_2023	Tumor	FALSE
GSM4819737_TGCCCTAAGAGTGAGA-1	C	Patient SS_2023	Tumor	FALSE
GSM4819737_TGCCCTAAGATAGGAG-1	C	Patient SS_2023	Tumor	FALSE
GSM4819737_TGCCCTAAGCCAACAG-1	C	Patient SS_2023	Tumor	FALSE
GSM4819737_TGCCCTAAGGCAAAGA-1	C	Patient SS_2023	Tumor	FALSE
GSM4819737_TGCCCTAAGTGAATTG-1	C	Patient SS_2023	Tumor	TRUE
GSM4819737_TGCCCTAAGTTACCCA-1	C	Patient SS_2023	Tumor	FALSE
GSM4819737_TGCGCAGAGCCACCTG-1	C	Patient SS_2023	Tumor	FALSE
GSM4819737_TGCGCAGCATACAGCT-1	C	Patient SS_2023	Tumor	FALSE
GSM4819737_TGCGCAGCATAGAAAC-1	C	Patient SS_2023	Tumor	TRUE
GSM4819737_TGCGGGTAGTATCGAA-1	C	Patient SS_2023	Tumor	FALSE
GSM4819737_TGCGGGTGTGACAAAT-1	C	Patient SS_2023	Tumor	FALSE
GSM4819737_TGCGTGGAGTGAACAT-1	C	Patient SS_2023	Tumor	FALSE
GSM4819737_TGCGTGGCATGCTGGC-1	C	Patient SS_2023	Tumor	FALSE
GSM4819737_TGCTACCAGCCTTGAT-1	C	Patient SS_2023	Tumor	FALSE
GSM4819737_TGCTGCTAGATCCCGC-1	C	Patient SS_2023	Tumor	FALSE
GSM4819737_TGCTGCTCAAGACACG-1	C	Patient SS_2023	Tumor	FALSE
GSM4819737_TGCTGCTCACCTCGGA-1	C	Patient SS_2023	Tumor	FALSE
GSM4819737_TGCTGCTTCGCGATCG-1	C	Patient SS_2023	Tumor	TRUE
GSM4819737_TGCTGCTTCGGCGGTT-1	C	Patient SS_2023	Tumor	TRUE
GSM4819737_TGGACGCCAAGCGTAG-1	C	Patient SS_2023	Tumor	FALSE
GSM4819737_TGGACGCCATGCAACT-1	C	Patient SS_2023	Tumor	FALSE
GSM4819737_TGGACGCTCGCCTGAG-1	C	Patient SS_2023	Tumor	TRUE
GSM4819737_TGGACGCTCTCGGACG-1	C	Patient SS_2023	Tumor	FALSE
GSM4819737_TGGCCAGCACGACTCG-1	C	Patient SS_2023	Tumor	FALSE
GSM4819737_TGGCCAGCACTGTGTA-1	C	Patient SS_2023	Tumor	FALSE
GSM4819737_TGGCCAGCAGCGTAAG-1	C	Patient SS_2023	Tumor	TRUE
GSM4819737_TGGCCAGGTTAGGGTG-1	C	Patient SS_2023	Tumor	FALSE
GSM4819737_TGGCGCAAGCTCTCGG-1	C	Patient SS_2023	Tumor	FALSE
GSM4819737_TGGCGCAGTCGATTGT-1	C	Patient SS_2023	Tumor	FALSE
GSM4819737_TGGCTGGAGGCTATCT-1	C	Patient SS_2023	Tumor	FALSE
GSM4819737_TGGCTGGTCGAATCCA-1	C	Patient SS_2023	Tumor	FALSE
GSM4819737_TGGCTGGTCTTTAGTC-1	C	Patient SS_2023	Tumor	FALSE
GSM4819737_TGGGAAGGTTTACTCT-1	C	Patient SS_2023	Tumor	FALSE
GSM4819737_TGGGAAGTCGAGGTAG-1	C	Patient SS_2023	Tumor	FALSE
GSM4819737_TGGGCGTCACCACGTG-1	C	Patient SS_2023	Tumor	FALSE
GSM4819737_TGGGCGTTCTGGTGTA-1	C	Patient SS_2023	Tumor	FALSE
GSM4819737_TGGTTAGCAGACTCGC-1	C	Patient SS_2023	Tumor	FALSE
GSM4819737_TGTATTCCAGGTCTCG-1	C	Patient SS_2023	Tumor	FALSE
GSM4819737_TGTATTCGTCATATGC-1	C	Patient SS_2023	Tumor	FALSE
GSM4819737_TGTATTCGTCCTCCAT-1	C	Patient SS_2023	Tumor	FALSE
GSM4819737_TGTATTCGTGCTAGCC-1	C	Patient SS_2023	Tumor	FALSE
GSM4819737_TGTATTCGTTCCAACA-1	C	Patient SS_2023	Tumor	FALSE
GSM4819737_TGTATTCTCGATGAGG-1	C	Patient SS_2023	Tumor	FALSE
GSM4819737_TGTATTCTCTCTGAGA-1	C	Patient SS_2023	Tumor	TRUE
GSM4819737_TGTCCCAGTACCATCA-1	C	Patient SS_2023	Tumor	FALSE
GSM4819737_TGTCCCAGTGCCTTGG-1	C	Patient SS_2023	Tumor	FALSE
GSM4819737_TGTGGTAGTTAAGATG-1	C	Patient SS_2023	Tumor	FALSE
GSM4819737_TGTGTTTAGTCACGCC-1	C	Patient SS_2023	Tumor	FALSE
GSM4819737_TGTGTTTTCCAGATCA-1	C	Patient SS_2023	Tumor	FALSE
GSM4819737_TGTTCCGCATGTTCCC-1	C	Patient SS_2023	Tumor	TRUE
GSM4819737_TGTTCCGTCAGCACAT-1	C	Patient SS_2023	Tumor	FALSE
GSM4819737_TTAACTCGTATTCTCT-1	C	Patient SS_2023	Tumor	FALSE
GSM4819737_TTAGGACCATATGAGA-1	C	Patient SS_2023	Tumor	FALSE
GSM4819737_TTAGGACTCAGTTAGC-1	C	Patient SS_2023	Tumor	FALSE
GSM4819737_TTAGGACTCGGCATCG-1	C	Patient SS_2023	Tumor	FALSE
GSM4819737_TTAGGCACAAAGTCAA-1	C	Patient SS_2023	Tumor	FALSE
GSM4819737_TTAGTTCAGAGTGAGA-1	C	Patient SS_2023	Tumor	TRUE
GSM4819737_TTAGTTCCAACAACCT-1	C	Patient SS_2023	Tumor	FALSE
GSM4819737_TTAGTTCCACCCATTC-1	C	Patient SS_2023	Tumor	FALSE
GSM4819737_TTAGTTCGTCTGGTCG-1	C	Patient SS_2023	Tumor	FALSE
GSM4819737_TTAGTTCTCTCAACTT-1	C	Patient SS_2023	Tumor	FALSE
GSM4819737_TTATGCTGTCGGCTCA-1	C	Patient SS_2023	Tumor	TRUE
GSM4819737_TTATGCTTCGTCTGAA-1	C	Patient SS_2023	Tumor	FALSE
GSM4819737_TTATGCTTCTGTGCAA-1	C	Patient SS_2023	Tumor	FALSE
GSM4819737_TTCCCAGCAACTGCTA-1	C	Patient SS_2023	Tumor	FALSE
GSM4819737_TTCCCAGCAGAAGCAC-1	C	Patient SS_2023	Tumor	FALSE
GSM4819737_TTCCCAGCAGCATGAG-1	C	Patient SS_2023	Tumor	FALSE
GSM4819737_TTCCCAGTCAGGCCCA-1	C	Patient SS_2023	Tumor	FALSE
GSM4819737_TTCCCAGTCTCAACTT-1	C	Patient SS_2023	Tumor	FALSE
GSM4819737_TTCGAAGTCTTTACGT-1	C	Patient SS_2023	Tumor	FALSE
GSM4819737_TTCGGTCCACGTGAGA-1	C	Patient SS_2023	Tumor	TRUE
GSM4819737_TTCGGTCCATAGACTC-1	C	Patient SS_2023	Tumor	FALSE
GSM4819737_TTCGGTCGTCGAACAG-1	C	Patient SS_2023	Tumor	FALSE
GSM4819737_TTCTACACAAAGGCGT-1	C	Patient SS_2023	Tumor	FALSE
GSM4819737_TTCTACAGTACAGTGG-1	C	Patient SS_2023	Tumor	FALSE
GSM4819737_TTCTCAACAGCCAGAA-1	C	Patient SS_2023	Tumor	FALSE
GSM4819737_TTCTCAAGTAAGCACG-1	C	Patient SS_2023	Tumor	FALSE
GSM4819737_TTCTTAGAGTATCGAA-1	C	Patient SS_2023	Tumor	FALSE
GSM4819737_TTGAACGGTACAGACG-1	C	Patient SS_2023	Tumor	FALSE
GSM4819737_TTGAACGGTACCGTTA-1	C	Patient SS_2023	Tumor	FALSE
GSM4819737_TTGAACGGTGATGATA-1	C	Patient SS_2023	Tumor	FALSE
GSM4819737_TTGAACGTCCTGTAGA-1	C	Patient SS_2023	Tumor	FALSE
GSM4819737_TTGACTTCAGATCTGT-1	C	Patient SS_2023	Tumor	FALSE
GSM4819737_TTGACTTGTATCAGTC-1	C	Patient SS_2023	Tumor	FALSE
GSM4819737_TTGACTTTCGGTCCGA-1	C	Patient SS_2023	Tumor	FALSE
GSM4819737_TTGACTTTCTACGAGT-1	C	Patient SS_2023	Tumor	FALSE
GSM4819737_TTGCCGTCACAGATTC-1	C	Patient SS_2023	Tumor	FALSE
GSM4819737_TTGCCGTTCCCAGGTG-1	C	Patient SS_2023	Tumor	FALSE
GSM4819737_TTGCGTCAGATGCCAG-1	C	Patient SS_2023	Tumor	FALSE
GSM4819737_TTGCGTCAGGGCACTA-1	C	Patient SS_2023	Tumor	FALSE
GSM4819737_TTGCGTCGTCCGTCAG-1	C	Patient SS_2023	Tumor	FALSE
GSM4819737_TTGCGTCTCCTTTCTC-1	C	Patient SS_2023	Tumor	FALSE
GSM4819737_TTGGAACAGCTAAGAT-1	C	Patient SS_2023	Tumor	FALSE
GSM4819737_TTGGAACAGGCCCGTT-1	C	Patient SS_2023	Tumor	FALSE
GSM4819737_TTGGCAACAATTCCTT-1	C	Patient SS_2023	Tumor	FALSE
GSM4819737_TTGGCAATCGTTACAG-1	C	Patient SS_2023	Tumor	FALSE
GSM4819737_TTGGCAATCTGGTGTA-1	C	Patient SS_2023	Tumor	FALSE
GSM4819737_TTGTAGGCATAAGACA-1	C	Patient SS_2023	Tumor	FALSE
GSM4819737_TTGTAGGTCTTGAGGT-1	C	Patient SS_2023	Tumor	FALSE
GSM4819737_TTTACTGTCAACGGGA-1	C	Patient SS_2023	Tumor	TRUE
GSM4819737_TTTACTGTCATCGGAT-1	C	Patient SS_2023	Tumor	FALSE
GSM4819737_TTTATGCCACGGTAGA-1	C	Patient SS_2023	Tumor	FALSE
GSM4819737_TTTATGCGTTGGAGGT-1	C	Patient SS_2023	Tumor	FALSE
GSM4819737_TTTCCTCAGCACCGCT-1	C	Patient SS_2023	Tumor	FALSE
GSM4819737_TTTCCTCGTGCACTTA-1	C	Patient SS_2023	Tumor	FALSE
GSM4819737_TTTCCTCGTTGTCGCG-1	C	Patient SS_2023	Tumor	FALSE
GSM4819737_TTTGCGCAGTGAATTG-1	C	Patient SS_2023	Tumor	FALSE
GSM4819737_TTTGCGCAGTGCGATG-1	C	Patient SS_2023	Tumor	FALSE
GSM4819737_TTTGCGCGTGAGGGTT-1	C	Patient SS_2023	Tumor	FALSE
GSM4819737_TTTGCGCGTTTAGCTG-1	C	Patient SS_2023	Tumor	FALSE
GSM4819737_TTTGGTTAGCTGAAAT-1	C	Patient SS_2023	Tumor	TRUE
GSM4819737_TTTGTCAAGCGTAATA-1	C	Patient SS_2023	Tumor	FALSE
GSM4819737_TTTGTCAGTAGAGGAA-1	C	Patient SS_2023	Tumor	FALSE
GSM4819737_TTTGTCATCTTATCTG-1	C	Patient SS_2023	Tumor	FALSE
GSM4819738_AAACCTGAGTGTTTGC-1	C	Patient SS_2026	Tumor	FALSE
GSM4819738_AAACGGGGTGCCTGGT-1	C	Patient SS_2026	Tumor	FALSE
GSM4819738_AAAGCAACACTTAAGC-1	C	Patient SS_2026	Tumor	FALSE
GSM4819738_AAATGCCCAGCTCGCA-1	C	Patient SS_2026	Tumor	FALSE
GSM4819738_AAATGCCCATGCCCGA-1	C	Patient SS_2026	Tumor	FALSE
GSM4819738_AAATGCCGTCAGTGGA-1	C	Patient SS_2026	Tumor	FALSE
GSM4819738_AACACGTTCTCGAGTA-1	C	Patient SS_2026	Tumor	FALSE
GSM4819738_AACCGCGCAAGTTAAG-1	C	Patient SS_2026	Tumor	FALSE
GSM4819738_AACGTTGGTCGGCACT-1	C	Patient SS_2026	Tumor	FALSE
GSM4819738_AACGTTGGTGGTAACG-1	C	Patient SS_2026	Tumor	FALSE
GSM4819738_AACTCAGAGAGGTAGA-1	C	Patient SS_2026	Tumor	FALSE
GSM4819738_AACTCCCCAGACAGGT-1	C	Patient SS_2026	Tumor	TRUE
GSM4819738_AACTCCCGTGTGAAAT-1	C	Patient SS_2026	Tumor	TRUE
GSM4819738_AACTCTTTCATGTCCC-1	C	Patient SS_2026	Tumor	FALSE
GSM4819738_AACTTTCCATCATCCC-1	C	Patient SS_2026	Tumor	FALSE
GSM4819738_AACTTTCGTGATGTGG-1	C	Patient SS_2026	Tumor	FALSE
GSM4819738_AAGACCTCAAAGAATC-1	C	Patient SS_2026	Tumor	TRUE
GSM4819738_AAGCCGCCAAAGTGCG-1	C	Patient SS_2026	Tumor	FALSE
GSM4819738_AAGGCAGAGAGCAATT-1	C	Patient SS_2026	Tumor	FALSE
GSM4819738_AAGGCAGGTGTGACGA-1	C	Patient SS_2026	Tumor	TRUE
GSM4819738_AAGGCAGTCGACAGCC-1	C	Patient SS_2026	Tumor	FALSE
GSM4819738_AAGTCTGCATGACATC-1	C	Patient SS_2026	Tumor	FALSE
GSM4819738_AATCCAGCATGCATGT-1	C	Patient SS_2026	Tumor	TRUE
GSM4819738_AATCCAGCATTGCGGC-1	C	Patient SS_2026	Tumor	FALSE
GSM4819738_ACACCAAGTTCGCGAC-1	C	Patient SS_2026	Tumor	FALSE
GSM4819738_ACACCCTAGTGGCACA-1	C	Patient SS_2026	Tumor	FALSE
GSM4819738_ACACCCTCACTAAGTC-1	C	Patient SS_2026	Tumor	TRUE
GSM4819738_ACACCGGGTAGCCTAT-1	C	Patient SS_2026	Tumor	FALSE
GSM4819738_ACACTGACAATGGATA-1	C	Patient SS_2026	Tumor	FALSE
GSM4819738_ACACTGACATGTAAGA-1	C	Patient SS_2026	Tumor	TRUE
GSM4819738_ACACTGAGTACGACCC-1	C	Patient SS_2026	Tumor	FALSE
GSM4819738_ACAGCTACACGAAACG-1	C	Patient SS_2026	Tumor	FALSE
GSM4819738_ACAGCTAGTCGTGGCT-1	C	Patient SS_2026	Tumor	TRUE
GSM4819738_ACATACGAGTCAATAG-1	C	Patient SS_2026	Tumor	FALSE
GSM4819738_ACATACGGTAGGGACT-1	C	Patient SS_2026	Tumor	FALSE
GSM4819738_ACATACGGTGAAATCA-1	C	Patient SS_2026	Tumor	FALSE
GSM4819738_ACATACGTCGAGAACG-1	C	Patient SS_2026	Tumor	FALSE
GSM4819738_ACATGGTAGGCTAGGT-1	C	Patient SS_2026	Tumor	FALSE
GSM4819738_ACCAGTATCATGCAAC-1	C	Patient SS_2026	Tumor	FALSE
GSM4819738_ACCAGTATCCAGAAGG-1	C	Patient SS_2026	Tumor	FALSE
GSM4819738_ACCCACTAGAGAACAG-1	C	Patient SS_2026	Tumor	FALSE
GSM4819738_ACCCACTTCCAAAGTC-1	C	Patient SS_2026	Tumor	FALSE
GSM4819738_ACCTTTAAGCACAGGT-1	C	Patient SS_2026	Tumor	FALSE
GSM4819738_ACCTTTAGTCATCGGC-1	C	Patient SS_2026	Tumor	FALSE
GSM4819738_ACGAGCCAGATATGGT-1	C	Patient SS_2026	Tumor	TRUE
GSM4819738_ACGAGCCGTTCAGGCC-1	C	Patient SS_2026	Tumor	TRUE
GSM4819738_ACGAGCCTCGACAGCC-1	C	Patient SS_2026	Tumor	FALSE
GSM4819738_ACGAGGAAGATAGTCA-1	C	Patient SS_2026	Tumor	TRUE
GSM4819738_ACGAGGACACAACGCC-1	C	Patient SS_2026	Tumor	FALSE
GSM4819738_ACGATACTCAGGCCCA-1	C	Patient SS_2026	Tumor	FALSE
GSM4819738_ACGATACTCTAAGCCA-1	C	Patient SS_2026	Tumor	FALSE
GSM4819738_ACGATGTAGATGTGGC-1	C	Patient SS_2026	Tumor	FALSE
GSM4819738_ACGATGTAGCTAGCCC-1	C	Patient SS_2026	Tumor	FALSE
GSM4819738_ACGATGTAGTATCTCG-1	C	Patient SS_2026	Tumor	FALSE
GSM4819738_ACGCAGCAGCGTCTAT-1	C	Patient SS_2026	Tumor	FALSE
GSM4819738_ACGCAGCCAGTGGGAT-1	C	Patient SS_2026	Tumor	FALSE
GSM4819738_ACGCCAGGTCATACTG-1	C	Patient SS_2026	Tumor	FALSE
GSM4819738_ACGCCAGTCCAAGCCG-1	C	Patient SS_2026	Tumor	FALSE
GSM4819738_ACGCCGAAGACTAGAT-1	C	Patient SS_2026	Tumor	FALSE
GSM4819738_ACGCCGACATGCCTAA-1	C	Patient SS_2026	Tumor	FALSE
GSM4819738_ACGGAGAGTTTGTTTC-1	C	Patient SS_2026	Tumor	TRUE
GSM4819738_ACGGAGATCATCGATG-1	C	Patient SS_2026	Tumor	FALSE
GSM4819738_ACGGCCACACAGGTTT-1	C	Patient SS_2026	Tumor	FALSE
GSM4819738_ACGGGCTAGAGATGAG-1	C	Patient SS_2026	Tumor	FALSE
GSM4819738_ACGGGCTGTCACACGC-1	C	Patient SS_2026	Tumor	FALSE
GSM4819738_ACGGGTCAGATCGATA-1	C	Patient SS_2026	Tumor	TRUE
GSM4819738_ACGGGTCCAATAGCAA-1	C	Patient SS_2026	Tumor	TRUE
GSM4819738_ACGGGTCGTGTTTGTG-1	C	Patient SS_2026	Tumor	FALSE
GSM4819738_ACGGGTCGTTAAGAAC-1	C	Patient SS_2026	Tumor	FALSE
GSM4819738_ACGTCAAGTTAGATGA-1	C	Patient SS_2026	Tumor	FALSE
GSM4819738_ACTATCTCATATACGC-1	C	Patient SS_2026	Tumor	FALSE
GSM4819738_ACTATCTTCACCCGAG-1	C	Patient SS_2026	Tumor	TRUE
GSM4819738_ACTGAACGTTTGTTTC-1	C	Patient SS_2026	Tumor	FALSE
GSM4819738_ACTGAGTTCAGCTCTC-1	C	Patient SS_2026	Tumor	FALSE
GSM4819738_ACTGATGGTGGTCCGT-1	C	Patient SS_2026	Tumor	FALSE
GSM4819738_ACTGCTCGTGATGTGG-1	C	Patient SS_2026	Tumor	FALSE
GSM4819738_ACTTGTTCATGCTGGC-1	C	Patient SS_2026	Tumor	FALSE
GSM4819738_ACTTGTTTCAGCGATT-1	C	Patient SS_2026	Tumor	FALSE
GSM4819738_ACTTTCATCAACGGGA-1	C	Patient SS_2026	Tumor	FALSE
GSM4819738_AGAATAGAGGGCTTGA-1	C	Patient SS_2026	Tumor	FALSE
GSM4819738_AGAATAGGTCTCTTTA-1	C	Patient SS_2026	Tumor	FALSE
GSM4819738_AGACGTTAGAAGGTTT-1	C	Patient SS_2026	Tumor	FALSE
GSM4819738_AGAGCGAGTCGATTGT-1	C	Patient SS_2026	Tumor	FALSE
GSM4819738_AGAGCTTAGATGTAAC-1	C	Patient SS_2026	Tumor	FALSE
GSM4819738_AGAGCTTGTGTAAGTA-1	C	Patient SS_2026	Tumor	FALSE
GSM4819738_AGAGCTTTCATGCAAC-1	C	Patient SS_2026	Tumor	FALSE
GSM4819738_AGAGTGGGTACCGGCT-1	C	Patient SS_2026	Tumor	FALSE
GSM4819738_AGATTGCGTGCGATAG-1	C	Patient SS_2026	Tumor	FALSE
GSM4819738_AGCATACAGACGCACA-1	C	Patient SS_2026	Tumor	TRUE
GSM4819738_AGCATACCATGGATGG-1	C	Patient SS_2026	Tumor	FALSE
GSM4819738_AGCATACGTCCCTTGT-1	C	Patient SS_2026	Tumor	TRUE
GSM4819738_AGCCTAAAGGGTCGAT-1	C	Patient SS_2026	Tumor	FALSE
GSM4819738_AGCCTAACAGATCGGA-1	C	Patient SS_2026	Tumor	FALSE
GSM4819738_AGCCTAAGTAACGACG-1	C	Patient SS_2026	Tumor	FALSE
GSM4819738_AGCGGTCAGCTTATCG-1	C	Patient SS_2026	Tumor	FALSE
GSM4819738_AGCGGTCAGGAGTACC-1	C	Patient SS_2026	Tumor	FALSE
GSM4819738_AGCGTATCACTACAGT-1	C	Patient SS_2026	Tumor	TRUE
GSM4819738_AGCGTCGCAGCCAATT-1	C	Patient SS_2026	Tumor	TRUE
GSM4819738_AGCGTCGCAGCGAACA-1	C	Patient SS_2026	Tumor	FALSE
GSM4819738_AGCGTCGCATCGTCGG-1	C	Patient SS_2026	Tumor	FALSE
GSM4819738_AGCTCCTCACTTAAGC-1	C	Patient SS_2026	Tumor	FALSE
GSM4819738_AGCTCCTTCCTTGCCA-1	C	Patient SS_2026	Tumor	FALSE
GSM4819738_AGCTTGAGTATTACCG-1	C	Patient SS_2026	Tumor	FALSE
GSM4819738_AGCTTGAGTCTAAACC-1	C	Patient SS_2026	Tumor	FALSE
GSM4819738_AGGCCACCAAACCCAT-1	C	Patient SS_2026	Tumor	TRUE
GSM4819738_AGGCCACCAGGGAGAG-1	C	Patient SS_2026	Tumor	FALSE
GSM4819738_AGGCCGTAGGTGCAAC-1	C	Patient SS_2026	Tumor	FALSE
GSM4819738_AGGCCGTGTCGGATCC-1	C	Patient SS_2026	Tumor	FALSE
GSM4819738_AGGCCGTGTGCACTTA-1	C	Patient SS_2026	Tumor	FALSE
GSM4819738_AGGCCGTTCAGGTAAA-1	C	Patient SS_2026	Tumor	FALSE
GSM4819738_AGGGAGTCACAGATTC-1	C	Patient SS_2026	Tumor	FALSE
GSM4819738_AGGGAGTGTCGCTTCT-1	C	Patient SS_2026	Tumor	FALSE
GSM4819738_AGGGAGTTCTCGTTTA-1	C	Patient SS_2026	Tumor	FALSE
GSM4819738_AGGGATGAGTGTCTCA-1	C	Patient SS_2026	Tumor	FALSE
GSM4819738_AGGGATGCAGGCAGTA-1	C	Patient SS_2026	Tumor	FALSE
GSM4819738_AGGGATGTCATCATTC-1	C	Patient SS_2026	Tumor	FALSE
GSM4819738_AGGGTGAAGACTGGGT-1	C	Patient SS_2026	Tumor	FALSE
GSM4819738_AGGGTGATCAACACAC-1	C	Patient SS_2026	Tumor	FALSE
GSM4819738_AGGTCATTCCGTAGTA-1	C	Patient SS_2026	Tumor	FALSE
GSM4819738_AGTAGTCAGGCGACAT-1	C	Patient SS_2026	Tumor	FALSE
GSM4819738_AGTCTTTGTCAAACTC-1	C	Patient SS_2026	Tumor	FALSE
GSM4819738_AGTCTTTGTCACAAGG-1	C	Patient SS_2026	Tumor	FALSE
GSM4819738_AGTGAGGAGAGTACAT-1	C	Patient SS_2026	Tumor	TRUE
GSM4819738_AGTGAGGAGGAGTAGA-1	C	Patient SS_2026	Tumor	FALSE
GSM4819738_AGTGAGGAGTTAACGA-1	C	Patient SS_2026	Tumor	FALSE
GSM4819738_AGTGAGGCATCGGAAG-1	C	Patient SS_2026	Tumor	FALSE
GSM4819738_AGTGTCACATGATCCA-1	C	Patient SS_2026	Tumor	FALSE
GSM4819738_ATAAGAGAGTCGAGTG-1	C	Patient SS_2026	Tumor	FALSE
GSM4819738_ATAAGAGTCGGACAAG-1	C	Patient SS_2026	Tumor	FALSE
GSM4819738_ATCATCTAGTGGAGAA-1	C	Patient SS_2026	Tumor	FALSE
GSM4819738_ATCATGGCAAGAGTCG-1	C	Patient SS_2026	Tumor	FALSE
GSM4819738_ATCATGGCATAAAGGT-1	C	Patient SS_2026	Tumor	FALSE
GSM4819738_ATCATGGGTCTCCACT-1	C	Patient SS_2026	Tumor	FALSE
GSM4819738_ATCATGGTCCAGTAGT-1	C	Patient SS_2026	Tumor	FALSE
GSM4819738_ATCATGGTCGAACGGA-1	C	Patient SS_2026	Tumor	FALSE
GSM4819738_ATCCACCAGACCTAGG-1	C	Patient SS_2026	Tumor	FALSE
GSM4819738_ATCCACCCACTTGGAT-1	C	Patient SS_2026	Tumor	FALSE
GSM4819738_ATCCGAATCAGTGCAT-1	C	Patient SS_2026	Tumor	FALSE
GSM4819738_ATCGAGTGTCATACTG-1	C	Patient SS_2026	Tumor	FALSE
GSM4819738_ATCTACTGTCTCTCGT-1	C	Patient SS_2026	Tumor	FALSE
GSM4819738_ATCTGCCAGGAGCGTT-1	C	Patient SS_2026	Tumor	FALSE
GSM4819738_ATCTGCCCAGTTAACC-1	C	Patient SS_2026	Tumor	FALSE
GSM4819738_ATGAGGGAGAGTAAGG-1	C	Patient SS_2026	Tumor	FALSE
GSM4819738_ATGAGGGAGGTCATCT-1	C	Patient SS_2026	Tumor	FALSE
GSM4819738_ATGAGGGCACGGTGTC-1	C	Patient SS_2026	Tumor	TRUE
GSM4819738_ATGAGGGGTGACTACT-1	C	Patient SS_2026	Tumor	FALSE
GSM4819738_ATGAGGGTCGTTACAG-1	C	Patient SS_2026	Tumor	FALSE
GSM4819738_ATGTGTGGTATAAACG-1	C	Patient SS_2026	Tumor	FALSE
GSM4819738_ATGTGTGGTTATTCTC-1	C	Patient SS_2026	Tumor	FALSE
GSM4819738_ATTACTCTCAGATAAG-1	C	Patient SS_2026	Tumor	FALSE
GSM4819738_ATTCTACAGCAGCGTA-1	C	Patient SS_2026	Tumor	FALSE
GSM4819738_ATTCTACAGCTTTGGT-1	C	Patient SS_2026	Tumor	FALSE
GSM4819738_ATTTCTGCAGGGTATG-1	C	Patient SS_2026	Tumor	FALSE
GSM4819738_CAACCAAAGGTGCTAG-1	C	Patient SS_2026	Tumor	FALSE
GSM4819738_CAACCAACAGGTCTCG-1	C	Patient SS_2026	Tumor	FALSE
GSM4819738_CAACCAAGTCTGATTG-1	C	Patient SS_2026	Tumor	FALSE
GSM4819738_CAACCTCGTTGGTAAA-1	C	Patient SS_2026	Tumor	FALSE
GSM4819738_CAACCTCTCAGCCTAA-1	C	Patient SS_2026	Tumor	FALSE
GSM4819738_CAACTAGAGACTGGGT-1	C	Patient SS_2026	Tumor	FALSE
GSM4819738_CAACTAGCAGTAACGG-1	C	Patient SS_2026	Tumor	TRUE
GSM4819738_CAACTAGGTTCCGGCA-1	C	Patient SS_2026	Tumor	FALSE
GSM4819738_CAAGGCCAGAGCCTAG-1	C	Patient SS_2026	Tumor	FALSE
GSM4819738_CAAGGCCCAATCCAAC-1	C	Patient SS_2026	Tumor	FALSE
GSM4819738_CAAGGCCGTTCACCTC-1	C	Patient SS_2026	Tumor	FALSE
GSM4819738_CAAGGCCTCTACCTGC-1	C	Patient SS_2026	Tumor	FALSE
GSM4819738_CAAGTTGTCACCACCT-1	C	Patient SS_2026	Tumor	FALSE
GSM4819738_CACACAAGTATAGGTA-1	C	Patient SS_2026	Tumor	FALSE
GSM4819738_CACACAAGTCTCAACA-1	C	Patient SS_2026	Tumor	FALSE
GSM4819738_CACACAATCAGGTTCA-1	C	Patient SS_2026	Tumor	FALSE
GSM4819738_CACACAATCGCAAACT-1	C	Patient SS_2026	Tumor	FALSE
GSM4819738_CACACAATCGGCGCAT-1	C	Patient SS_2026	Tumor	TRUE
GSM4819738_CACACAATCGTACGGC-1	C	Patient SS_2026	Tumor	FALSE
GSM4819738_CACACCTCACAGACTT-1	C	Patient SS_2026	Tumor	FALSE
GSM4819738_CACACCTCATGCCTAA-1	C	Patient SS_2026	Tumor	FALSE
GSM4819738_CACAGGCTCGCCTGTT-1	C	Patient SS_2026	Tumor	FALSE
GSM4819738_CACAGTAGTACCCAAT-1	C	Patient SS_2026	Tumor	FALSE
GSM4819738_CACATAGGTATTCTCT-1	C	Patient SS_2026	Tumor	FALSE
GSM4819738_CACATTTTCCGTAGTA-1	C	Patient SS_2026	Tumor	TRUE
GSM4819738_CACCACTCACGGTGTC-1	C	Patient SS_2026	Tumor	FALSE
GSM4819738_CACCAGGGTCTCTTAT-1	C	Patient SS_2026	Tumor	FALSE
GSM4819738_CACCTTGGTAGAGTGC-1	C	Patient SS_2026	Tumor	FALSE
GSM4819738_CAGAATCAGCGATCCC-1	C	Patient SS_2026	Tumor	FALSE
GSM4819738_CAGAGAGAGGATGGAA-1	C	Patient SS_2026	Tumor	FALSE
GSM4819738_CAGAGAGTCCAATGGT-1	C	Patient SS_2026	Tumor	FALSE
GSM4819738_CAGATCAAGTGTCCAT-1	C	Patient SS_2026	Tumor	FALSE
GSM4819738_CAGATCAGTTGATTCG-1	C	Patient SS_2026	Tumor	FALSE
GSM4819738_CAGCATATCTTACCGC-1	C	Patient SS_2026	Tumor	FALSE
GSM4819738_CAGCGACCACATAACC-1	C	Patient SS_2026	Tumor	FALSE
GSM4819738_CAGCGACCAGGCTCAC-1	C	Patient SS_2026	Tumor	TRUE
GSM4819738_CAGCGACTCTCGTTTA-1	C	Patient SS_2026	Tumor	FALSE
GSM4819738_CAGCGACTCTTAGAGC-1	C	Patient SS_2026	Tumor	FALSE
GSM4819738_CAGCTAAGTCTAGCCG-1	C	Patient SS_2026	Tumor	FALSE
GSM4819738_CAGGTGCCACCGATAT-1	C	Patient SS_2026	Tumor	FALSE
GSM4819738_CAGGTGCGTCTAAACC-1	C	Patient SS_2026	Tumor	FALSE
GSM4819738_CAGTAACAGTTCGCAT-1	C	Patient SS_2026	Tumor	FALSE
GSM4819738_CAGTAACTCAAACGGG-1	C	Patient SS_2026	Tumor	FALSE
GSM4819738_CAGTAACTCCACGAAT-1	C	Patient SS_2026	Tumor	FALSE
GSM4819738_CAGTCCTCATAGACTC-1	C	Patient SS_2026	Tumor	FALSE
GSM4819738_CAGTCCTCATCGGAAG-1	C	Patient SS_2026	Tumor	TRUE
GSM4819738_CATATGGTCCTTTCTC-1	C	Patient SS_2026	Tumor	FALSE
GSM4819738_CATATGGTCTTGGGTA-1	C	Patient SS_2026	Tumor	FALSE
GSM4819738_CATATTCAGTGGTAGC-1	C	Patient SS_2026	Tumor	FALSE
GSM4819738_CATATTCCAGGACCCT-1	C	Patient SS_2026	Tumor	FALSE
GSM4819738_CATATTCCATCTCGCT-1	C	Patient SS_2026	Tumor	FALSE
GSM4819738_CATCAAGGTAAGAGAG-1	C	Patient SS_2026	Tumor	FALSE
GSM4819738_CATCCACAGATGCGAC-1	C	Patient SS_2026	Tumor	TRUE
GSM4819738_CATCCACGTTGTTTGG-1	C	Patient SS_2026	Tumor	FALSE
GSM4819738_CATCGAAAGGGAAACA-1	C	Patient SS_2026	Tumor	TRUE
GSM4819738_CATCGAAAGGTGGGTT-1	C	Patient SS_2026	Tumor	TRUE
GSM4819738_CATGACATCCTGCAGG-1	C	Patient SS_2026	Tumor	FALSE
GSM4819738_CATGCCTAGGAGTAGA-1	C	Patient SS_2026	Tumor	TRUE
GSM4819738_CATGCCTCATAGGATA-1	C	Patient SS_2026	Tumor	FALSE
GSM4819738_CATGCCTGTCCGTTAA-1	C	Patient SS_2026	Tumor	FALSE
GSM4819738_CATGGCGGTAGCTAAA-1	C	Patient SS_2026	Tumor	TRUE
GSM4819738_CATTATCGTCCTCTTG-1	C	Patient SS_2026	Tumor	FALSE
GSM4819738_CATTATCTCACAAACC-1	C	Patient SS_2026	Tumor	FALSE
GSM4819738_CATTATCTCCCAACGG-1	C	Patient SS_2026	Tumor	FALSE
GSM4819738_CATTCGCAGCCCAGCT-1	C	Patient SS_2026	Tumor	FALSE
GSM4819738_CCAATCCAGCCCAATT-1	C	Patient SS_2026	Tumor	FALSE
GSM4819738_CCACTACCAGTTCATG-1	C	Patient SS_2026	Tumor	FALSE
GSM4819738_CCACTACGTAGGCATG-1	C	Patient SS_2026	Tumor	FALSE
GSM4819738_CCACTACTCGGACAAG-1	C	Patient SS_2026	Tumor	FALSE
GSM4819738_CCAGCGACAATAACGA-1	C	Patient SS_2026	Tumor	FALSE
GSM4819738_CCAGCGACATCGTCGG-1	C	Patient SS_2026	Tumor	FALSE
GSM4819738_CCAGCGAGTAGGACAC-1	C	Patient SS_2026	Tumor	TRUE
GSM4819738_CCAGCGATCCGCGTTT-1	C	Patient SS_2026	Tumor	TRUE
GSM4819738_CCAGCGATCGTTACAG-1	C	Patient SS_2026	Tumor	TRUE
GSM4819738_CCATGTCGTCGCTTTC-1	C	Patient SS_2026	Tumor	FALSE
GSM4819738_CCATGTCTCTGCTGTC-1	C	Patient SS_2026	Tumor	FALSE
GSM4819738_CCATGTCTCTGGAGCC-1	C	Patient SS_2026	Tumor	FALSE
GSM4819738_CCCAATCAGACCTAGG-1	C	Patient SS_2026	Tumor	FALSE
GSM4819738_CCCAATCGTCTCCATC-1	C	Patient SS_2026	Tumor	FALSE
GSM4819738_CCCAGTTCACGGTAGA-1	C	Patient SS_2026	Tumor	FALSE
GSM4819738_CCCAGTTCATAGACTC-1	C	Patient SS_2026	Tumor	TRUE
GSM4819738_CCCATACAGACTCGGA-1	C	Patient SS_2026	Tumor	FALSE
GSM4819738_CCCATACTCACGCGGT-1	C	Patient SS_2026	Tumor	FALSE
GSM4819738_CCCTCCTAGGAGTTTA-1	C	Patient SS_2026	Tumor	FALSE
GSM4819738_CCCTCCTAGTTATCGC-1	C	Patient SS_2026	Tumor	FALSE
GSM4819738_CCCTCCTTCCAAAGTC-1	C	Patient SS_2026	Tumor	FALSE
GSM4819738_CCGGGATCAGACAAAT-1	C	Patient SS_2026	Tumor	FALSE
GSM4819738_CCGGTAGCAAGAGTCG-1	C	Patient SS_2026	Tumor	FALSE
GSM4819738_CCGGTAGCATCCGGGT-1	C	Patient SS_2026	Tumor	TRUE
GSM4819738_CCGGTAGGTTCCAACA-1	C	Patient SS_2026	Tumor	FALSE
GSM4819738_CCGTACTCACTCAGGC-1	C	Patient SS_2026	Tumor	FALSE
GSM4819738_CCGTACTTCGGAGCAA-1	C	Patient SS_2026	Tumor	FALSE
GSM4819738_CCGTGGAAGACCCACC-1	C	Patient SS_2026	Tumor	FALSE
GSM4819738_CCGTGGAAGCTAGTGG-1	C	Patient SS_2026	Tumor	FALSE
GSM4819738_CCGTTCACATAACCTG-1	C	Patient SS_2026	Tumor	FALSE
GSM4819738_CCGTTCAGTGTGACCC-1	C	Patient SS_2026	Tumor	FALSE
GSM4819738_CCTAAAGCAAACGTGG-1	C	Patient SS_2026	Tumor	FALSE
GSM4819738_CCTACACGTTCGGGCT-1	C	Patient SS_2026	Tumor	FALSE
GSM4819738_CCTACACTCCACGTTC-1	C	Patient SS_2026	Tumor	FALSE
GSM4819738_CCTACCAAGTTACGGG-1	C	Patient SS_2026	Tumor	FALSE
GSM4819738_CCTACCAGTACATGTC-1	C	Patient SS_2026	Tumor	FALSE
GSM4819738_CCTACCAGTACTCGCG-1	C	Patient SS_2026	Tumor	FALSE
GSM4819738_CCTCAGTAGATGTGTA-1	C	Patient SS_2026	Tumor	FALSE
GSM4819738_CCTCAGTGTCGGCTCA-1	C	Patient SS_2026	Tumor	FALSE
GSM4819738_CCTCAGTGTCTAGCCG-1	C	Patient SS_2026	Tumor	FALSE
GSM4819738_CCTCTGATCACCTTAT-1	C	Patient SS_2026	Tumor	FALSE
GSM4819738_CCTTTCTTCAGAGGTG-1	C	Patient SS_2026	Tumor	FALSE
GSM4819738_CGAACATCAATGGATA-1	C	Patient SS_2026	Tumor	TRUE
GSM4819738_CGAACATGTCAGATAA-1	C	Patient SS_2026	Tumor	FALSE
GSM4819738_CGAACATTCTATCCCG-1	C	Patient SS_2026	Tumor	FALSE
GSM4819738_CGAATGTTCCATGAGT-1	C	Patient SS_2026	Tumor	FALSE
GSM4819738_CGACCTTCAAAGGAAG-1	C	Patient SS_2026	Tumor	FALSE
GSM4819738_CGACTTCGTCAAAGCG-1	C	Patient SS_2026	Tumor	FALSE
GSM4819738_CGAGAAGAGCCTTGAT-1	C	Patient SS_2026	Tumor	TRUE
GSM4819738_CGAGAAGTCTCGATGA-1	C	Patient SS_2026	Tumor	FALSE
GSM4819738_CGAGCACCACCCATGG-1	C	Patient SS_2026	Tumor	FALSE
GSM4819738_CGAGCCATCTGGGCCA-1	C	Patient SS_2026	Tumor	TRUE
GSM4819738_CGATCGGAGAAGGGTA-1	C	Patient SS_2026	Tumor	FALSE
GSM4819738_CGATCGGCAGTCACTA-1	C	Patient SS_2026	Tumor	FALSE
GSM4819738_CGATCGGCATGGGACA-1	C	Patient SS_2026	Tumor	FALSE
GSM4819738_CGATGGCAGACTCGGA-1	C	Patient SS_2026	Tumor	FALSE
GSM4819738_CGATGGCAGTCTTGCA-1	C	Patient SS_2026	Tumor	FALSE
GSM4819738_CGATGTAAGGCATGGT-1	C	Patient SS_2026	Tumor	FALSE
GSM4819738_CGATGTACAAGTAGTA-1	C	Patient SS_2026	Tumor	FALSE
GSM4819738_CGATGTACACTTGGAT-1	C	Patient SS_2026	Tumor	FALSE
GSM4819738_CGATGTAGTACGCTGC-1	C	Patient SS_2026	Tumor	FALSE
GSM4819738_CGATGTAGTTAAGATG-1	C	Patient SS_2026	Tumor	FALSE
GSM4819738_CGATTGAAGGAGTTTA-1	C	Patient SS_2026	Tumor	TRUE
GSM4819738_CGCGGTAAGCGTTTAC-1	C	Patient SS_2026	Tumor	TRUE
GSM4819738_CGCGGTAGTTACGTCA-1	C	Patient SS_2026	Tumor	FALSE
GSM4819738_CGCGGTATCATTGCGA-1	C	Patient SS_2026	Tumor	FALSE
GSM4819738_CGCGTTTCATATGAGA-1	C	Patient SS_2026	Tumor	FALSE
GSM4819738_CGCTATCGTACCGCTG-1	C	Patient SS_2026	Tumor	FALSE
GSM4819738_CGCTATCGTCTCCACT-1	C	Patient SS_2026	Tumor	FALSE
GSM4819738_CGCTATCGTTCCATGA-1	C	Patient SS_2026	Tumor	TRUE
GSM4819738_CGCTGGACAGATAATG-1	C	Patient SS_2026	Tumor	FALSE
GSM4819738_CGCTTCATCACGAAGG-1	C	Patient SS_2026	Tumor	FALSE
GSM4819738_CGGACGTAGAGACGAA-1	C	Patient SS_2026	Tumor	FALSE
GSM4819738_CGGACGTCACATTCGA-1	C	Patient SS_2026	Tumor	TRUE
GSM4819738_CGGACGTCATGTCGAT-1	C	Patient SS_2026	Tumor	TRUE
GSM4819738_CGGACGTGTACAGCAG-1	C	Patient SS_2026	Tumor	FALSE
GSM4819738_CGGACGTGTCAGAAGC-1	C	Patient SS_2026	Tumor	FALSE
GSM4819738_CGGACGTTCTGTTTGT-1	C	Patient SS_2026	Tumor	FALSE
GSM4819738_CGGACTGCAGCATGAG-1	C	Patient SS_2026	Tumor	FALSE
GSM4819738_CGGACTGTCTTGAGGT-1	C	Patient SS_2026	Tumor	FALSE
GSM4819738_CGGAGCTCAATGAATG-1	C	Patient SS_2026	Tumor	FALSE
GSM4819738_CGGAGCTTCGCCATAA-1	C	Patient SS_2026	Tumor	FALSE
GSM4819738_CGGAGCTTCGTGACAT-1	C	Patient SS_2026	Tumor	FALSE
GSM4819738_CGGCTAGAGTGACTCT-1	C	Patient SS_2026	Tumor	TRUE
GSM4819738_CGGGTCAAGGCATTGG-1	C	Patient SS_2026	Tumor	TRUE
GSM4819738_CGGGTCACAAGAAGAG-1	C	Patient SS_2026	Tumor	FALSE
GSM4819738_CGGGTCAGTATTAGCC-1	C	Patient SS_2026	Tumor	FALSE
GSM4819738_CGTAGCGAGTGTGGCA-1	C	Patient SS_2026	Tumor	TRUE
GSM4819738_CGTAGCGTCCCTAATT-1	C	Patient SS_2026	Tumor	FALSE
GSM4819738_CGTAGGCAGTGGAGAA-1	C	Patient SS_2026	Tumor	FALSE
GSM4819738_CGTCACTCACTGCCAG-1	C	Patient SS_2026	Tumor	FALSE
GSM4819738_CGTCAGGCATTACGAC-1	C	Patient SS_2026	Tumor	FALSE
GSM4819738_CGTCAGGGTTCAGACT-1	C	Patient SS_2026	Tumor	FALSE
GSM4819738_CGTCAGGTCATCACCC-1	C	Patient SS_2026	Tumor	FALSE
GSM4819738_CGTCTACAGCTAAACA-1	C	Patient SS_2026	Tumor	TRUE
GSM4819738_CGTCTACGTAAGTAGT-1	C	Patient SS_2026	Tumor	FALSE
GSM4819738_CGTGAGCTCCGATATG-1	C	Patient SS_2026	Tumor	TRUE
GSM4819738_CGTGTAACAGTTCATG-1	C	Patient SS_2026	Tumor	FALSE
GSM4819738_CGTGTAAGTTTCGCTC-1	C	Patient SS_2026	Tumor	TRUE
GSM4819738_CGTTAGACATTCACTT-1	C	Patient SS_2026	Tumor	FALSE
GSM4819738_CGTTCTGTCCCTCAGT-1	C	Patient SS_2026	Tumor	FALSE
GSM4819738_CGTTGGGGTGGTCTCG-1	C	Patient SS_2026	Tumor	FALSE
GSM4819738_CGTTGGGGTTCAGTAC-1	C	Patient SS_2026	Tumor	FALSE
GSM4819738_CTAACTTAGGCACATG-1	C	Patient SS_2026	Tumor	FALSE
GSM4819738_CTAACTTAGGGTTTCT-1	C	Patient SS_2026	Tumor	FALSE
GSM4819738_CTAACTTCATTCTCAT-1	C	Patient SS_2026	Tumor	FALSE
GSM4819738_CTAACTTTCTTATCTG-1	C	Patient SS_2026	Tumor	FALSE
GSM4819738_CTAATGGAGCCGTCGT-1	C	Patient SS_2026	Tumor	TRUE
GSM4819738_CTACATTCAGCTTAAC-1	C	Patient SS_2026	Tumor	FALSE
GSM4819738_CTACATTGTCCGTCAG-1	C	Patient SS_2026	Tumor	FALSE
GSM4819738_CTACCCAAGAGTACCG-1	C	Patient SS_2026	Tumor	FALSE
GSM4819738_CTACCCACAAGCTGAG-1	C	Patient SS_2026	Tumor	FALSE
GSM4819738_CTAGAGTGTCTAGGTT-1	C	Patient SS_2026	Tumor	FALSE
GSM4819738_CTAGCCTTCGCGATCG-1	C	Patient SS_2026	Tumor	FALSE
GSM4819738_CTCACACAGTATCTCG-1	C	Patient SS_2026	Tumor	FALSE
GSM4819738_CTCACACAGTGACATA-1	C	Patient SS_2026	Tumor	FALSE
GSM4819738_CTCACACTCCCTCTTT-1	C	Patient SS_2026	Tumor	FALSE
GSM4819738_CTCAGAAAGCGTTGCC-1	C	Patient SS_2026	Tumor	FALSE
GSM4819738_CTCAGAAAGGACGAAA-1	C	Patient SS_2026	Tumor	FALSE
GSM4819738_CTCAGAATCTGGCGTG-1	C	Patient SS_2026	Tumor	FALSE
GSM4819738_CTCATTACACGAGAGT-1	C	Patient SS_2026	Tumor	FALSE
GSM4819738_CTCATTATCGCATGAT-1	C	Patient SS_2026	Tumor	FALSE
GSM4819738_CTCATTATCGTACCGG-1	C	Patient SS_2026	Tumor	FALSE
GSM4819738_CTCCTAGGTTTAAGCC-1	C	Patient SS_2026	Tumor	FALSE
GSM4819738_CTCGAAATCCAAGTAC-1	C	Patient SS_2026	Tumor	FALSE
GSM4819738_CTCGAGGGTGATGTGG-1	C	Patient SS_2026	Tumor	FALSE
GSM4819738_CTCGGAGAGGAGTACC-1	C	Patient SS_2026	Tumor	FALSE
GSM4819738_CTCGGGAAGGGAACGG-1	C	Patient SS_2026	Tumor	FALSE
GSM4819738_CTCGGGACAGGAACGT-1	C	Patient SS_2026	Tumor	FALSE
GSM4819738_CTCGGGAGTATCGCAT-1	C	Patient SS_2026	Tumor	FALSE
GSM4819738_CTCTAATAGGTGGGTT-1	C	Patient SS_2026	Tumor	FALSE
GSM4819738_CTCTAATTCTCGAGTA-1	C	Patient SS_2026	Tumor	FALSE
GSM4819738_CTCTACGCAGAAGCAC-1	C	Patient SS_2026	Tumor	FALSE
GSM4819738_CTCTGGTAGACAATAC-1	C	Patient SS_2026	Tumor	FALSE
GSM4819738_CTCTGGTAGTGTACTC-1	C	Patient SS_2026	Tumor	FALSE
GSM4819738_CTGAAACCACTTGGAT-1	C	Patient SS_2026	Tumor	TRUE
GSM4819738_CTGAAACGTATCACCA-1	C	Patient SS_2026	Tumor	FALSE
GSM4819738_CTGAAGTCATACCATG-1	C	Patient SS_2026	Tumor	FALSE
GSM4819738_CTGATAGTCTGCTGCT-1	C	Patient SS_2026	Tumor	FALSE
GSM4819738_CTGCGGAAGTGCAAGC-1	C	Patient SS_2026	Tumor	FALSE
GSM4819738_CTGCGGAGTTGTCTTT-1	C	Patient SS_2026	Tumor	FALSE
GSM4819738_CTGCGGATCAGCGATT-1	C	Patient SS_2026	Tumor	FALSE
GSM4819738_CTGCGGATCCTCATTA-1	C	Patient SS_2026	Tumor	FALSE
GSM4819738_CTGGTCTAGGCATGGT-1	C	Patient SS_2026	Tumor	FALSE
GSM4819738_CTGGTCTCAGACAGGT-1	C	Patient SS_2026	Tumor	FALSE
GSM4819738_CTGGTCTGTCTTCTCG-1	C	Patient SS_2026	Tumor	FALSE
GSM4819738_CTGTGCTAGGTCATCT-1	C	Patient SS_2026	Tumor	TRUE
GSM4819738_CTGTGCTAGTCGTTTG-1	C	Patient SS_2026	Tumor	FALSE
GSM4819738_CTGTTTAAGTGCGTGA-1	C	Patient SS_2026	Tumor	FALSE
GSM4819738_CTTAACTCAGATGGGT-1	C	Patient SS_2026	Tumor	FALSE
GSM4819738_CTTAACTTCAGATAAG-1	C	Patient SS_2026	Tumor	TRUE
GSM4819738_CTTAACTTCATGCAAC-1	C	Patient SS_2026	Tumor	FALSE
GSM4819738_CTTACCGCATCTCCCA-1	C	Patient SS_2026	Tumor	FALSE
GSM4819738_CTTACCGGTCGAATCT-1	C	Patient SS_2026	Tumor	FALSE
GSM4819738_CTTAGGACAAGCGTAG-1	C	Patient SS_2026	Tumor	FALSE
GSM4819738_CTTCTCTTCCGCGGTA-1	C	Patient SS_2026	Tumor	FALSE
GSM4819738_CTTGGCTCATGTCCTC-1	C	Patient SS_2026	Tumor	TRUE
GSM4819738_CTTTGCGCACGTCAGC-1	C	Patient SS_2026	Tumor	FALSE
GSM4819738_GAAACTCGTACACCGC-1	C	Patient SS_2026	Tumor	TRUE
GSM4819738_GAAATGACAGTCAGAG-1	C	Patient SS_2026	Tumor	FALSE
GSM4819738_GAACATCGTTACGTCA-1	C	Patient SS_2026	Tumor	FALSE
GSM4819738_GAACCTAAGGAACTGC-1	C	Patient SS_2026	Tumor	FALSE
GSM4819738_GAACGGAAGATGCCTT-1	C	Patient SS_2026	Tumor	FALSE
GSM4819738_GAACGGAAGTCGTTTG-1	C	Patient SS_2026	Tumor	FALSE
GSM4819738_GAACGGACAAGGTTCT-1	C	Patient SS_2026	Tumor	FALSE
GSM4819738_GAACGGACATGCTGGC-1	C	Patient SS_2026	Tumor	TRUE
GSM4819738_GAATAAGAGCAGATCG-1	C	Patient SS_2026	Tumor	FALSE
GSM4819738_GAATAAGGTTGTTTGG-1	C	Patient SS_2026	Tumor	TRUE
GSM4819738_GAATAAGTCCTGCAGG-1	C	Patient SS_2026	Tumor	FALSE
GSM4819738_GAATGAAAGGACACCA-1	C	Patient SS_2026	Tumor	FALSE
GSM4819738_GAATGAACATGTCGAT-1	C	Patient SS_2026	Tumor	FALSE
GSM4819738_GACACGCAGACAATAC-1	C	Patient SS_2026	Tumor	FALSE
GSM4819738_GACACGCCAATGGAAT-1	C	Patient SS_2026	Tumor	FALSE
GSM4819738_GACACGCGTCTAACGT-1	C	Patient SS_2026	Tumor	FALSE
GSM4819738_GACGCGTAGCCACGTC-1	C	Patient SS_2026	Tumor	TRUE
GSM4819738_GACGCGTAGTAGCGGT-1	C	Patient SS_2026	Tumor	FALSE
GSM4819738_GACGCGTGTTCGAATC-1	C	Patient SS_2026	Tumor	TRUE
GSM4819738_GACGCGTTCCAGAAGG-1	C	Patient SS_2026	Tumor	TRUE
GSM4819738_GACGGCTTCTGCAGTA-1	C	Patient SS_2026	Tumor	FALSE
GSM4819738_GACGTGCTCATCGGAT-1	C	Patient SS_2026	Tumor	TRUE
GSM4819738_GACGTTAAGTGCAAGC-1	C	Patient SS_2026	Tumor	FALSE
GSM4819738_GACGTTAAGTGTGGCA-1	C	Patient SS_2026	Tumor	FALSE
GSM4819738_GACGTTACAAGAGTCG-1	C	Patient SS_2026	Tumor	TRUE
GSM4819738_GACGTTATCTATCCCG-1	C	Patient SS_2026	Tumor	FALSE
GSM4819738_GACTACAAGCGAGAAA-1	C	Patient SS_2026	Tumor	FALSE
GSM4819738_GAGCAGAGTACTTCTT-1	C	Patient SS_2026	Tumor	FALSE
GSM4819738_GAGCAGAGTTTGTTTC-1	C	Patient SS_2026	Tumor	FALSE
GSM4819738_GAGCAGATCGTGGTCG-1	C	Patient SS_2026	Tumor	FALSE
GSM4819738_GAGCAGATCTACTCAT-1	C	Patient SS_2026	Tumor	FALSE
GSM4819738_GAGGTGAGTAATTGGA-1	C	Patient SS_2026	Tumor	TRUE
GSM4819738_GAGTCCGCAGCTGTAT-1	C	Patient SS_2026	Tumor	FALSE
GSM4819738_GAGTCCGTCTGCCCTA-1	C	Patient SS_2026	Tumor	TRUE
GSM4819738_GATCGATCAGTCAGCC-1	C	Patient SS_2026	Tumor	FALSE
GSM4819738_GATCGCGAGTCCTCCT-1	C	Patient SS_2026	Tumor	TRUE
GSM4819738_GATCGTAAGAGTACAT-1	C	Patient SS_2026	Tumor	FALSE
GSM4819738_GATCTAGTCGGTCCGA-1	C	Patient SS_2026	Tumor	FALSE
GSM4819738_GATGAAAGTCGCGGTT-1	C	Patient SS_2026	Tumor	FALSE
GSM4819738_GATGAGGTCCTTCAAT-1	C	Patient SS_2026	Tumor	FALSE
GSM4819738_GATGAGGTCGGCGCAT-1	C	Patient SS_2026	Tumor	FALSE
GSM4819738_GATTCAGAGGACAGCT-1	C	Patient SS_2026	Tumor	FALSE
GSM4819738_GATTCAGAGTGCAAGC-1	C	Patient SS_2026	Tumor	FALSE
GSM4819738_GCAATCAAGTGCAAGC-1	C	Patient SS_2026	Tumor	FALSE
GSM4819738_GCAATCATCACTTCAT-1	C	Patient SS_2026	Tumor	FALSE
GSM4819738_GCACATACACAGGTTT-1	C	Patient SS_2026	Tumor	FALSE
GSM4819738_GCACATACATGGGAAC-1	C	Patient SS_2026	Tumor	FALSE
GSM4819738_GCACATACATTCCTGC-1	C	Patient SS_2026	Tumor	FALSE
GSM4819738_GCAGTTAAGGCTATCT-1	C	Patient SS_2026	Tumor	FALSE
GSM4819738_GCAGTTAAGGGAAACA-1	C	Patient SS_2026	Tumor	FALSE
GSM4819738_GCAGTTACACCAGATT-1	C	Patient SS_2026	Tumor	FALSE
GSM4819738_GCAGTTAGTACCGAGA-1	C	Patient SS_2026	Tumor	TRUE
GSM4819738_GCAGTTAGTCATATCG-1	C	Patient SS_2026	Tumor	FALSE
GSM4819738_GCATACAGTAATAGCA-1	C	Patient SS_2026	Tumor	FALSE
GSM4819738_GCATACATCCTTTCGG-1	C	Patient SS_2026	Tumor	FALSE
GSM4819738_GCATGATAGAACTGTA-1	C	Patient SS_2026	Tumor	FALSE
GSM4819738_GCATGATCAAACAACA-1	C	Patient SS_2026	Tumor	FALSE
GSM4819738_GCATGCGAGACCCACC-1	C	Patient SS_2026	Tumor	FALSE
GSM4819738_GCATGCGCATGGTCAT-1	C	Patient SS_2026	Tumor	FALSE
GSM4819738_GCATGCGGTCCTAGCG-1	C	Patient SS_2026	Tumor	FALSE
GSM4819738_GCATGTATCAACGAAA-1	C	Patient SS_2026	Tumor	FALSE
GSM4819738_GCCAAATTCCAAACAC-1	C	Patient SS_2026	Tumor	FALSE
GSM4819738_GCCTCTATCTGACCTC-1	C	Patient SS_2026	Tumor	TRUE
GSM4819738_GCGACCAAGGCTACGA-1	C	Patient SS_2026	Tumor	TRUE
GSM4819738_GCGCAACCAATGGAGC-1	C	Patient SS_2026	Tumor	FALSE
GSM4819738_GCGCAACGTATAGGTA-1	C	Patient SS_2026	Tumor	TRUE
GSM4819738_GCGCAACTCCATTCTA-1	C	Patient SS_2026	Tumor	FALSE
GSM4819738_GCGCCAATCGGTGTTA-1	C	Patient SS_2026	Tumor	FALSE
GSM4819738_GCGCGATCATCGACGC-1	C	Patient SS_2026	Tumor	FALSE
GSM4819738_GCGGGTTGTCGACTGC-1	C	Patient SS_2026	Tumor	FALSE
GSM4819738_GCTCCTATCAGCATGT-1	C	Patient SS_2026	Tumor	TRUE
GSM4819738_GCTCCTATCGTGACAT-1	C	Patient SS_2026	Tumor	FALSE
GSM4819738_GCTGCAGCATGAACCT-1	C	Patient SS_2026	Tumor	FALSE
GSM4819738_GCTGCAGTCGTTACAG-1	C	Patient SS_2026	Tumor	FALSE
GSM4819738_GCTGCGAGTCTGATCA-1	C	Patient SS_2026	Tumor	FALSE
GSM4819738_GCTGCTTCACCCATTC-1	C	Patient SS_2026	Tumor	FALSE
GSM4819738_GCTGGGTAGAAGGCCT-1	C	Patient SS_2026	Tumor	FALSE
GSM4819738_GCTGGGTGTTCAGGCC-1	C	Patient SS_2026	Tumor	TRUE
GSM4819738_GCTTCCATCTGATTCT-1	C	Patient SS_2026	Tumor	TRUE
GSM4819738_GGAAAGCAGTTAGGTA-1	C	Patient SS_2026	Tumor	FALSE
GSM4819738_GGAAAGCCAGCTGGCT-1	C	Patient SS_2026	Tumor	FALSE
GSM4819738_GGAAAGCTCGATGAGG-1	C	Patient SS_2026	Tumor	FALSE
GSM4819738_GGAACTTTCCACGTGG-1	C	Patient SS_2026	Tumor	FALSE
GSM4819738_GGAACTTTCGCGTAGC-1	C	Patient SS_2026	Tumor	FALSE
GSM4819738_GGAATAAAGGACGAAA-1	C	Patient SS_2026	Tumor	FALSE
GSM4819738_GGAATAAAGGCAATTA-1	C	Patient SS_2026	Tumor	FALSE
GSM4819738_GGAATAAAGTTTCCTT-1	C	Patient SS_2026	Tumor	FALSE
GSM4819738_GGACAGACACACTGCG-1	C	Patient SS_2026	Tumor	FALSE
GSM4819738_GGACATTAGAATTCCC-1	C	Patient SS_2026	Tumor	FALSE
GSM4819738_GGACATTAGCTACCTA-1	C	Patient SS_2026	Tumor	TRUE
GSM4819738_GGAGCAAGTTATCACG-1	C	Patient SS_2026	Tumor	TRUE
GSM4819738_GGATTACAGCATGGCA-1	C	Patient SS_2026	Tumor	FALSE
GSM4819738_GGATTACCACTTAACG-1	C	Patient SS_2026	Tumor	FALSE
GSM4819738_GGATTACGTACAGCAG-1	C	Patient SS_2026	Tumor	FALSE
GSM4819738_GGATTACTCATTCACT-1	C	Patient SS_2026	Tumor	FALSE
GSM4819738_GGCAATTAGATGTCGG-1	C	Patient SS_2026	Tumor	FALSE
GSM4819738_GGCAATTTCTAGCACA-1	C	Patient SS_2026	Tumor	FALSE
GSM4819738_GGCCGATGTCTCACCT-1	C	Patient SS_2026	Tumor	FALSE
GSM4819738_GGCGACTAGAAGCCCA-1	C	Patient SS_2026	Tumor	FALSE
GSM4819738_GGCGACTGTCGAATCT-1	C	Patient SS_2026	Tumor	FALSE
GSM4819738_GGCGTGTGTACAGTTC-1	C	Patient SS_2026	Tumor	FALSE
GSM4819738_GGCTCGAGTTACAGAA-1	C	Patient SS_2026	Tumor	FALSE
GSM4819738_GGCTGGTGTTGGTTTG-1	C	Patient SS_2026	Tumor	FALSE
GSM4819738_GGCTGGTTCTCTTATG-1	C	Patient SS_2026	Tumor	FALSE
GSM4819738_GGGACCTAGGACTGGT-1	C	Patient SS_2026	Tumor	FALSE
GSM4819738_GGGACCTTCTTGCATT-1	C	Patient SS_2026	Tumor	FALSE
GSM4819738_GGGAGATAGCGTCAAG-1	C	Patient SS_2026	Tumor	FALSE
GSM4819738_GGGATGAGTATAAACG-1	C	Patient SS_2026	Tumor	FALSE
GSM4819738_GGGCACTAGAAACGCC-1	C	Patient SS_2026	Tumor	FALSE
GSM4819738_GGGCACTCAACACCTA-1	C	Patient SS_2026	Tumor	FALSE
GSM4819738_GGGCACTCAAGAGGCT-1	C	Patient SS_2026	Tumor	FALSE
GSM4819738_GGGCATCAGAGCAATT-1	C	Patient SS_2026	Tumor	FALSE
GSM4819738_GGGCATCAGCAAATCA-1	C	Patient SS_2026	Tumor	FALSE
GSM4819738_GGGCATCGTATGCTTG-1	C	Patient SS_2026	Tumor	FALSE
GSM4819738_GGGCATCTCCTTTCTC-1	C	Patient SS_2026	Tumor	FALSE
GSM4819738_GGGTTGCAGGTGATAT-1	C	Patient SS_2026	Tumor	FALSE
GSM4819738_GGGTTGCAGTCGAGTG-1	C	Patient SS_2026	Tumor	TRUE
GSM4819738_GGTGAAGGTAAGGGCT-1	C	Patient SS_2026	Tumor	FALSE
GSM4819738_GGTGAAGTCAGCTTAG-1	C	Patient SS_2026	Tumor	FALSE
GSM4819738_GGTGCGTCAACAACCT-1	C	Patient SS_2026	Tumor	FALSE
GSM4819738_GTAACGTTCCCAACGG-1	C	Patient SS_2026	Tumor	TRUE
GSM4819738_GTAACTGAGGACACCA-1	C	Patient SS_2026	Tumor	TRUE
GSM4819738_GTAACTGGTAAGGATT-1	C	Patient SS_2026	Tumor	FALSE
GSM4819738_GTACTCCTCGGCTACG-1	C	Patient SS_2026	Tumor	FALSE
GSM4819738_GTAGGCCAGTTCCACA-1	C	Patient SS_2026	Tumor	FALSE
GSM4819738_GTAGTCAAGTGTTAGA-1	C	Patient SS_2026	Tumor	FALSE
GSM4819738_GTATCTTGTAGAAGGA-1	C	Patient SS_2026	Tumor	FALSE
GSM4819738_GTCAAGTCAGTTCCCT-1	C	Patient SS_2026	Tumor	FALSE
GSM4819738_GTCACAAAGAGCAATT-1	C	Patient SS_2026	Tumor	FALSE
GSM4819738_GTCACGGAGACATAAC-1	C	Patient SS_2026	Tumor	TRUE
GSM4819738_GTCACGGAGGCGACAT-1	C	Patient SS_2026	Tumor	FALSE
GSM4819738_GTCACGGCAGCCTTTC-1	C	Patient SS_2026	Tumor	FALSE
GSM4819738_GTCCTCACATGCCTAA-1	C	Patient SS_2026	Tumor	FALSE
GSM4819738_GTCCTCAGTCGGCACT-1	C	Patient SS_2026	Tumor	FALSE
GSM4819738_GTCCTCAGTCTGCAAT-1	C	Patient SS_2026	Tumor	FALSE
GSM4819738_GTCGGGTTCTTCAACT-1	C	Patient SS_2026	Tumor	FALSE
GSM4819738_GTCGTAAGTCATGCAT-1	C	Patient SS_2026	Tumor	FALSE
GSM4819738_GTCTCGTTCACGGTTA-1	C	Patient SS_2026	Tumor	FALSE
GSM4819738_GTCTTCGGTAGCGATG-1	C	Patient SS_2026	Tumor	FALSE
GSM4819738_GTGAAGGCATATGCTG-1	C	Patient SS_2026	Tumor	TRUE
GSM4819738_GTGAAGGTCGCTTGTC-1	C	Patient SS_2026	Tumor	FALSE
GSM4819738_GTGCAGCAGCCCAACC-1	C	Patient SS_2026	Tumor	FALSE
GSM4819738_GTGCATATCTACGAGT-1	C	Patient SS_2026	Tumor	FALSE
GSM4819738_GTGCGGTGTAAAGTCA-1	C	Patient SS_2026	Tumor	FALSE
GSM4819738_GTGGGTCTCAGAGGTG-1	C	Patient SS_2026	Tumor	FALSE
GSM4819738_GTGTTAGGTACCCAAT-1	C	Patient SS_2026	Tumor	FALSE
GSM4819738_GTTACAGAGCGATATA-1	C	Patient SS_2026	Tumor	FALSE
GSM4819738_GTTACAGGTAGCTCCG-1	C	Patient SS_2026	Tumor	FALSE
GSM4819738_GTTCATTAGCGTTGCC-1	C	Patient SS_2026	Tumor	FALSE
GSM4819738_GTTCATTAGGTACTCT-1	C	Patient SS_2026	Tumor	FALSE
GSM4819738_GTTCATTGTAAACACA-1	C	Patient SS_2026	Tumor	TRUE
GSM4819738_GTTCGGGCAGTGGGAT-1	C	Patient SS_2026	Tumor	TRUE
GSM4819738_GTTCTCGGTCCGAAGA-1	C	Patient SS_2026	Tumor	FALSE
GSM4819738_GTTTCTAAGAGTGACC-1	C	Patient SS_2026	Tumor	TRUE
GSM4819738_TAAGAGACATTGGGCC-1	C	Patient SS_2026	Tumor	TRUE
GSM4819738_TAAGAGATCCTCTAGC-1	C	Patient SS_2026	Tumor	FALSE
GSM4819738_TAAGTGCCAACACCCG-1	C	Patient SS_2026	Tumor	FALSE
GSM4819738_TAAGTGCGTCACACGC-1	C	Patient SS_2026	Tumor	FALSE
GSM4819738_TACACGAAGTTTAGGA-1	C	Patient SS_2026	Tumor	FALSE
GSM4819738_TACACGAGTTCAGACT-1	C	Patient SS_2026	Tumor	FALSE
GSM4819738_TACAGTGAGGCTAGCA-1	C	Patient SS_2026	Tumor	FALSE
GSM4819738_TACAGTGAGGTTCCTA-1	C	Patient SS_2026	Tumor	FALSE
GSM4819738_TACCTTAAGAAACGCC-1	C	Patient SS_2026	Tumor	FALSE
GSM4819738_TACCTTAAGACGCAAC-1	C	Patient SS_2026	Tumor	FALSE
GSM4819738_TACCTTAAGTGACTCT-1	C	Patient SS_2026	Tumor	FALSE
GSM4819738_TACGGATTCTGGTTCC-1	C	Patient SS_2026	Tumor	FALSE
GSM4819738_TACGGGCCACACTGCG-1	C	Patient SS_2026	Tumor	TRUE
GSM4819738_TACGGGCCACTGTGTA-1	C	Patient SS_2026	Tumor	FALSE
GSM4819738_TACGGTACAATAGAGT-1	C	Patient SS_2026	Tumor	FALSE
GSM4819738_TACTCATTCTCGTTTA-1	C	Patient SS_2026	Tumor	FALSE
GSM4819738_TACTCGCCATCCCATC-1	C	Patient SS_2026	Tumor	TRUE
GSM4819738_TACTTACGTGTTCTTT-1	C	Patient SS_2026	Tumor	FALSE
GSM4819738_TACTTGTTCAGTGCAT-1	C	Patient SS_2026	Tumor	FALSE
GSM4819738_TAGACCATCCGCGCAA-1	C	Patient SS_2026	Tumor	FALSE
GSM4819738_TAGAGCTTCGCGTAGC-1	C	Patient SS_2026	Tumor	TRUE
GSM4819738_TAGCCGGGTTCGGCAC-1	C	Patient SS_2026	Tumor	FALSE
GSM4819738_TAGCCGGGTTCGTCTC-1	C	Patient SS_2026	Tumor	TRUE
GSM4819738_TAGGCATAGAAGCCCA-1	C	Patient SS_2026	Tumor	FALSE
GSM4819738_TAGTGGTAGAAGCCCA-1	C	Patient SS_2026	Tumor	FALSE
GSM4819738_TAGTTGGTCGGGAGTA-1	C	Patient SS_2026	Tumor	FALSE
GSM4819738_TAGTTGGTCTCGCATC-1	C	Patient SS_2026	Tumor	FALSE
GSM4819738_TATTACCCAGATGGCA-1	C	Patient SS_2026	Tumor	FALSE
GSM4819738_TATTACCTCAACGGGA-1	C	Patient SS_2026	Tumor	FALSE
GSM4819738_TCAACGAAGGGCACTA-1	C	Patient SS_2026	Tumor	FALSE
GSM4819738_TCAACGAAGGTAGCTG-1	C	Patient SS_2026	Tumor	FALSE
GSM4819738_TCAATCTGTCACCCAG-1	C	Patient SS_2026	Tumor	FALSE
GSM4819738_TCAATCTGTCGAGTTT-1	C	Patient SS_2026	Tumor	FALSE
GSM4819738_TCAATCTTCTTGTTTG-1	C	Patient SS_2026	Tumor	FALSE
GSM4819738_TCACGAACATTCCTGC-1	C	Patient SS_2026	Tumor	FALSE
GSM4819738_TCAGATGCATTGGTAC-1	C	Patient SS_2026	Tumor	FALSE
GSM4819738_TCAGCAAAGAATAGGG-1	C	Patient SS_2026	Tumor	FALSE
GSM4819738_TCAGCAAAGCGCCTCA-1	C	Patient SS_2026	Tumor	FALSE
GSM4819738_TCAGCTCCATGATCCA-1	C	Patient SS_2026	Tumor	FALSE
GSM4819738_TCAGCTCGTAGCGTGA-1	C	Patient SS_2026	Tumor	TRUE
GSM4819738_TCAGCTCGTGTGACGA-1	C	Patient SS_2026	Tumor	FALSE
GSM4819738_TCAGGATTCTACTCAT-1	C	Patient SS_2026	Tumor	FALSE
GSM4819738_TCAGGATTCTTAGAGC-1	C	Patient SS_2026	Tumor	FALSE
GSM4819738_TCAGGTATCAATCTCT-1	C	Patient SS_2026	Tumor	TRUE
GSM4819738_TCAGGTATCAGAAATG-1	C	Patient SS_2026	Tumor	FALSE
GSM4819738_TCAGGTATCCCTTGTG-1	C	Patient SS_2026	Tumor	FALSE
GSM4819738_TCATTACCAAAGTGCG-1	C	Patient SS_2026	Tumor	FALSE
GSM4819738_TCCACACTCTTACCTA-1	C	Patient SS_2026	Tumor	FALSE
GSM4819738_TCCCGATAGCTAGTTC-1	C	Patient SS_2026	Tumor	FALSE
GSM4819738_TCCCGATCATTCACTT-1	C	Patient SS_2026	Tumor	FALSE
GSM4819738_TCCCGATGTAGCCTAT-1	C	Patient SS_2026	Tumor	TRUE
GSM4819738_TCGAGGCCACTTCGAA-1	C	Patient SS_2026	Tumor	FALSE
GSM4819738_TCGAGGCGTGTGCGTC-1	C	Patient SS_2026	Tumor	FALSE
GSM4819738_TCGCGAGAGAAGGCCT-1	C	Patient SS_2026	Tumor	FALSE
GSM4819738_TCGCGAGTCCAAACTG-1	C	Patient SS_2026	Tumor	FALSE
GSM4819738_TCGGGACAGCTGAACG-1	C	Patient SS_2026	Tumor	FALSE
GSM4819738_TCGGGACCACCAACCG-1	C	Patient SS_2026	Tumor	FALSE
GSM4819738_TCGGGACTCCCATTTA-1	C	Patient SS_2026	Tumor	FALSE
GSM4819738_TCGGTAAAGGTTACCT-1	C	Patient SS_2026	Tumor	FALSE
GSM4819738_TCGGTAACAATGAATG-1	C	Patient SS_2026	Tumor	FALSE
GSM4819738_TCTCATAAGAAGATTC-1	C	Patient SS_2026	Tumor	FALSE
GSM4819738_TCTCATAGTGCAGTAG-1	C	Patient SS_2026	Tumor	FALSE
GSM4819738_TCTCTAACAAGCTGTT-1	C	Patient SS_2026	Tumor	FALSE
GSM4819738_TCTCTAAGTAGAAGGA-1	C	Patient SS_2026	Tumor	FALSE
GSM4819738_TCTCTAATCGAGCCCA-1	C	Patient SS_2026	Tumor	FALSE
GSM4819738_TCTTCGGAGAACTCGG-1	C	Patient SS_2026	Tumor	FALSE
GSM4819738_TCTTCGGAGGCTAGGT-1	C	Patient SS_2026	Tumor	FALSE
GSM4819738_TCTTCGGCAATGGAAT-1	C	Patient SS_2026	Tumor	FALSE
GSM4819738_TCTTCGGCATGTCCTC-1	C	Patient SS_2026	Tumor	FALSE
GSM4819738_TCTTTCCAGCGAGAAA-1	C	Patient SS_2026	Tumor	FALSE
GSM4819738_TCTTTCCAGTCGAGTG-1	C	Patient SS_2026	Tumor	FALSE
GSM4819738_TCTTTCCCAATTCCTT-1	C	Patient SS_2026	Tumor	FALSE
GSM4819738_TCTTTCCCAGTATCTG-1	C	Patient SS_2026	Tumor	TRUE
GSM4819738_TGACAACGTTTGTTTC-1	C	Patient SS_2026	Tumor	FALSE
GSM4819738_TGACGGCAGCAATCTC-1	C	Patient SS_2026	Tumor	FALSE
GSM4819738_TGACTAGGTAAAGGAG-1	C	Patient SS_2026	Tumor	FALSE
GSM4819738_TGACTTTAGCCAGTAG-1	C	Patient SS_2026	Tumor	TRUE
GSM4819738_TGACTTTAGTTAGGTA-1	C	Patient SS_2026	Tumor	FALSE
GSM4819738_TGACTTTTCAACACCA-1	C	Patient SS_2026	Tumor	FALSE
GSM4819738_TGAGAGGGTGGCGAAT-1	C	Patient SS_2026	Tumor	FALSE
GSM4819738_TGAGCATCATATGCTG-1	C	Patient SS_2026	Tumor	FALSE
GSM4819738_TGAGCATCATTCACTT-1	C	Patient SS_2026	Tumor	FALSE
GSM4819738_TGAGGGAAGCCACGTC-1	C	Patient SS_2026	Tumor	FALSE
GSM4819738_TGAGGGATCGCTTAGA-1	C	Patient SS_2026	Tumor	FALSE
GSM4819738_TGCACCTAGACGACGT-1	C	Patient SS_2026	Tumor	FALSE
GSM4819738_TGCACCTTCAGCTCTC-1	C	Patient SS_2026	Tumor	FALSE
GSM4819738_TGCCCATCAGCCTTTC-1	C	Patient SS_2026	Tumor	FALSE
GSM4819738_TGCCCATGTGCCTGTG-1	C	Patient SS_2026	Tumor	TRUE
GSM4819738_TGCGCAGCACCTGGTG-1	C	Patient SS_2026	Tumor	FALSE
GSM4819738_TGCGGGTAGCCGCCTA-1	C	Patient SS_2026	Tumor	FALSE
GSM4819738_TGCGTGGGTGCTCTTC-1	C	Patient SS_2026	Tumor	FALSE
GSM4819738_TGCTACCGTGGAAAGA-1	C	Patient SS_2026	Tumor	FALSE
GSM4819738_TGCTGCTCAGACGCAA-1	C	Patient SS_2026	Tumor	TRUE
GSM4819738_TGCTGCTCATACAGCT-1	C	Patient SS_2026	Tumor	FALSE
GSM4819738_TGCTGCTGTTGGTGGA-1	C	Patient SS_2026	Tumor	TRUE
GSM4819738_TGGACGCAGTAGTGCG-1	C	Patient SS_2026	Tumor	FALSE
GSM4819738_TGGACGCGTGCAGTAG-1	C	Patient SS_2026	Tumor	FALSE
GSM4819738_TGGCCAGCAGATCCAT-1	C	Patient SS_2026	Tumor	FALSE
GSM4819738_TGGCGCATCAGTTCGA-1	C	Patient SS_2026	Tumor	FALSE
GSM4819738_TGGCGCATCGTTTAGG-1	C	Patient SS_2026	Tumor	FALSE
GSM4819738_TGGCGCATCTGACCTC-1	C	Patient SS_2026	Tumor	FALSE
GSM4819738_TGGCGCATCTTGGGTA-1	C	Patient SS_2026	Tumor	FALSE
GSM4819738_TGGCTGGAGGAACTGC-1	C	Patient SS_2026	Tumor	TRUE
GSM4819738_TGGGAAGCAGCTTAAC-1	C	Patient SS_2026	Tumor	FALSE
GSM4819738_TGGGAAGCATCGATGT-1	C	Patient SS_2026	Tumor	FALSE
GSM4819738_TGGGAAGGTTCGTTGA-1	C	Patient SS_2026	Tumor	FALSE
GSM4819738_TGGTTAGAGTCCGGTC-1	C	Patient SS_2026	Tumor	FALSE
GSM4819738_TGTATTCAGTACGATA-1	C	Patient SS_2026	Tumor	FALSE
GSM4819738_TGTATTCCATGCCTAA-1	C	Patient SS_2026	Tumor	FALSE
GSM4819738_TGTATTCGTAGGAGTC-1	C	Patient SS_2026	Tumor	FALSE
GSM4819738_TGTCCCAAGATGGCGT-1	C	Patient SS_2026	Tumor	FALSE
GSM4819738_TGTCCCACACCAGGTC-1	C	Patient SS_2026	Tumor	FALSE
GSM4819738_TGTCCCAGTGGCAAAC-1	C	Patient SS_2026	Tumor	FALSE
GSM4819738_TGTTCCGTCCATGAAC-1	C	Patient SS_2026	Tumor	FALSE
GSM4819738_TGTTCCGTCTGTTGAG-1	C	Patient SS_2026	Tumor	FALSE
GSM4819738_TTAGGACGTCTCAACA-1	C	Patient SS_2026	Tumor	FALSE
GSM4819738_TTAGGCAGTGTTCTTT-1	C	Patient SS_2026	Tumor	FALSE
GSM4819738_TTAGTTCCAGACAAAT-1	C	Patient SS_2026	Tumor	FALSE
GSM4819738_TTATGCTAGGCGTACA-1	C	Patient SS_2026	Tumor	FALSE
GSM4819738_TTATGCTCAGGGAGAG-1	C	Patient SS_2026	Tumor	FALSE
GSM4819738_TTATGCTGTCGACTAT-1	C	Patient SS_2026	Tumor	FALSE
GSM4819738_TTCCCAGAGTCGTACT-1	C	Patient SS_2026	Tumor	FALSE
GSM4819738_TTCCCAGTCCAGATCA-1	C	Patient SS_2026	Tumor	FALSE
GSM4819738_TTCCCAGTCTACTTAC-1	C	Patient SS_2026	Tumor	FALSE
GSM4819738_TTCGGTCAGGATGCGT-1	C	Patient SS_2026	Tumor	FALSE
GSM4819738_TTCTCCTGTCTGCGGT-1	C	Patient SS_2026	Tumor	TRUE
GSM4819738_TTCTTAGCATAGGATA-1	C	Patient SS_2026	Tumor	FALSE
GSM4819738_TTGAACGTCTCGGACG-1	C	Patient SS_2026	Tumor	FALSE
GSM4819738_TTGCCGTAGTGCGATG-1	C	Patient SS_2026	Tumor	FALSE
GSM4819738_TTGCCGTCACATGACT-1	C	Patient SS_2026	Tumor	FALSE
GSM4819738_TTGCGTCCACAGGAGT-1	C	Patient SS_2026	Tumor	FALSE
GSM4819738_TTGGAACCATGCCTAA-1	C	Patient SS_2026	Tumor	FALSE
GSM4819738_TTGGAACCATGGGACA-1	C	Patient SS_2026	Tumor	FALSE
GSM4819738_TTGGAACTCTGTTTGT-1	C	Patient SS_2026	Tumor	FALSE
GSM4819738_TTGGCAAAGCAGGCTA-1	C	Patient SS_2026	Tumor	FALSE
GSM4819738_TTGTAGGGTTTGGGCC-1	C	Patient SS_2026	Tumor	FALSE
GSM4819738_TTGTAGGTCGCCTGAG-1	C	Patient SS_2026	Tumor	FALSE
GSM4819738_TTTACTGCATGAACCT-1	C	Patient SS_2026	Tumor	FALSE
GSM4819738_TTTACTGGTCGGCTCA-1	C	Patient SS_2026	Tumor	FALSE
GSM4819738_TTTACTGTCCAGTAGT-1	C	Patient SS_2026	Tumor	FALSE
GSM4819738_TTTATGCAGCGCCTTG-1	C	Patient SS_2026	Tumor	TRUE
GSM4819738_TTTATGCGTTCCATGA-1	C	Patient SS_2026	Tumor	FALSE
GSM4819738_TTTCCTCTCCAGTAGT-1	C	Patient SS_2026	Tumor	FALSE
GSM4819738_TTTGCGCGTATAGGGC-1	C	Patient SS_2026	Tumor	FALSE
GSM4819738_TTTGGTTGTGTTCGAT-1	C	Patient SS_2026	Tumor	FALSE
GSM4819738_TTTGTCAAGTTGTCGT-1	C	Patient SS_2026	Tumor	FALSE
